heap_index,root_mask,transitions,frontier_mismatches,direct_false_accepts,stale_false_accepts,root_false_accepts,phase_false_accepts,annotation_false_accepts,full_obligations,frontier_obligations,checker_replays,checker_mismatches,checker_steps
0,0,60,0,0,0,0,0,42,51,51,60,0,216
1,0,60,0,0,0,1,0,43,64,64,60,0,258
2,0,60,0,0,0,1,0,43,64,64,60,0,258
3,0,60,0,0,0,0,0,42,51,51,60,0,218
4,0,60,0,0,0,0,0,42,51,51,60,0,216
5,0,60,0,0,0,0,0,43,64,64,60,0,258
6,0,60,0,0,0,0,0,43,64,64,60,0,258
7,0,60,0,0,0,0,0,42,51,51,60,0,218
8,0,60,0,0,0,2,0,31,51,51,60,0,237
8,4,60,0,0,2,4,0,34,98,54,60,0,348
9,0,60,0,0,0,10,0,40,64,64,60,0,301
10,0,60,0,0,0,10,0,40,64,64,60,0,301
11,0,60,0,0,0,2,0,31,51,51,60,0,261
11,4,60,0,0,2,4,0,34,98,58,60,0,356
12,0,60,0,0,0,0,0,31,51,51,60,0,237
12,4,60,0,0,2,0,0,34,98,54,60,0,348
13,0,60,0,0,0,2,1,41,64,64,60,0,301
14,0,60,0,0,0,2,1,41,64,64,60,0,301
15,0,60,0,0,0,0,0,31,51,51,60,0,261
15,4,60,0,0,2,0,0,34,98,58,60,0,356
16,0,60,0,0,0,1,0,43,64,64,60,0,258
17,0,60,0,0,0,2,0,44,77,77,60,0,300
18,0,60,0,0,0,2,0,44,84,84,60,0,324
19,0,60,0,0,0,1,0,43,64,64,60,0,260
20,0,60,0,0,0,1,0,43,64,64,60,0,258
21,0,60,0,0,0,1,0,44,77,77,60,0,300
22,0,60,0,0,0,1,0,44,84,84,60,0,324
23,0,60,0,0,0,1,0,43,64,64,60,0,260
24,0,60,0,0,0,3,0,32,64,64,60,0,280
24,4,60,0,0,2,5,0,35,110,66,60,0,387
25,0,60,0,0,0,11,0,41,77,77,60,0,346
26,0,60,0,0,0,12,0,42,84,84,60,0,370
27,0,60,0,0,0,3,0,32,64,64,60,0,306
27,4,60,0,0,2,5,0,35,110,70,60,0,395
28,0,60,0,0,0,1,0,32,64,64,60,0,280
28,4,60,0,0,2,1,0,35,110,66,60,0,387
29,0,60,0,0,0,3,1,42,77,77,60,0,346
30,0,60,0,0,0,3,0,42,84,84,60,0,370
31,0,60,0,0,0,1,0,32,64,64,60,0,306
31,4,60,0,0,2,1,0,35,110,70,60,0,395
32,0,60,0,0,0,0,0,42,51,51,60,0,218
33,0,60,0,0,0,1,0,43,64,64,60,0,260
34,0,60,0,0,0,1,0,43,64,64,60,0,262
35,0,60,0,0,0,0,0,42,51,51,60,0,220
36,0,60,0,0,0,0,0,42,51,51,60,0,218
37,0,60,0,0,0,0,0,43,64,64,60,0,260
38,0,60,0,0,0,0,0,43,64,64,60,0,262
39,0,60,0,0,0,0,0,42,51,51,60,0,220
40,0,60,0,0,0,2,0,31,51,51,60,0,239
40,4,60,0,0,2,4,0,34,98,54,60,0,350
41,0,60,0,0,0,10,0,40,64,64,60,0,303
42,0,60,0,0,0,10,0,40,64,64,60,0,305
43,0,60,0,0,0,2,0,31,51,51,60,0,263
43,4,60,0,0,2,4,0,34,98,58,60,0,358
44,0,60,0,0,0,0,0,31,51,51,60,0,239
44,4,60,0,0,2,0,0,34,98,54,60,0,350
45,0,60,0,0,0,2,1,41,64,64,60,0,303
46,0,60,0,0,0,2,1,41,64,64,60,0,305
47,0,60,0,0,0,0,0,31,51,51,60,0,263
47,4,60,0,0,2,0,0,34,98,58,60,0,358
48,0,60,0,0,0,1,0,43,64,64,60,0,258
49,0,60,0,0,0,2,0,44,84,84,60,0,324
50,0,60,0,0,0,2,0,44,77,77,60,0,304
51,0,60,0,0,0,1,0,43,64,64,60,0,262
52,0,60,0,0,0,1,0,43,64,64,60,0,258
53,0,60,0,0,0,1,0,44,84,84,60,0,324
54,0,60,0,0,0,1,0,44,77,77,60,0,304
55,0,60,0,0,0,1,0,43,64,64,60,0,262
56,0,60,0,0,0,2,0,31,64,64,60,0,295
56,4,60,0,0,2,4,0,34,98,54,60,0,350
57,0,60,0,0,0,11,0,41,84,84,60,0,395
58,0,60,0,0,0,10,0,40,77,77,60,0,375
59,0,60,0,0,0,2,0,31,64,64,60,0,333
59,4,60,0,0,2,4,0,34,98,58,60,0,358
60,0,60,0,0,0,0,0,31,64,64,60,0,295
60,4,60,0,0,2,0,0,34,98,54,60,0,350
61,0,60,0,0,0,3,1,42,84,84,60,0,395
62,0,60,0,0,0,3,2,42,77,77,60,0,375
63,0,60,0,0,0,0,0,31,64,64,60,0,333
63,4,60,0,0,2,0,0,34,98,58,60,0,358
64,0,60,0,0,0,0,0,42,51,51,60,0,216
65,0,60,0,0,0,1,0,43,64,64,60,0,258
66,0,60,0,0,0,1,0,43,64,64,60,0,258
67,0,60,0,0,0,0,0,42,51,51,60,0,218
68,0,60,0,0,0,0,0,42,51,51,60,0,216
69,0,60,0,0,0,0,0,43,64,64,60,0,258
70,0,60,0,0,0,1,0,43,64,64,60,0,258
71,0,60,0,0,0,0,0,42,51,51,60,0,218
72,0,60,0,0,0,2,0,31,51,51,60,0,237
72,4,60,0,0,2,4,0,34,98,54,60,0,348
73,0,60,0,0,0,10,0,40,64,64,60,0,301
74,0,60,0,0,0,11,0,40,64,64,60,0,301
75,0,60,0,0,0,2,0,31,51,51,60,0,261
75,4,60,0,0,2,4,0,34,98,58,60,0,356
76,0,60,0,0,0,1,0,31,51,51,60,0,237
76,4,60,0,0,2,2,0,34,98,54,60,0,348
77,0,60,0,0,0,3,1,41,64,64,60,0,301
78,0,60,0,0,0,9,0,40,64,64,60,0,301
79,0,60,0,0,0,1,0,31,51,51,60,0,261
79,4,60,0,0,2,2,0,34,98,58,60,0,356
80,0,60,0,0,0,0,0,43,64,64,60,0,258
81,0,60,0,0,0,1,0,44,77,77,60,0,300
82,0,60,0,0,0,1,0,44,84,84,60,0,324
83,0,60,0,0,0,0,0,43,64,64,60,0,260
84,0,60,0,0,0,0,0,43,64,64,60,0,258
85,0,60,0,0,0,0,0,44,77,77,60,0,300
86,0,60,0,0,0,1,0,44,84,84,60,0,324
87,0,60,0,0,0,0,0,43,64,64,60,0,260
88,0,60,0,0,0,2,0,32,64,64,60,0,280
88,4,60,0,0,2,4,0,35,110,66,60,0,387
89,0,60,0,0,0,10,0,41,77,77,60,0,346
90,0,60,0,0,0,12,0,42,84,84,60,0,370
91,0,60,0,0,0,2,0,32,64,64,60,0,306
91,4,60,0,0,2,4,0,35,110,70,60,0,395
92,0,60,0,0,0,1,0,32,64,64,60,0,280
92,4,60,0,0,2,2,0,35,110,66,60,0,387
93,0,60,0,0,0,3,1,42,77,77,60,0,346
94,0,60,0,0,0,10,0,42,84,84,60,0,370
95,0,60,0,0,0,1,0,32,64,64,60,0,306
95,4,60,0,0,2,2,0,35,110,70,60,0,395
96,0,60,0,0,0,0,0,42,51,51,60,0,218
97,0,60,0,0,0,1,0,43,64,64,60,0,260
98,0,60,0,0,0,1,0,43,64,64,60,0,262
99,0,60,0,0,0,0,0,42,51,51,60,0,220
100,0,60,0,0,0,0,0,42,51,51,60,0,218
101,0,60,0,0,0,0,0,43,64,64,60,0,260
102,0,60,0,0,0,1,0,43,64,64,60,0,262
103,0,60,0,0,0,0,0,42,51,51,60,0,220
104,0,60,0,0,0,2,0,31,51,51,60,0,239
104,4,60,0,0,2,4,0,34,98,54,60,0,350
105,0,60,0,0,0,10,0,40,64,64,60,0,303
106,0,60,0,0,0,11,0,40,64,64,60,0,305
107,0,60,0,0,0,2,0,31,51,51,60,0,263
107,4,60,0,0,2,4,0,34,98,58,60,0,358
108,0,60,0,0,0,1,0,31,51,51,60,0,239
108,4,60,0,0,2,2,0,34,98,54,60,0,350
109,0,60,0,0,0,3,1,41,64,64,60,0,303
110,0,60,0,0,0,9,0,40,64,64,60,0,305
111,0,60,0,0,0,1,0,31,51,51,60,0,263
111,4,60,0,0,2,2,0,34,98,58,60,0,358
112,0,60,0,0,0,0,0,43,64,64,60,0,258
113,0,60,0,0,0,1,0,44,84,84,60,0,324
114,0,60,0,0,0,1,0,44,77,77,60,0,304
115,0,60,0,0,0,0,0,43,64,64,60,0,262
116,0,60,0,0,0,1,0,43,64,64,60,0,258
117,0,60,0,0,0,1,0,44,84,84,60,0,324
118,0,60,0,0,0,2,0,44,77,77,60,0,304
119,0,60,0,0,0,1,0,43,64,64,60,0,262
120,0,60,0,0,0,2,1,32,64,64,60,0,295
120,4,60,0,0,2,4,1,35,98,54,60,0,350
121,0,60,0,0,0,10,0,41,84,84,60,0,395
122,0,60,0,0,0,12,2,42,77,77,60,0,375
123,0,60,0,0,0,2,1,32,64,64,60,0,333
123,4,60,0,0,2,4,1,35,98,58,60,0,358
124,0,60,0,0,0,1,0,31,64,64,60,0,295
124,4,60,0,0,2,2,0,34,98,54,60,0,350
125,0,60,0,0,0,4,1,42,84,84,60,0,395
126,0,60,0,0,0,9,0,40,77,77,60,0,375
127,0,60,0,0,0,1,0,31,64,64,60,0,333
127,4,60,0,0,2,2,0,34,98,58,60,0,358
128,0,60,0,0,0,2,0,31,51,51,60,0,237
128,2,60,0,0,2,4,0,34,98,54,60,0,348
129,0,60,0,0,0,3,0,32,64,64,60,0,280
129,2,60,0,0,2,5,0,35,110,66,60,0,387
130,0,60,0,0,0,2,0,31,64,64,60,0,295
130,2,60,0,0,2,4,0,34,98,54,60,0,350
131,0,60,0,0,0,2,0,31,51,51,60,0,239
131,2,60,0,0,2,4,0,34,98,54,60,0,350
132,0,60,0,0,0,2,0,31,51,51,60,0,237
132,2,60,0,0,2,4,0,34,98,54,60,0,348
133,0,60,0,0,0,2,0,32,64,64,60,0,280
133,2,60,0,0,2,4,0,35,110,66,60,0,387
134,0,60,0,0,0,2,1,32,64,64,60,0,295
134,2,60,0,0,2,4,1,35,98,54,60,0,350
135,0,60,0,0,0,2,0,31,51,51,60,0,239
135,2,60,0,0,2,4,0,34,98,54,60,0,350
136,0,60,0,0,0,2,0,18,51,51,60,0,258
136,2,60,0,0,3,4,0,22,98,54,60,0,371
136,4,60,0,0,3,4,0,22,98,54,60,0,371
136,6,60,0,0,6,6,0,26,141,53,60,0,468
137,0,60,0,0,0,11,0,28,64,64,60,0,323
137,2,60,0,0,2,12,0,31,110,66,60,0,436
138,0,60,0,0,0,4,1,21,64,64,60,0,338
138,2,60,0,0,3,4,1,23,98,54,60,0,399
138,4,60,0,0,9,8,3,29,132,61,60,0,474
138,6,60,0,0,9,6,3,29,141,61,60,0,492
139,0,60,0,0,0,2,0,18,51,51,60,0,282
139,2,60,0,0,3,4,0,22,98,54,60,0,399
139,4,60,0,0,3,4,0,22,98,58,60,0,379
139,6,60,0,0,6,6,0,26,141,57,60,0,476
140,0,60,0,0,0,1,1,19,51,51,60,0,258
140,2,60,0,0,3,3,1,23,98,54,60,0,371
140,4,60,0,0,6,1,3,25,98,54,60,0,371
140,6,60,0,0,9,3,3,29,141,53,60,0,468
141,0,60,0,0,0,4,2,30,64,64,60,0,323
141,2,60,0,0,2,6,2,33,110,66,60,0,436
142,0,60,0,0,0,2,8,28,64,64,60,0,338
142,2,60,0,0,2,4,9,31,98,54,60,0,399
143,0,60,0,0,0,1,1,19,51,51,60,0,282
143,2,60,0,0,3,3,1,23,98,54,60,0,399
143,4,60,0,0,6,1,3,25,98,58,60,0,379
143,6,60,0,0,9,3,3,29,141,57,60,0,476
144,0,60,0,0,0,10,0,40,64,64,60,0,301
145,0,60,0,0,0,11,0,41,77,77,60,0,346
146,0,60,0,0,0,11,0,41,84,84,60,0,395
147,0,60,0,0,0,10,0,40,64,64,60,0,303
148,0,60,0,0,0,10,0,40,64,64,60,0,301
149,0,60,0,0,0,10,0,41,77,77,60,0,346
150,0,60,0,0,0,10,0,41,84,84,60,0,395
151,0,60,0,0,0,10,0,40,64,64,60,0,303
152,0,60,0,0,0,11,0,28,64,64,60,0,323
152,4,60,0,0,2,12,0,31,110,66,60,0,436
153,0,60,0,0,0,20,0,38,77,77,60,0,392
154,0,60,0,0,0,16,0,34,84,84,60,0,441
155,0,60,0,0,0,11,0,28,64,64,60,0,349
155,4,60,0,0,2,12,0,31,110,70,60,0,444
156,0,60,0,0,0,9,0,28,64,64,60,0,323
156,4,60,0,0,2,6,0,31,110,66,60,0,436
157,0,60,0,0,0,12,1,39,77,77,60,0,392
158,0,60,0,0,0,12,5,39,84,84,60,0,441
159,0,60,0,0,0,9,0,28,64,64,60,0,349
159,4,60,0,0,2,6,0,31,110,70,60,0,444
160,0,60,0,0,0,2,0,31,51,51,60,0,261
160,2,60,0,0,2,4,0,34,98,58,60,0,356
161,0,60,0,0,0,3,0,32,64,64,60,0,306
161,2,60,0,0,2,5,0,35,110,70,60,0,395
162,0,60,0,0,0,2,0,31,64,64,60,0,333
162,2,60,0,0,2,4,0,34,98,58,60,0,358
163,0,60,0,0,0,2,0,31,51,51,60,0,263
163,2,60,0,0,2,4,0,34,98,58,60,0,358
164,0,60,0,0,0,2,0,31,51,51,60,0,261
164,2,60,0,0,2,4,0,34,98,58,60,0,356
165,0,60,0,0,0,2,0,32,64,64,60,0,306
165,2,60,0,0,2,4,0,35,110,70,60,0,395
166,0,60,0,0,0,2,1,32,64,64,60,0,333
166,2,60,0,0,2,4,1,35,98,58,60,0,358
167,0,60,0,0,0,2,0,31,51,51,60,0,263
167,2,60,0,0,2,4,0,34,98,58,60,0,358
168,0,60,0,0,0,2,0,18,51,51,60,0,282
168,2,60,0,0,3,4,0,22,98,58,60,0,379
168,4,60,0,0,3,4,0,22,98,54,60,0,399
168,6,60,0,0,6,6,0,26,141,57,60,0,476
169,0,60,0,0,0,11,0,28,64,64,60,0,349
169,2,60,0,0,2,12,0,31,110,70,60,0,444
170,0,60,0,0,0,4,1,21,64,64,60,0,376
170,2,60,0,0,3,4,1,23,98,58,60,0,407
170,4,60,0,0,9,8,3,29,132,65,60,0,482
170,6,60,0,0,9,6,3,29,141,65,60,0,500
171,0,60,0,0,0,2,0,18,51,51,60,0,306
171,2,60,0,0,3,4,0,22,98,58,60,0,407
171,4,60,0,0,3,4,0,22,98,58,60,0,407
171,6,60,0,0,6,6,0,26,141,61,60,0,484
172,0,60,0,0,0,1,1,19,51,51,60,0,282
172,2,60,0,0,3,3,1,23,98,58,60,0,379
172,4,60,0,0,6,1,3,25,98,54,60,0,399
172,6,60,0,0,9,3,3,29,141,57,60,0,476
173,0,60,0,0,0,4,2,30,64,64,60,0,349
173,2,60,0,0,2,6,2,33,110,70,60,0,444
174,0,60,0,0,0,2,8,28,64,64,60,0,376
174,2,60,0,0,2,4,9,31,98,58,60,0,407
175,0,60,0,0,0,1,1,19,51,51,60,0,306
175,2,60,0,0,3,3,1,23,98,58,60,0,407
175,4,60,0,0,6,1,3,25,98,58,60,0,407
175,6,60,0,0,9,3,3,29,141,61,60,0,484
176,0,60,0,0,0,10,0,40,64,64,60,0,301
177,0,60,0,0,0,12,0,42,84,84,60,0,370
178,0,60,0,0,0,10,0,40,77,77,60,0,375
179,0,60,0,0,0,10,0,40,64,64,60,0,305
180,0,60,0,0,0,11,0,40,64,64,60,0,301
181,0,60,0,0,0,12,0,42,84,84,60,0,370
182,0,60,0,0,0,12,2,42,77,77,60,0,375
183,0,60,0,0,0,11,0,40,64,64,60,0,305
184,0,60,0,0,0,4,1,21,64,64,60,0,338
184,2,60,0,0,9,8,3,29,132,61,60,0,474
184,4,60,0,0,3,4,1,23,98,54,60,0,399
184,6,60,0,0,9,6,3,29,141,61,60,0,492
185,0,60,0,0,0,16,0,34,84,84,60,0,441
186,0,60,0,0,0,8,4,26,77,77,60,0,446
186,2,60,0,0,12,10,6,32,132,69,60,0,498
186,4,60,0,0,12,10,6,32,132,69,60,0,498
186,6,60,0,0,12,6,6,32,141,69,60,0,516
187,0,60,0,0,0,4,1,21,64,64,60,0,376
187,2,60,0,0,9,8,3,29,132,65,60,0,482
187,4,60,0,0,3,4,1,23,98,58,60,0,407
187,6,60,0,0,9,6,3,29,141,65,60,0,500
188,0,60,0,0,0,4,2,22,64,64,60,0,338
188,2,60,0,0,9,9,3,29,132,61,60,0,474
188,4,60,0,0,6,1,3,25,98,54,60,0,399
188,6,60,0,0,9,3,3,29,141,61,60,0,492
189,0,60,0,0,0,12,4,38,84,84,60,0,441
190,0,60,0,0,0,8,12,34,77,77,60,0,446
191,0,60,0,0,0,4,2,22,64,64,60,0,376
191,2,60,0,0,9,9,3,29,132,65,60,0,482
191,4,60,0,0,6,1,3,25,98,58,60,0,407
191,6,60,0,0,9,3,3,29,141,65,60,0,500
192,0,60,0,0,0,0,0,31,51,51,60,0,237
192,2,60,0,0,2,0,0,34,98,54,60,0,348
193,0,60,0,0,0,1,0,32,64,64,60,0,280
193,2,60,0,0,2,1,0,35,110,66,60,0,387
194,0,60,0,0,0,0,0,31,64,64,60,0,295
194,2,60,0,0,2,0,0,34,98,54,60,0,350
195,0,60,0,0,0,0,0,31,51,51,60,0,239
195,2,60,0,0,2,0,0,34,98,54,60,0,350
196,0,60,0,0,0,1,0,31,51,51,60,0,237
196,2,60,0,0,2,2,0,34,98,54,60,0,348
197,0,60,0,0,0,1,0,32,64,64,60,0,280
197,2,60,0,0,2,2,0,35,110,66,60,0,387
198,0,60,0,0,0,1,0,31,64,64,60,0,295
198,2,60,0,0,2,2,0,34,98,54,60,0,350
199,0,60,0,0,0,1,0,31,51,51,60,0,239
199,2,60,0,0,2,2,0,34,98,54,60,0,350
200,0,60,0,0,0,1,1,19,51,51,60,0,258
200,2,60,0,0,6,1,3,25,98,54,60,0,371
200,4,60,0,0,3,3,1,23,98,54,60,0,371
200,6,60,0,0,9,3,3,29,141,53,60,0,468
201,0,60,0,0,0,9,0,28,64,64,60,0,323
201,2,60,0,0,2,6,0,31,110,66,60,0,436
202,0,60,0,0,0,4,2,22,64,64,60,0,338
202,2,60,0,0,6,1,3,25,98,54,60,0,399
202,4,60,0,0,9,9,3,29,132,61,60,0,474
202,6,60,0,0,9,3,3,29,141,61,60,0,492
203,0,60,0,0,0,1,1,19,51,51,60,0,282
203,2,60,0,0,6,1,3,25,98,54,60,0,399
203,4,60,0,0,3,3,1,23,98,58,60,0,379
203,6,60,0,0,9,3,3,29,141,57,60,0,476
204,0,60,0,0,0,0,0,18,51,51,60,0,258
204,2,60,0,0,3,0,0,22,98,54,60,0,371
204,4,60,0,0,3,0,0,22,98,54,60,0,371
204,6,60,0,0,6,0,0,26,141,53,60,0,468
205,0,60,0,0,0,3,1,29,64,64,60,0,323
205,2,60,0,0,2,4,1,32,110,66,60,0,436
206,0,60,0,0,0,2,1,21,64,64,60,0,338
206,2,60,0,0,3,0,1,23,98,54,60,0,399
206,4,60,0,3,9,4,3,29,132,61,60,0,474
206,6,60,0,3,9,0,3,29,141,61,60,0,492
207,0,60,0,0,0,0,0,18,51,51,60,0,282
207,2,60,0,0,3,0,0,22,98,54,60,0,399
207,4,60,0,0,3,0,0,22,98,58,60,0,379
207,6,60,0,0,6,0,0,26,141,57,60,0,476
208,0,60,0,0,0,2,1,41,64,64,60,0,301
209,0,60,0,0,0,3,1,42,77,77,60,0,346
210,0,60,0,0,0,3,1,42,84,84,60,0,395
211,0,60,0,0,0,2,1,41,64,64,60,0,303
212,0,60,0,0,0,3,1,41,64,64,60,0,301
213,0,60,0,0,0,3,1,42,77,77,60,0,346
214,0,60,0,0,0,4,1,42,84,84,60,0,395
215,0,60,0,0,0,3,1,41,64,64,60,0,303
216,0,60,0,0,0,4,2,30,64,64,60,0,323
216,4,60,0,0,2,6,2,33,110,66,60,0,436
217,0,60,0,0,0,12,1,39,77,77,60,0,392
218,0,60,0,0,0,12,4,38,84,84,60,0,441
219,0,60,0,0,0,4,2,30,64,64,60,0,349
219,4,60,0,0,2,6,2,33,110,70,60,0,444
220,0,60,0,0,0,3,1,29,64,64,60,0,323
220,4,60,0,0,2,4,1,32,110,66,60,0,436
221,0,60,0,0,0,6,2,40,77,77,60,0,392
222,0,60,0,0,0,9,2,36,84,84,60,0,441
223,0,60,0,0,0,3,1,29,64,64,60,0,349
223,4,60,0,0,2,4,1,32,110,70,60,0,444
224,0,60,0,0,0,0,0,31,51,51,60,0,261
224,2,60,0,0,2,0,0,34,98,58,60,0,356
225,0,60,0,0,0,1,0,32,64,64,60,0,306
225,2,60,0,0,2,1,0,35,110,70,60,0,395
226,0,60,0,0,0,0,0,31,64,64,60,0,333
226,2,60,0,0,2,0,0,34,98,58,60,0,358
227,0,60,0,0,0,0,0,31,51,51,60,0,263
227,2,60,0,0,2,0,0,34,98,58,60,0,358
228,0,60,0,0,0,1,0,31,51,51,60,0,261
228,2,60,0,0,2,2,0,34,98,58,60,0,356
229,0,60,0,0,0,1,0,32,64,64,60,0,306
229,2,60,0,0,2,2,0,35,110,70,60,0,395
230,0,60,0,0,0,1,0,31,64,64,60,0,333
230,2,60,0,0,2,2,0,34,98,58,60,0,358
231,0,60,0,0,0,1,0,31,51,51,60,0,263
231,2,60,0,0,2,2,0,34,98,58,60,0,358
232,0,60,0,0,0,1,1,19,51,51,60,0,282
232,2,60,0,0,6,1,3,25,98,58,60,0,379
232,4,60,0,0,3,3,1,23,98,54,60,0,399
232,6,60,0,0,9,3,3,29,141,57,60,0,476
233,0,60,0,0,0,9,0,28,64,64,60,0,349
233,2,60,0,0,2,6,0,31,110,70,60,0,444
234,0,60,0,0,0,4,2,22,64,64,60,0,376
234,2,60,0,0,6,1,3,25,98,58,60,0,407
234,4,60,0,0,9,9,3,29,132,65,60,0,482
234,6,60,0,0,9,3,3,29,141,65,60,0,500
235,0,60,0,0,0,1,1,19,51,51,60,0,306
235,2,60,0,0,6,1,3,25,98,58,60,0,407
235,4,60,0,0,3,3,1,23,98,58,60,0,407
235,6,60,0,0,9,3,3,29,141,61,60,0,484
236,0,60,0,0,0,0,0,18,51,51,60,0,282
236,2,60,0,0,3,0,0,22,98,58,60,0,379
236,4,60,0,0,3,0,0,22,98,54,60,0,399
236,6,60,0,0,6,0,0,26,141,57,60,0,476
237,0,60,0,0,0,3,1,29,64,64,60,0,349
237,2,60,0,0,2,4,1,32,110,70,60,0,444
238,0,60,0,0,0,2,1,21,64,64,60,0,376
238,2,60,0,0,3,0,1,23,98,58,60,0,407
238,4,60,0,3,9,4,3,29,132,65,60,0,482
238,6,60,0,3,9,0,3,29,141,65,60,0,500
239,0,60,0,0,0,0,0,18,51,51,60,0,306
239,2,60,0,0,3,0,0,22,98,58,60,0,407
239,4,60,0,0,3,0,0,22,98,58,60,0,407
239,6,60,0,0,6,0,0,26,141,61,60,0,484
240,0,60,0,0,0,2,1,41,64,64,60,0,301
241,0,60,0,0,0,3,0,42,84,84,60,0,370
242,0,60,0,0,0,3,2,42,77,77,60,0,375
243,0,60,0,0,0,2,1,41,64,64,60,0,305
244,0,60,0,0,0,9,0,40,64,64,60,0,301
245,0,60,0,0,0,10,0,42,84,84,60,0,370
246,0,60,0,0,0,9,0,40,77,77,60,0,375
247,0,60,0,0,0,9,0,40,64,64,60,0,305
248,0,60,0,0,0,2,8,28,64,64,60,0,338
248,4,60,0,0,2,4,9,31,98,54,60,0,399
249,0,60,0,0,0,12,5,39,84,84,60,0,441
250,0,60,0,0,0,8,12,34,77,77,60,0,446
251,0,60,0,0,0,2,8,28,64,64,60,0,376
251,4,60,0,0,2,4,9,31,98,58,60,0,407
252,0,60,0,0,0,2,1,21,64,64,60,0,338
252,2,60,0,3,9,4,3,29,132,61,60,0,474
252,4,60,0,0,3,0,1,23,98,54,60,0,399
252,6,60,0,3,9,0,3,29,141,61,60,0,492
253,0,60,0,0,0,9,2,36,84,84,60,0,441
254,0,60,0,0,0,6,4,26,77,77,60,0,446
254,2,60,0,6,12,6,6,32,132,69,60,0,498
254,4,60,0,6,12,6,6,32,132,69,60,0,498
254,6,60,0,6,12,0,6,32,141,69,60,0,516
255,0,60,0,0,0,2,1,21,64,64,60,0,376
255,2,60,0,3,9,4,3,29,132,65,60,0,482
255,4,60,0,0,3,0,1,23,98,58,60,0,407
255,6,60,0,3,9,0,3,29,141,65,60,0,500
256,0,60,0,0,0,0,0,42,51,51,60,0,218
257,0,60,0,0,0,1,0,43,64,64,60,0,262
258,0,60,0,0,0,1,0,43,64,64,60,0,260
259,0,60,0,0,0,0,0,42,51,51,60,0,220
260,0,60,0,0,0,0,0,42,51,51,60,0,218
261,0,60,0,0,0,0,0,43,64,64,60,0,262
262,0,60,0,0,0,0,0,43,64,64,60,0,260
263,0,60,0,0,0,0,0,42,51,51,60,0,220
264,0,60,0,0,0,2,0,31,51,51,60,0,239
264,4,60,0,0,2,4,0,34,98,54,60,0,350
265,0,60,0,0,0,10,0,40,64,64,60,0,305
266,0,60,0,0,0,10,0,40,64,64,60,0,303
267,0,60,0,0,0,2,0,31,51,51,60,0,263
267,4,60,0,0,2,4,0,34,98,58,60,0,358
268,0,60,0,0,0,0,0,31,51,51,60,0,239
268,4,60,0,0,2,0,0,34,98,54,60,0,350
269,0,60,0,0,0,2,1,41,64,64,60,0,305
270,0,60,0,0,0,2,1,41,64,64,60,0,303
271,0,60,0,0,0,0,0,31,51,51,60,0,263
271,4,60,0,0,2,0,0,34,98,58,60,0,358
272,0,60,0,0,0,1,0,43,64,64,60,0,262
273,0,60,0,0,0,2,0,44,77,77,60,0,306
274,0,60,0,0,0,2,0,44,84,84,60,0,330
275,0,60,0,0,0,1,0,43,64,64,60,0,264
276,0,60,0,0,0,1,0,43,64,64,60,0,262
277,0,60,0,0,0,1,0,44,77,77,60,0,306
278,0,60,0,0,0,1,0,44,84,84,60,0,330
279,0,60,0,0,0,1,0,43,64,64,60,0,264
280,0,60,0,0,0,3,0,32,64,64,60,0,284
280,4,60,0,0,2,5,0,35,110,66,60,0,391
281,0,60,0,0,0,11,0,41,77,77,60,0,352
282,0,60,0,0,0,12,0,42,84,84,60,0,376
283,0,60,0,0,0,3,0,32,64,64,60,0,310
283,4,60,0,0,2,5,0,35,110,70,60,0,399
284,0,60,0,0,0,1,0,32,64,64,60,0,284
284,4,60,0,0,2,1,0,35,110,66,60,0,391
285,0,60,0,0,0,3,1,42,77,77,60,0,352
286,0,60,0,0,0,3,0,42,84,84,60,0,376
287,0,60,0,0,0,1,0,32,64,64,60,0,310
287,4,60,0,0,2,1,0,35,110,70,60,0,399
288,0,60,0,0,0,0,0,42,51,51,60,0,220
289,0,60,0,0,0,1,0,43,64,64,60,0,264
290,0,60,0,0,0,1,0,43,64,64,60,0,264
291,0,60,0,0,0,0,0,42,51,51,60,0,222
292,0,60,0,0,0,0,0,42,51,51,60,0,220
293,0,60,0,0,0,0,0,43,64,64,60,0,264
294,0,60,0,0,0,0,0,43,64,64,60,0,264
295,0,60,0,0,0,0,0,42,51,51,60,0,222
296,0,60,0,0,0,2,0,31,51,51,60,0,241
296,4,60,0,0,2,4,0,34,98,54,60,0,352
297,0,60,0,0,0,10,0,40,64,64,60,0,307
298,0,60,0,0,0,10,0,40,64,64,60,0,307
299,0,60,0,0,0,2,0,31,51,51,60,0,265
299,4,60,0,0,2,4,0,34,98,58,60,0,360
300,0,60,0,0,0,0,0,31,51,51,60,0,241
300,4,60,0,0,2,0,0,34,98,54,60,0,352
301,0,60,0,0,0,2,1,41,64,64,60,0,307
302,0,60,0,0,0,2,1,41,64,64,60,0,307
303,0,60,0,0,0,0,0,31,51,51,60,0,265
303,4,60,0,0,2,0,0,34,98,58,60,0,360
304,0,60,0,0,0,1,0,43,64,64,60,0,260
305,0,60,0,0,0,2,0,44,84,84,60,0,330
306,0,60,0,0,0,2,0,44,77,77,60,0,306
307,0,60,0,0,0,1,0,43,64,64,60,0,264
308,0,60,0,0,0,1,0,43,64,64,60,0,260
309,0,60,0,0,0,1,0,44,84,84,60,0,330
310,0,60,0,0,0,1,0,44,77,77,60,0,306
311,0,60,0,0,0,1,0,43,64,64,60,0,264
312,0,60,0,0,0,2,0,31,64,64,60,0,297
312,4,60,0,0,2,4,0,34,98,54,60,0,352
313,0,60,0,0,0,11,0,41,84,84,60,0,401
314,0,60,0,0,0,10,0,40,77,77,60,0,377
315,0,60,0,0,0,2,0,31,64,64,60,0,335
315,4,60,0,0,2,4,0,34,98,58,60,0,360
316,0,60,0,0,0,0,0,31,64,64,60,0,297
316,4,60,0,0,2,0,0,34,98,54,60,0,352
317,0,60,0,0,0,3,1,42,84,84,60,0,401
318,0,60,0,0,0,3,2,42,77,77,60,0,377
319,0,60,0,0,0,0,0,31,64,64,60,0,335
319,4,60,0,0,2,0,0,34,98,58,60,0,360
320,0,60,0,0,0,0,0,42,51,51,60,0,218
321,0,60,0,0,0,1,0,43,64,64,60,0,262
322,0,60,0,0,0,1,0,43,64,64,60,0,260
323,0,60,0,0,0,0,0,42,51,51,60,0,220
324,0,60,0,0,0,0,0,42,51,51,60,0,218
325,0,60,0,0,0,0,0,43,64,64,60,0,262
326,0,60,0,0,0,1,0,43,64,64,60,0,260
327,0,60,0,0,0,0,0,42,51,51,60,0,220
328,0,60,0,0,0,2,0,31,51,51,60,0,239
328,4,60,0,0,2,4,0,34,98,54,60,0,350
329,0,60,0,0,0,10,0,40,64,64,60,0,305
330,0,60,0,0,0,11,0,40,64,64,60,0,303
331,0,60,0,0,0,2,0,31,51,51,60,0,263
331,4,60,0,0,2,4,0,34,98,58,60,0,358
332,0,60,0,0,0,1,0,31,51,51,60,0,239
332,4,60,0,0,2,2,0,34,98,54,60,0,350
333,0,60,0,0,0,3,1,41,64,64,60,0,305
334,0,60,0,0,0,9,0,40,64,64,60,0,303
335,0,60,0,0,0,1,0,31,51,51,60,0,263
335,4,60,0,0,2,2,0,34,98,58,60,0,358
336,0,60,0,0,0,0,0,43,64,64,60,0,262
337,0,60,0,0,0,1,0,44,77,77,60,0,306
338,0,60,0,0,0,1,0,44,84,84,60,0,330
339,0,60,0,0,0,0,0,43,64,64,60,0,264
340,0,60,0,0,0,0,0,43,64,64,60,0,262
341,0,60,0,0,0,0,0,44,77,77,60,0,306
342,0,60,0,0,0,1,0,44,84,84,60,0,330
343,0,60,0,0,0,0,0,43,64,64,60,0,264
344,0,60,0,0,0,2,0,32,64,64,60,0,284
344,4,60,0,0,2,4,0,35,110,66,60,0,391
345,0,60,0,0,0,10,0,41,77,77,60,0,352
346,0,60,0,0,0,12,0,42,84,84,60,0,376
347,0,60,0,0,0,2,0,32,64,64,60,0,310
347,4,60,0,0,2,4,0,35,110,70,60,0,399
348,0,60,0,0,0,1,0,32,64,64,60,0,284
348,4,60,0,0,2,2,0,35,110,66,60,0,391
349,0,60,0,0,0,3,1,42,77,77,60,0,352
350,0,60,0,0,0,10,0,42,84,84,60,0,376
351,0,60,0,0,0,1,0,32,64,64,60,0,310
351,4,60,0,0,2,2,0,35,110,70,60,0,399
352,0,60,0,0,0,0,0,42,51,51,60,0,220
353,0,60,0,0,0,1,0,43,64,64,60,0,264
354,0,60,0,0,0,1,0,43,64,64,60,0,264
355,0,60,0,0,0,0,0,42,51,51,60,0,222
356,0,60,0,0,0,0,0,42,51,51,60,0,220
357,0,60,0,0,0,0,0,43,64,64,60,0,264
358,0,60,0,0,0,1,0,43,64,64,60,0,264
359,0,60,0,0,0,0,0,42,51,51,60,0,222
360,0,60,0,0,0,2,0,31,51,51,60,0,241
360,4,60,0,0,2,4,0,34,98,54,60,0,352
361,0,60,0,0,0,10,0,40,64,64,60,0,307
362,0,60,0,0,0,11,0,40,64,64,60,0,307
363,0,60,0,0,0,2,0,31,51,51,60,0,265
363,4,60,0,0,2,4,0,34,98,58,60,0,360
364,0,60,0,0,0,1,0,31,51,51,60,0,241
364,4,60,0,0,2,2,0,34,98,54,60,0,352
365,0,60,0,0,0,3,1,41,64,64,60,0,307
366,0,60,0,0,0,9,0,40,64,64,60,0,307
367,0,60,0,0,0,1,0,31,51,51,60,0,265
367,4,60,0,0,2,2,0,34,98,58,60,0,360
368,0,60,0,0,0,0,0,43,64,64,60,0,260
369,0,60,0,0,0,1,0,44,84,84,60,0,330
370,0,60,0,0,0,1,0,44,77,77,60,0,306
371,0,60,0,0,0,0,0,43,64,64,60,0,264
372,0,60,0,0,0,1,0,43,64,64,60,0,260
373,0,60,0,0,0,1,0,44,84,84,60,0,330
374,0,60,0,0,0,2,0,44,77,77,60,0,306
375,0,60,0,0,0,1,0,43,64,64,60,0,264
376,0,60,0,0,0,2,1,32,64,64,60,0,297
376,4,60,0,0,2,4,1,35,98,54,60,0,352
377,0,60,0,0,0,10,0,41,84,84,60,0,401
378,0,60,0,0,0,12,2,42,77,77,60,0,377
379,0,60,0,0,0,2,1,32,64,64,60,0,335
379,4,60,0,0,2,4,1,35,98,58,60,0,360
380,0,60,0,0,0,1,0,31,64,64,60,0,297
380,4,60,0,0,2,2,0,34,98,54,60,0,352
381,0,60,0,0,0,4,1,42,84,84,60,0,401
382,0,60,0,0,0,9,0,40,77,77,60,0,377
383,0,60,0,0,0,1,0,31,64,64,60,0,335
383,4,60,0,0,2,2,0,34,98,58,60,0,360
384,0,60,0,0,0,2,0,31,51,51,60,0,239
384,2,60,0,0,2,4,0,34,98,54,60,0,350
385,0,60,0,0,0,3,0,32,64,64,60,0,284
385,2,60,0,0,2,5,0,35,110,66,60,0,391
386,0,60,0,0,0,2,0,31,64,64,60,0,297
386,2,60,0,0,2,4,0,34,98,54,60,0,352
387,0,60,0,0,0,2,0,31,51,51,60,0,241
387,2,60,0,0,2,4,0,34,98,54,60,0,352
388,0,60,0,0,0,2,0,31,51,51,60,0,239
388,2,60,0,0,2,4,0,34,98,54,60,0,350
389,0,60,0,0,0,2,0,32,64,64,60,0,284
389,2,60,0,0,2,4,0,35,110,66,60,0,391
390,0,60,0,0,0,2,1,32,64,64,60,0,297
390,2,60,0,0,2,4,1,35,98,54,60,0,352
391,0,60,0,0,0,2,0,31,51,51,60,0,241
391,2,60,0,0,2,4,0,34,98,54,60,0,352
392,0,60,0,0,0,2,0,18,51,51,60,0,260
392,2,60,0,0,3,4,0,22,98,54,60,0,373
392,4,60,0,0,3,4,0,22,98,54,60,0,373
392,6,60,0,0,6,6,0,26,141,53,60,0,470
393,0,60,0,0,0,11,0,28,64,64,60,0,327
393,2,60,0,0,2,12,0,31,110,66,60,0,440
394,0,60,0,0,0,4,1,21,64,64,60,0,340
394,2,60,0,0,3,4,1,23,98,54,60,0,401
394,4,60,0,0,9,8,3,29,132,61,60,0,476
394,6,60,0,0,9,6,3,29,141,61,60,0,494
395,0,60,0,0,0,2,0,18,51,51,60,0,284
395,2,60,0,0,3,4,0,22,98,54,60,0,401
395,4,60,0,0,3,4,0,22,98,58,60,0,381
395,6,60,0,0,6,6,0,26,141,57,60,0,478
396,0,60,0,0,0,1,1,19,51,51,60,0,260
396,2,60,0,0,3,3,1,23,98,54,60,0,373
396,4,60,0,0,6,1,3,25,98,54,60,0,373
396,6,60,0,0,9,3,3,29,141,53,60,0,470
397,0,60,0,0,0,4,2,30,64,64,60,0,327
397,2,60,0,0,2,6,2,33,110,66,60,0,440
398,0,60,0,0,0,2,8,28,64,64,60,0,340
398,2,60,0,0,2,4,9,31,98,54,60,0,401
399,0,60,0,0,0,1,1,19,51,51,60,0,284
399,2,60,0,0,3,3,1,23,98,54,60,0,401
399,4,60,0,0,6,1,3,25,98,58,60,0,381
399,6,60,0,0,9,3,3,29,141,57,60,0,478
400,0,60,0,0,0,10,0,40,64,64,60,0,305
401,0,60,0,0,0,11,0,41,77,77,60,0,352
402,0,60,0,0,0,11,0,41,84,84,60,0,401
403,0,60,0,0,0,10,0,40,64,64,60,0,307
404,0,60,0,0,0,10,0,40,64,64,60,0,305
405,0,60,0,0,0,10,0,41,77,77,60,0,352
406,0,60,0,0,0,10,0,41,84,84,60,0,401
407,0,60,0,0,0,10,0,40,64,64,60,0,307
408,0,60,0,0,0,11,0,28,64,64,60,0,327
408,4,60,0,0,2,12,0,31,110,66,60,0,440
409,0,60,0,0,0,20,0,38,77,77,60,0,398
410,0,60,0,0,0,16,0,34,84,84,60,0,447
411,0,60,0,0,0,11,0,28,64,64,60,0,353
411,4,60,0,0,2,12,0,31,110,70,60,0,448
412,0,60,0,0,0,9,0,28,64,64,60,0,327
412,4,60,0,0,2,6,0,31,110,66,60,0,440
413,0,60,0,0,0,12,1,39,77,77,60,0,398
414,0,60,0,0,0,12,5,39,84,84,60,0,447
415,0,60,0,0,0,9,0,28,64,64,60,0,353
415,4,60,0,0,2,6,0,31,110,70,60,0,448
416,0,60,0,0,0,2,0,31,51,51,60,0,263
416,2,60,0,0,2,4,0,34,98,58,60,0,358
417,0,60,0,0,0,3,0,32,64,64,60,0,310
417,2,60,0,0,2,5,0,35,110,70,60,0,399
418,0,60,0,0,0,2,0,31,64,64,60,0,335
418,2,60,0,0,2,4,0,34,98,58,60,0,360
419,0,60,0,0,0,2,0,31,51,51,60,0,265
419,2,60,0,0,2,4,0,34,98,58,60,0,360
420,0,60,0,0,0,2,0,31,51,51,60,0,263
420,2,60,0,0,2,4,0,34,98,58,60,0,358
421,0,60,0,0,0,2,0,32,64,64,60,0,310
421,2,60,0,0,2,4,0,35,110,70,60,0,399
422,0,60,0,0,0,2,1,32,64,64,60,0,335
422,2,60,0,0,2,4,1,35,98,58,60,0,360
423,0,60,0,0,0,2,0,31,51,51,60,0,265
423,2,60,0,0,2,4,0,34,98,58,60,0,360
424,0,60,0,0,0,2,0,18,51,51,60,0,284
424,2,60,0,0,3,4,0,22,98,58,60,0,381
424,4,60,0,0,3,4,0,22,98,54,60,0,401
424,6,60,0,0,6,6,0,26,141,57,60,0,478
425,0,60,0,0,0,11,0,28,64,64,60,0,353
425,2,60,0,0,2,12,0,31,110,70,60,0,448
426,0,60,0,0,0,4,1,21,64,64,60,0,378
426,2,60,0,0,3,4,1,23,98,58,60,0,409
426,4,60,0,0,9,8,3,29,132,65,60,0,484
426,6,60,0,0,9,6,3,29,141,65,60,0,502
427,0,60,0,0,0,2,0,18,51,51,60,0,308
427,2,60,0,0,3,4,0,22,98,58,60,0,409
427,4,60,0,0,3,4,0,22,98,58,60,0,409
427,6,60,0,0,6,6,0,26,141,61,60,0,486
428,0,60,0,0,0,1,1,19,51,51,60,0,284
428,2,60,0,0,3,3,1,23,98,58,60,0,381
428,4,60,0,0,6,1,3,25,98,54,60,0,401
428,6,60,0,0,9,3,3,29,141,57,60,0,478
429,0,60,0,0,0,4,2,30,64,64,60,0,353
429,2,60,0,0,2,6,2,33,110,70,60,0,448
430,0,60,0,0,0,2,8,28,64,64,60,0,378
430,2,60,0,0,2,4,9,31,98,58,60,0,409
431,0,60,0,0,0,1,1,19,51,51,60,0,308
431,2,60,0,0,3,3,1,23,98,58,60,0,409
431,4,60,0,0,6,1,3,25,98,58,60,0,409
431,6,60,0,0,9,3,3,29,141,61,60,0,486
432,0,60,0,0,0,10,0,40,64,64,60,0,303
433,0,60,0,0,0,12,0,42,84,84,60,0,376
434,0,60,0,0,0,10,0,40,77,77,60,0,377
435,0,60,0,0,0,10,0,40,64,64,60,0,307
436,0,60,0,0,0,11,0,40,64,64,60,0,303
437,0,60,0,0,0,12,0,42,84,84,60,0,376
438,0,60,0,0,0,12,2,42,77,77,60,0,377
439,0,60,0,0,0,11,0,40,64,64,60,0,307
440,0,60,0,0,0,4,1,21,64,64,60,0,340
440,2,60,0,0,9,8,3,29,132,61,60,0,476
440,4,60,0,0,3,4,1,23,98,54,60,0,401
440,6,60,0,0,9,6,3,29,141,61,60,0,494
441,0,60,0,0,0,16,0,34,84,84,60,0,447
442,0,60,0,0,0,8,4,26,77,77,60,0,448
442,2,60,0,0,12,10,6,32,132,69,60,0,500
442,4,60,0,0,12,10,6,32,132,69,60,0,500
442,6,60,0,0,12,6,6,32,141,69,60,0,518
443,0,60,0,0,0,4,1,21,64,64,60,0,378
443,2,60,0,0,9,8,3,29,132,65,60,0,484
443,4,60,0,0,3,4,1,23,98,58,60,0,409
443,6,60,0,0,9,6,3,29,141,65,60,0,502
444,0,60,0,0,0,4,2,22,64,64,60,0,340
444,2,60,0,0,9,9,3,29,132,61,60,0,476
444,4,60,0,0,6,1,3,25,98,54,60,0,401
444,6,60,0,0,9,3,3,29,141,61,60,0,494
445,0,60,0,0,0,12,4,38,84,84,60,0,447
446,0,60,0,0,0,8,12,34,77,77,60,0,448
447,0,60,0,0,0,4,2,22,64,64,60,0,378
447,2,60,0,0,9,9,3,29,132,65,60,0,484
447,4,60,0,0,6,1,3,25,98,58,60,0,409
447,6,60,0,0,9,3,3,29,141,65,60,0,502
448,0,60,0,0,0,0,0,31,51,51,60,0,239
448,2,60,0,0,2,0,0,34,98,54,60,0,350
449,0,60,0,0,0,1,0,32,64,64,60,0,284
449,2,60,0,0,2,1,0,35,110,66,60,0,391
450,0,60,0,0,0,0,0,31,64,64,60,0,297
450,2,60,0,0,2,0,0,34,98,54,60,0,352
451,0,60,0,0,0,0,0,31,51,51,60,0,241
451,2,60,0,0,2,0,0,34,98,54,60,0,352
452,0,60,0,0,0,1,0,31,51,51,60,0,239
452,2,60,0,0,2,2,0,34,98,54,60,0,350
453,0,60,0,0,0,1,0,32,64,64,60,0,284
453,2,60,0,0,2,2,0,35,110,66,60,0,391
454,0,60,0,0,0,1,0,31,64,64,60,0,297
454,2,60,0,0,2,2,0,34,98,54,60,0,352
455,0,60,0,0,0,1,0,31,51,51,60,0,241
455,2,60,0,0,2,2,0,34,98,54,60,0,352
456,0,60,0,0,0,1,1,19,51,51,60,0,260
456,2,60,0,0,6,1,3,25,98,54,60,0,373
456,4,60,0,0,3,3,1,23,98,54,60,0,373
456,6,60,0,0,9,3,3,29,141,53,60,0,470
457,0,60,0,0,0,9,0,28,64,64,60,0,327
457,2,60,0,0,2,6,0,31,110,66,60,0,440
458,0,60,0,0,0,4,2,22,64,64,60,0,340
458,2,60,0,0,6,1,3,25,98,54,60,0,401
458,4,60,0,0,9,9,3,29,132,61,60,0,476
458,6,60,0,0,9,3,3,29,141,61,60,0,494
459,0,60,0,0,0,1,1,19,51,51,60,0,284
459,2,60,0,0,6,1,3,25,98,54,60,0,401
459,4,60,0,0,3,3,1,23,98,58,60,0,381
459,6,60,0,0,9,3,3,29,141,57,60,0,478
460,0,60,0,0,0,0,0,18,51,51,60,0,260
460,2,60,0,0,3,0,0,22,98,54,60,0,373
460,4,60,0,0,3,0,0,22,98,54,60,0,373
460,6,60,0,0,6,0,0,26,141,53,60,0,470
461,0,60,0,0,0,3,1,29,64,64,60,0,327
461,2,60,0,0,2,4,1,32,110,66,60,0,440
462,0,60,0,0,0,2,1,21,64,64,60,0,340
462,2,60,0,0,3,0,1,23,98,54,60,0,401
462,4,60,0,3,9,4,3,29,132,61,60,0,476
462,6,60,0,3,9,0,3,29,141,61,60,0,494
463,0,60,0,0,0,0,0,18,51,51,60,0,284
463,2,60,0,0,3,0,0,22,98,54,60,0,401
463,4,60,0,0,3,0,0,22,98,58,60,0,381
463,6,60,0,0,6,0,0,26,141,57,60,0,478
464,0,60,0,0,0,2,1,41,64,64,60,0,305
465,0,60,0,0,0,3,1,42,77,77,60,0,352
466,0,60,0,0,0,3,1,42,84,84,60,0,401
467,0,60,0,0,0,2,1,41,64,64,60,0,307
468,0,60,0,0,0,3,1,41,64,64,60,0,305
469,0,60,0,0,0,3,1,42,77,77,60,0,352
470,0,60,0,0,0,4,1,42,84,84,60,0,401
471,0,60,0,0,0,3,1,41,64,64,60,0,307
472,0,60,0,0,0,4,2,30,64,64,60,0,327
472,4,60,0,0,2,6,2,33,110,66,60,0,440
473,0,60,0,0,0,12,1,39,77,77,60,0,398
474,0,60,0,0,0,12,4,38,84,84,60,0,447
475,0,60,0,0,0,4,2,30,64,64,60,0,353
475,4,60,0,0,2,6,2,33,110,70,60,0,448
476,0,60,0,0,0,3,1,29,64,64,60,0,327
476,4,60,0,0,2,4,1,32,110,66,60,0,440
477,0,60,0,0,0,6,2,40,77,77,60,0,398
478,0,60,0,0,0,9,2,36,84,84,60,0,447
479,0,60,0,0,0,3,1,29,64,64,60,0,353
479,4,60,0,0,2,4,1,32,110,70,60,0,448
480,0,60,0,0,0,0,0,31,51,51,60,0,263
480,2,60,0,0,2,0,0,34,98,58,60,0,358
481,0,60,0,0,0,1,0,32,64,64,60,0,310
481,2,60,0,0,2,1,0,35,110,70,60,0,399
482,0,60,0,0,0,0,0,31,64,64,60,0,335
482,2,60,0,0,2,0,0,34,98,58,60,0,360
483,0,60,0,0,0,0,0,31,51,51,60,0,265
483,2,60,0,0,2,0,0,34,98,58,60,0,360
484,0,60,0,0,0,1,0,31,51,51,60,0,263
484,2,60,0,0,2,2,0,34,98,58,60,0,358
485,0,60,0,0,0,1,0,32,64,64,60,0,310
485,2,60,0,0,2,2,0,35,110,70,60,0,399
486,0,60,0,0,0,1,0,31,64,64,60,0,335
486,2,60,0,0,2,2,0,34,98,58,60,0,360
487,0,60,0,0,0,1,0,31,51,51,60,0,265
487,2,60,0,0,2,2,0,34,98,58,60,0,360
488,0,60,0,0,0,1,1,19,51,51,60,0,284
488,2,60,0,0,6,1,3,25,98,58,60,0,381
488,4,60,0,0,3,3,1,23,98,54,60,0,401
488,6,60,0,0,9,3,3,29,141,57,60,0,478
489,0,60,0,0,0,9,0,28,64,64,60,0,353
489,2,60,0,0,2,6,0,31,110,70,60,0,448
490,0,60,0,0,0,4,2,22,64,64,60,0,378
490,2,60,0,0,6,1,3,25,98,58,60,0,409
490,4,60,0,0,9,9,3,29,132,65,60,0,484
490,6,60,0,0,9,3,3,29,141,65,60,0,502
491,0,60,0,0,0,1,1,19,51,51,60,0,308
491,2,60,0,0,6,1,3,25,98,58,60,0,409
491,4,60,0,0,3,3,1,23,98,58,60,0,409
491,6,60,0,0,9,3,3,29,141,61,60,0,486
492,0,60,0,0,0,0,0,18,51,51,60,0,284
492,2,60,0,0,3,0,0,22,98,58,60,0,381
492,4,60,0,0,3,0,0,22,98,54,60,0,401
492,6,60,0,0,6,0,0,26,141,57,60,0,478
493,0,60,0,0,0,3,1,29,64,64,60,0,353
493,2,60,0,0,2,4,1,32,110,70,60,0,448
494,0,60,0,0,0,2,1,21,64,64,60,0,378
494,2,60,0,0,3,0,1,23,98,58,60,0,409
494,4,60,0,3,9,4,3,29,132,65,60,0,484
494,6,60,0,3,9,0,3,29,141,65,60,0,502
495,0,60,0,0,0,0,0,18,51,51,60,0,308
495,2,60,0,0,3,0,0,22,98,58,60,0,409
495,4,60,0,0,3,0,0,22,98,58,60,0,409
495,6,60,0,0,6,0,0,26,141,61,60,0,486
496,0,60,0,0,0,2,1,41,64,64,60,0,303
497,0,60,0,0,0,3,0,42,84,84,60,0,376
498,0,60,0,0,0,3,2,42,77,77,60,0,377
499,0,60,0,0,0,2,1,41,64,64,60,0,307
500,0,60,0,0,0,9,0,40,64,64,60,0,303
501,0,60,0,0,0,10,0,42,84,84,60,0,376
502,0,60,0,0,0,9,0,40,77,77,60,0,377
503,0,60,0,0,0,9,0,40,64,64,60,0,307
504,0,60,0,0,0,2,8,28,64,64,60,0,340
504,4,60,0,0,2,4,9,31,98,54,60,0,401
505,0,60,0,0,0,12,5,39,84,84,60,0,447
506,0,60,0,0,0,8,12,34,77,77,60,0,448
507,0,60,0,0,0,2,8,28,64,64,60,0,378
507,4,60,0,0,2,4,9,31,98,58,60,0,409
508,0,60,0,0,0,2,1,21,64,64,60,0,340
508,2,60,0,3,9,4,3,29,132,61,60,0,476
508,4,60,0,0,3,0,1,23,98,54,60,0,401
508,6,60,0,3,9,0,3,29,141,61,60,0,494
509,0,60,0,0,0,9,2,36,84,84,60,0,447
510,0,60,0,0,0,6,4,26,77,77,60,0,448
510,2,60,0,6,12,6,6,32,132,69,60,0,500
510,4,60,0,6,12,6,6,32,132,69,60,0,500
510,6,60,0,6,12,0,6,32,141,69,60,0,518
511,0,60,0,0,0,2,1,21,64,64,60,0,378
511,2,60,0,3,9,4,3,29,132,65,60,0,484
511,4,60,0,0,3,0,1,23,98,58,60,0,409
511,6,60,0,3,9,0,3,29,141,65,60,0,502
512,0,60,0,0,0,1,0,43,64,64,60,0,258
513,0,60,0,0,0,2,0,44,84,84,60,0,324
514,0,60,0,0,0,2,0,44,77,77,60,0,300
515,0,60,0,0,0,1,0,43,64,64,60,0,260
516,0,60,0,0,0,1,0,43,64,64,60,0,258
517,0,60,0,0,0,1,0,44,84,84,60,0,324
518,0,60,0,0,0,1,0,44,77,77,60,0,300
519,0,60,0,0,0,1,0,43,64,64,60,0,260
520,0,60,0,0,0,3,0,32,64,64,60,0,280
520,4,60,0,0,2,5,0,35,110,66,60,0,387
521,0,60,0,0,0,12,0,42,84,84,60,0,370
522,0,60,0,0,0,11,0,41,77,77,60,0,346
523,0,60,0,0,0,3,0,32,64,64,60,0,306
523,4,60,0,0,2,5,0,35,110,70,60,0,395
524,0,60,0,0,0,1,0,32,64,64,60,0,280
524,4,60,0,0,2,1,0,35,110,66,60,0,387
525,0,60,0,0,0,3,0,42,84,84,60,0,370
526,0,60,0,0,0,3,1,42,77,77,60,0,346
527,0,60,0,0,0,1,0,32,64,64,60,0,306
527,4,60,0,0,2,1,0,35,110,70,60,0,395
528,0,60,0,0,0,2,0,44,77,77,60,0,304
529,0,60,0,0,0,3,0,45,97,97,60,0,372
530,0,60,0,0,0,3,0,45,97,97,60,0,372
531,0,60,0,0,0,2,0,44,77,77,60,0,306
532,0,60,0,0,0,2,0,44,77,77,60,0,304
533,0,60,0,0,0,2,0,45,97,97,60,0,372
534,0,60,0,0,0,2,0,45,97,97,60,0,372
535,0,60,0,0,0,2,0,44,77,77,60,0,306
536,0,60,0,0,0,4,0,33,77,77,60,0,327
536,4,60,0,0,2,6,0,36,122,78,60,0,430
537,0,60,0,0,0,13,0,43,97,97,60,0,421
538,0,60,0,0,0,13,0,43,97,97,60,0,421
539,0,60,0,0,0,4,0,33,77,77,60,0,355
539,4,60,0,0,2,6,0,36,122,82,60,0,438
540,0,60,0,0,0,2,0,33,77,77,60,0,327
540,4,60,0,0,2,2,0,36,122,78,60,0,430
541,0,60,0,0,0,4,0,43,97,97,60,0,421
542,0,60,0,0,0,4,0,43,97,97,60,0,421
543,0,60,0,0,0,2,0,33,77,77,60,0,355
543,4,60,0,0,2,2,0,36,122,82,60,0,438
544,0,60,0,0,0,1,0,43,64,64,60,0,262
545,0,60,0,0,0,2,0,44,84,84,60,0,330
546,0,60,0,0,0,2,0,44,77,77,60,0,306
547,0,60,0,0,0,1,0,43,64,64,60,0,264
548,0,60,0,0,0,1,0,43,64,64,60,0,262
549,0,60,0,0,0,1,0,44,84,84,60,0,330
550,0,60,0,0,0,1,0,44,77,77,60,0,306
551,0,60,0,0,0,1,0,43,64,64,60,0,264
552,0,60,0,0,0,3,0,32,64,64,60,0,284
552,4,60,0,0,2,5,0,35,110,66,60,0,391
553,0,60,0,0,0,12,0,42,84,84,60,0,376
554,0,60,0,0,0,11,0,41,77,77,60,0,352
555,0,60,0,0,0,3,0,32,64,64,60,0,310
555,4,60,0,0,2,5,0,35,110,70,60,0,399
556,0,60,0,0,0,1,0,32,64,64,60,0,284
556,4,60,0,0,2,1,0,35,110,66,60,0,391
557,0,60,0,0,0,3,0,42,84,84,60,0,376
558,0,60,0,0,0,3,1,42,77,77,60,0,352
559,0,60,0,0,0,1,0,32,64,64,60,0,310
559,4,60,0,0,2,1,0,35,110,70,60,0,399
560,0,60,0,0,0,2,0,44,84,84,60,0,324
561,0,60,0,0,0,3,0,45,111,111,60,0,420
562,0,60,0,0,0,3,0,45,97,97,60,0,372
563,0,60,0,0,0,2,0,44,84,84,60,0,330
564,0,60,0,0,0,2,0,44,84,84,60,0,324
565,0,60,0,0,0,2,0,45,111,111,60,0,420
566,0,60,0,0,0,2,0,45,97,97,60,0,372
567,0,60,0,0,0,2,0,44,84,84,60,0,330
568,0,60,0,0,0,3,0,32,84,84,60,0,373
568,4,60,0,0,2,5,0,35,110,66,60,0,391
569,0,60,0,0,0,13,0,43,111,111,60,0,507
570,0,60,0,0,0,11,0,41,97,97,60,0,459
571,0,60,0,0,0,3,0,32,84,84,60,0,417
571,4,60,0,0,2,5,0,35,110,70,60,0,399
572,0,60,0,0,0,1,0,32,84,84,60,0,373
572,4,60,0,0,2,1,0,35,110,66,60,0,391
573,0,60,0,0,0,4,0,43,111,111,60,0,507
574,0,60,0,0,0,4,2,43,97,97,60,0,459
575,0,60,0,0,0,1,0,32,84,84,60,0,417
575,4,60,0,0,2,1,0,35,110,70,60,0,399
576,0,60,0,0,0,1,0,43,64,64,60,0,258
577,0,60,0,0,0,2,0,44,84,84,60,0,324
578,0,60,0,0,0,2,0,44,77,77,60,0,300
579,0,60,0,0,0,1,0,43,64,64,60,0,260
580,0,60,0,0,0,1,0,43,64,64,60,0,258
581,0,60,0,0,0,1,0,44,84,84,60,0,324
582,0,60,0,0,0,2,0,44,77,77,60,0,300
583,0,60,0,0,0,1,0,43,64,64,60,0,260
584,0,60,0,0,0,3,0,32,64,64,60,0,280
584,4,60,0,0,2,5,0,35,110,66,60,0,387
585,0,60,0,0,0,12,0,42,84,84,60,0,370
586,0,60,0,0,0,12,0,41,77,77,60,0,346
587,0,60,0,0,0,3,0,32,64,64,60,0,306
587,4,60,0,0,2,5,0,35,110,70,60,0,395
588,0,60,0,0,0,2,0,32,64,64,60,0,280
588,4,60,0,0,2,3,0,35,110,66,60,0,387
589,0,60,0,0,0,4,0,42,84,84,60,0,370
590,0,60,0,0,0,10,0,41,77,77,60,0,346
591,0,60,0,0,0,2,0,32,64,64,60,0,306
591,4,60,0,0,2,3,0,35,110,70,60,0,395
592,0,60,0,0,0,1,0,44,77,77,60,0,304
593,0,60,0,0,0,2,0,45,97,97,60,0,372
594,0,60,0,0,0,2,0,45,97,97,60,0,372
595,0,60,0,0,0,1,0,44,77,77,60,0,306
596,0,60,0,0,0,1,0,44,77,77,60,0,304
597,0,60,0,0,0,1,0,45,97,97,60,0,372
598,0,60,0,0,0,2,0,45,97,97,60,0,372
599,0,60,0,0,0,1,0,44,77,77,60,0,306
600,0,60,0,0,0,3,0,33,77,77,60,0,327
600,4,60,0,0,2,5,0,36,122,78,60,0,430
601,0,60,0,0,0,12,0,43,97,97,60,0,421
602,0,60,0,0,0,13,0,43,97,97,60,0,421
603,0,60,0,0,0,3,0,33,77,77,60,0,355
603,4,60,0,0,2,5,0,36,122,82,60,0,438
604,0,60,0,0,0,2,0,33,77,77,60,0,327
604,4,60,0,0,2,3,0,36,122,78,60,0,430
605,0,60,0,0,0,4,0,43,97,97,60,0,421
606,0,60,0,0,0,11,0,43,97,97,60,0,421
607,0,60,0,0,0,2,0,33,77,77,60,0,355
607,4,60,0,0,2,3,0,36,122,82,60,0,438
608,0,60,0,0,0,1,0,43,64,64,60,0,262
609,0,60,0,0,0,2,0,44,84,84,60,0,330
610,0,60,0,0,0,2,0,44,77,77,60,0,306
611,0,60,0,0,0,1,0,43,64,64,60,0,264
612,0,60,0,0,0,1,0,43,64,64,60,0,262
613,0,60,0,0,0,1,0,44,84,84,60,0,330
614,0,60,0,0,0,2,0,44,77,77,60,0,306
615,0,60,0,0,0,1,0,43,64,64,60,0,264
616,0,60,0,0,0,3,0,32,64,64,60,0,284
616,4,60,0,0,2,5,0,35,110,66,60,0,391
617,0,60,0,0,0,12,0,42,84,84,60,0,376
618,0,60,0,0,0,12,0,41,77,77,60,0,352
619,0,60,0,0,0,3,0,32,64,64,60,0,310
619,4,60,0,0,2,5,0,35,110,70,60,0,399
620,0,60,0,0,0,2,0,32,64,64,60,0,284
620,4,60,0,0,2,3,0,35,110,66,60,0,391
621,0,60,0,0,0,4,0,42,84,84,60,0,376
622,0,60,0,0,0,10,0,41,77,77,60,0,352
623,0,60,0,0,0,2,0,32,64,64,60,0,310
623,4,60,0,0,2,3,0,35,110,70,60,0,399
624,0,60,0,0,0,1,0,44,84,84,60,0,324
625,0,60,0,0,0,2,0,45,111,111,60,0,420
626,0,60,0,0,0,2,0,45,97,97,60,0,372
627,0,60,0,0,0,1,0,44,84,84,60,0,330
628,0,60,0,0,0,2,0,44,84,84,60,0,324
629,0,60,0,0,0,2,0,45,111,111,60,0,420
630,0,60,0,0,0,3,0,45,97,97,60,0,372
631,0,60,0,0,0,2,0,44,84,84,60,0,330
632,0,60,0,0,0,3,1,33,84,84,60,0,373
632,4,60,0,0,2,5,1,36,110,66,60,0,391
633,0,60,0,0,0,12,0,43,111,111,60,0,507
634,0,60,0,0,0,13,2,43,97,97,60,0,459
635,0,60,0,0,0,3,1,33,84,84,60,0,417
635,4,60,0,0,2,5,1,36,110,70,60,0,399
636,0,60,0,0,0,2,0,32,84,84,60,0,373
636,4,60,0,0,2,3,0,35,110,66,60,0,391
637,0,60,0,0,0,5,0,43,111,111,60,0,507
638,0,60,0,0,0,10,0,41,97,97,60,0,459
639,0,60,0,0,0,2,0,32,84,84,60,0,417
639,4,60,0,0,2,3,0,35,110,70,60,0,399
640,0,60,0,0,0,2,0,31,64,64,60,0,295
640,2,60,0,0,2,4,0,34,98,54,60,0,350
641,0,60,0,0,0,3,0,32,84,84,60,0,373
641,2,60,0,0,2,5,0,35,110,66,60,0,391
642,0,60,0,0,0,2,0,31,77,77,60,0,353
642,2,60,0,0,2,4,0,34,98,54,60,0,352
643,0,60,0,0,0,2,0,31,64,64,60,0,297
643,2,60,0,0,2,4,0,34,98,54,60,0,352
644,0,60,0,0,0,2,0,31,64,64,60,0,295
644,2,60,0,0,2,4,0,34,98,54,60,0,350
645,0,60,0,0,0,2,0,32,84,84,60,0,373
645,2,60,0,0,2,4,0,35,110,66,60,0,391
646,0,60,0,0,0,2,1,32,77,77,60,0,353
646,2,60,0,0,2,4,1,35,98,54,60,0,352
647,0,60,0,0,0,2,0,31,64,64,60,0,297
647,2,60,0,0,2,4,0,34,98,54,60,0,352
648,0,60,0,0,0,2,0,18,64,64,60,0,317
648,2,60,0,0,3,4,0,22,98,54,60,0,373
648,4,60,0,0,3,4,0,22,110,66,60,0,426
648,6,60,0,0,6,6,0,26,141,53,60,0,470
649,0,60,0,0,0,11,0,28,84,84,60,0,419
649,2,60,0,0,2,12,0,31,110,66,60,0,440
650,0,60,0,0,0,4,1,21,77,77,60,0,399
650,2,60,0,0,3,4,1,23,98,54,60,0,401
650,4,60,0,0,9,8,3,29,137,61,60,0,486
650,6,60,0,0,9,6,3,29,141,61,60,0,494
651,0,60,0,0,0,2,0,18,64,64,60,0,343
651,2,60,0,0,3,4,0,22,98,54,60,0,401
651,4,60,0,0,3,4,0,22,110,70,60,0,434
651,6,60,0,0,6,6,0,26,141,57,60,0,478
652,0,60,0,0,0,1,1,19,64,64,60,0,317
652,2,60,0,0,3,3,1,23,98,54,60,0,373
652,4,60,0,0,6,1,3,25,110,66,60,0,426
652,6,60,0,0,9,3,3,29,141,53,60,0,470
653,0,60,0,0,0,4,2,30,84,84,60,0,419
653,2,60,0,0,2,6,2,33,110,66,60,0,440
654,0,60,0,0,0,2,8,28,77,77,60,0,399
654,2,60,0,0,2,4,9,31,98,54,60,0,401
655,0,60,0,0,0,1,1,19,64,64,60,0,343
655,2,60,0,0,3,3,1,23,98,54,60,0,401
655,4,60,0,0,6,1,3,25,110,70,60,0,434
655,6,60,0,0,9,3,3,29,141,57,60,0,478
656,0,60,0,0,0,10,0,40,77,77,60,0,375
657,0,60,0,0,0,11,0,41,97,97,60,0,459
658,0,60,0,0,0,11,0,41,97,97,60,0,471
659,0,60,0,0,0,10,0,40,77,77,60,0,377
660,0,60,0,0,0,10,0,40,77,77,60,0,375
661,0,60,0,0,0,10,0,41,97,97,60,0,459
662,0,60,0,0,0,10,0,41,97,97,60,0,471
663,0,60,0,0,0,10,0,40,77,77,60,0,377
664,0,60,0,0,0,11,0,28,77,77,60,0,398
664,4,60,0,0,2,12,0,31,122,78,60,0,507
665,0,60,0,0,0,20,0,38,97,97,60,0,508
666,0,60,0,0,0,16,0,34,97,97,60,0,520
667,0,60,0,0,0,11,0,28,77,77,60,0,426
667,4,60,0,0,2,12,0,31,122,82,60,0,515
668,0,60,0,0,0,9,0,28,77,77,60,0,398
668,4,60,0,0,2,6,0,31,122,78,60,0,507
669,0,60,0,0,0,12,1,39,97,97,60,0,508
670,0,60,0,0,0,12,5,39,97,97,60,0,520
671,0,60,0,0,0,9,0,28,77,77,60,0,426
671,4,60,0,0,2,6,0,31,122,82,60,0,515
672,0,60,0,0,0,2,0,31,64,64,60,0,333
672,2,60,0,0,2,4,0,34,98,58,60,0,358
673,0,60,0,0,0,3,0,32,84,84,60,0,417
673,2,60,0,0,2,5,0,35,110,70,60,0,399
674,0,60,0,0,0,2,0,31,77,77,60,0,405
674,2,60,0,0,2,4,0,34,98,58,60,0,360
675,0,60,0,0,0,2,0,31,64,64,60,0,335
675,2,60,0,0,2,4,0,34,98,58,60,0,360
676,0,60,0,0,0,2,0,31,64,64,60,0,333
676,2,60,0,0,2,4,0,34,98,58,60,0,358
677,0,60,0,0,0,2,0,32,84,84,60,0,417
677,2,60,0,0,2,4,0,35,110,70,60,0,399
678,0,60,0,0,0,2,1,32,77,77,60,0,405
678,2,60,0,0,2,4,1,35,98,58,60,0,360
679,0,60,0,0,0,2,0,31,64,64,60,0,335
679,2,60,0,0,2,4,0,34,98,58,60,0,360
680,0,60,0,0,0,2,0,18,64,64,60,0,355
680,2,60,0,0,3,4,0,22,98,58,60,0,381
680,4,60,0,0,3,4,0,22,110,66,60,0,468
680,6,60,0,0,6,6,0,26,141,57,60,0,478
681,0,60,0,0,0,11,0,28,84,84,60,0,463
681,2,60,0,0,2,12,0,31,110,70,60,0,448
682,0,60,0,0,0,4,1,21,77,77,60,0,451
682,2,60,0,0,3,4,1,23,98,58,60,0,409
682,4,60,0,0,9,8,3,29,137,65,60,0,494
682,6,60,0,0,9,6,3,29,141,65,60,0,502
683,0,60,0,0,0,2,0,18,64,64,60,0,381
683,2,60,0,0,3,4,0,22,98,58,60,0,409
683,4,60,0,0,3,4,0,22,110,70,60,0,476
683,6,60,0,0,6,6,0,26,141,61,60,0,486
684,0,60,0,0,0,1,1,19,64,64,60,0,355
684,2,60,0,0,3,3,1,23,98,58,60,0,381
684,4,60,0,0,6,1,3,25,110,66,60,0,468
684,6,60,0,0,9,3,3,29,141,57,60,0,478
685,0,60,0,0,0,4,2,30,84,84,60,0,463
685,2,60,0,0,2,6,2,33,110,70,60,0,448
686,0,60,0,0,0,2,8,28,77,77,60,0,451
686,2,60,0,0,2,4,9,31,98,58,60,0,409
687,0,60,0,0,0,1,1,19,64,64,60,0,381
687,2,60,0,0,3,3,1,23,98,58,60,0,409
687,4,60,0,0,6,1,3,25,110,70,60,0,476
687,6,60,0,0,9,3,3,29,141,61,60,0,486
688,0,60,0,0,0,11,0,41,84,84,60,0,395
689,0,60,0,0,0,13,0,43,111,111,60,0,507
690,0,60,0,0,0,11,0,41,97,97,60,0,471
691,0,60,0,0,0,11,0,41,84,84,60,0,401
692,0,60,0,0,0,12,0,41,84,84,60,0,395
693,0,60,0,0,0,13,0,43,111,111,60,0,507
694,0,60,0,0,0,13,2,43,97,97,60,0,471
695,0,60,0,0,0,12,0,41,84,84,60,0,401
696,0,60,0,0,0,4,1,21,84,84,60,0,444
696,2,60,0,0,9,8,3,29,132,61,60,0,476
696,4,60,0,0,3,4,1,23,110,66,60,0,468
696,6,60,0,0,9,6,3,29,141,61,60,0,494
697,0,60,0,0,0,16,0,34,111,111,60,0,594
698,0,60,0,0,0,8,4,26,97,97,60,0,558
698,2,60,0,0,12,10,6,32,132,69,60,0,500
698,4,60,0,0,12,10,6,32,137,69,60,0,510
698,6,60,0,0,12,6,6,32,141,69,60,0,518
699,0,60,0,0,0,4,1,21,84,84,60,0,488
699,2,60,0,0,9,8,3,29,132,65,60,0,484
699,4,60,0,0,3,4,1,23,110,70,60,0,476
699,6,60,0,0,9,6,3,29,141,65,60,0,502
700,0,60,0,0,0,4,2,22,84,84,60,0,444
700,2,60,0,0,9,9,3,29,132,61,60,0,476
700,4,60,0,0,6,1,3,25,110,66,60,0,468
700,6,60,0,0,9,3,3,29,141,61,60,0,494
701,0,60,0,0,0,13,5,39,111,111,60,0,594
702,0,60,0,0,0,9,13,35,97,97,60,0,558
703,0,60,0,0,0,4,2,22,84,84,60,0,488
703,2,60,0,0,9,9,3,29,132,65,60,0,484
703,4,60,0,0,6,1,3,25,110,70,60,0,476
703,6,60,0,0,9,3,3,29,141,65,60,0,502
704,0,60,0,0,0,0,0,31,64,64,60,0,295
704,2,60,0,0,2,0,0,34,98,54,60,0,350
705,0,60,0,0,0,1,0,32,84,84,60,0,373
705,2,60,0,0,2,1,0,35,110,66,60,0,391
706,0,60,0,0,0,0,0,31,77,77,60,0,353
706,2,60,0,0,2,0,0,34,98,54,60,0,352
707,0,60,0,0,0,0,0,31,64,64,60,0,297
707,2,60,0,0,2,0,0,34,98,54,60,0,352
708,0,60,0,0,0,1,0,31,64,64,60,0,295
708,2,60,0,0,2,2,0,34,98,54,60,0,350
709,0,60,0,0,0,1,0,32,84,84,60,0,373
709,2,60,0,0,2,2,0,35,110,66,60,0,391
710,0,60,0,0,0,1,0,31,77,77,60,0,353
710,2,60,0,0,2,2,0,34,98,54,60,0,352
711,0,60,0,0,0,1,0,31,64,64,60,0,297
711,2,60,0,0,2,2,0,34,98,54,60,0,352
712,0,60,0,0,0,1,1,19,64,64,60,0,317
712,2,60,0,0,6,1,3,25,98,54,60,0,373
712,4,60,0,0,3,3,1,23,110,66,60,0,426
712,6,60,0,0,9,3,3,29,141,53,60,0,470
713,0,60,0,0,0,9,0,28,84,84,60,0,419
713,2,60,0,0,2,6,0,31,110,66,60,0,440
714,0,60,0,0,0,4,2,22,77,77,60,0,399
714,2,60,0,0,6,1,3,25,98,54,60,0,401
714,4,60,0,0,9,9,3,29,137,61,60,0,486
714,6,60,0,0,9,3,3,29,141,61,60,0,494
715,0,60,0,0,0,1,1,19,64,64,60,0,343
715,2,60,0,0,6,1,3,25,98,54,60,0,401
715,4,60,0,0,3,3,1,23,110,70,60,0,434
715,6,60,0,0,9,3,3,29,141,57,60,0,478
716,0,60,0,0,0,0,0,18,64,64,60,0,317
716,2,60,0,0,3,0,0,22,98,54,60,0,373
716,4,60,0,0,3,0,0,22,110,66,60,0,426
716,6,60,0,0,6,0,0,26,141,53,60,0,470
717,0,60,0,0,0,3,1,29,84,84,60,0,419
717,2,60,0,0,2,4,1,32,110,66,60,0,440
718,0,60,0,0,0,2,1,21,77,77,60,0,399
718,2,60,0,0,3,0,1,23,98,54,60,0,401
718,4,60,0,3,9,4,3,29,137,61,60,0,486
718,6,60,0,3,9,0,3,29,141,61,60,0,494
719,0,60,0,0,0,0,0,18,64,64,60,0,343
719,2,60,0,0,3,0,0,22,98,54,60,0,401
719,4,60,0,0,3,0,0,22,110,70,60,0,434
719,6,60,0,0,6,0,0,26,141,57,60,0,478
720,0,60,0,0,0,3,2,42,77,77,60,0,375
721,0,60,0,0,0,4,2,43,97,97,60,0,459
722,0,60,0,0,0,4,2,43,97,97,60,0,471
723,0,60,0,0,0,3,2,42,77,77,60,0,377
724,0,60,0,0,0,4,2,42,77,77,60,0,375
725,0,60,0,0,0,4,2,43,97,97,60,0,459
726,0,60,0,0,0,5,2,43,97,97,60,0,471
727,0,60,0,0,0,4,2,42,77,77,60,0,377
728,0,60,0,0,0,5,3,31,77,77,60,0,398
728,4,60,0,0,2,7,3,34,122,78,60,0,507
729,0,60,0,0,0,14,3,41,97,97,60,0,508
730,0,60,0,0,0,13,5,39,97,97,60,0,520
731,0,60,0,0,0,5,3,31,77,77,60,0,426
731,4,60,0,0,2,7,3,34,122,82,60,0,515
732,0,60,0,0,0,4,2,30,77,77,60,0,398
732,4,60,0,0,2,5,2,33,122,78,60,0,507
733,0,60,0,0,0,7,3,41,97,97,60,0,508
734,0,60,0,0,0,10,3,37,97,97,60,0,520
735,0,60,0,0,0,4,2,30,77,77,60,0,426
735,4,60,0,0,2,5,2,33,122,82,60,0,515
736,0,60,0,0,0,0,0,31,64,64,60,0,333
736,2,60,0,0,2,0,0,34,98,58,60,0,358
737,0,60,0,0,0,1,0,32,84,84,60,0,417
737,2,60,0,0,2,1,0,35,110,70,60,0,399
738,0,60,0,0,0,0,0,31,77,77,60,0,405
738,2,60,0,0,2,0,0,34,98,58,60,0,360
739,0,60,0,0,0,0,0,31,64,64,60,0,335
739,2,60,0,0,2,0,0,34,98,58,60,0,360
740,0,60,0,0,0,1,0,31,64,64,60,0,333
740,2,60,0,0,2,2,0,34,98,58,60,0,358
741,0,60,0,0,0,1,0,32,84,84,60,0,417
741,2,60,0,0,2,2,0,35,110,70,60,0,399
742,0,60,0,0,0,1,0,31,77,77,60,0,405
742,2,60,0,0,2,2,0,34,98,58,60,0,360
743,0,60,0,0,0,1,0,31,64,64,60,0,335
743,2,60,0,0,2,2,0,34,98,58,60,0,360
744,0,60,0,0,0,1,1,19,64,64,60,0,355
744,2,60,0,0,6,1,3,25,98,58,60,0,381
744,4,60,0,0,3,3,1,23,110,66,60,0,468
744,6,60,0,0,9,3,3,29,141,57,60,0,478
745,0,60,0,0,0,9,0,28,84,84,60,0,463
745,2,60,0,0,2,6,0,31,110,70,60,0,448
746,0,60,0,0,0,4,2,22,77,77,60,0,451
746,2,60,0,0,6,1,3,25,98,58,60,0,409
746,4,60,0,0,9,9,3,29,137,65,60,0,494
746,6,60,0,0,9,3,3,29,141,65,60,0,502
747,0,60,0,0,0,1,1,19,64,64,60,0,381
747,2,60,0,0,6,1,3,25,98,58,60,0,409
747,4,60,0,0,3,3,1,23,110,70,60,0,476
747,6,60,0,0,9,3,3,29,141,61,60,0,486
748,0,60,0,0,0,0,0,18,64,64,60,0,355
748,2,60,0,0,3,0,0,22,98,58,60,0,381
748,4,60,0,0,3,0,0,22,110,66,60,0,468
748,6,60,0,0,6,0,0,26,141,57,60,0,478
749,0,60,0,0,0,3,1,29,84,84,60,0,463
749,2,60,0,0,2,4,1,32,110,70,60,0,448
750,0,60,0,0,0,2,1,21,77,77,60,0,451
750,2,60,0,0,3,0,1,23,98,58,60,0,409
750,4,60,0,3,9,4,3,29,137,65,60,0,494
750,6,60,0,3,9,0,3,29,141,65,60,0,502
751,0,60,0,0,0,0,0,18,64,64,60,0,381
751,2,60,0,0,3,0,0,22,98,58,60,0,409
751,4,60,0,0,3,0,0,22,110,70,60,0,476
751,6,60,0,0,6,0,0,26,141,61,60,0,486
752,0,60,0,0,0,3,1,42,84,84,60,0,395
753,0,60,0,0,0,4,0,43,111,111,60,0,507
754,0,60,0,0,0,4,2,43,97,97,60,0,471
755,0,60,0,0,0,3,1,42,84,84,60,0,401
756,0,60,0,0,0,10,0,41,84,84,60,0,395
757,0,60,0,0,0,11,0,43,111,111,60,0,507
758,0,60,0,0,0,10,0,41,97,97,60,0,471
759,0,60,0,0,0,10,0,41,84,84,60,0,401
760,0,60,0,0,0,3,9,29,84,84,60,0,444
760,4,60,0,0,2,5,10,32,110,66,60,0,468
761,0,60,0,0,0,14,7,41,111,111,60,0,594
762,0,60,0,0,0,9,13,35,97,97,60,0,558
763,0,60,0,0,0,3,9,29,84,84,60,0,488
763,4,60,0,0,2,5,10,32,110,70,60,0,476
764,0,60,0,0,0,2,1,21,84,84,60,0,444
764,2,60,0,3,9,4,3,29,132,61,60,0,476
764,4,60,0,0,3,0,1,23,110,66,60,0,468
764,6,60,0,3,9,0,3,29,141,61,60,0,494
765,0,60,0,0,0,10,3,37,111,111,60,0,594
766,0,60,0,0,0,6,4,26,97,97,60,0,558
766,2,60,0,6,12,6,6,32,132,69,60,0,500
766,4,60,0,6,12,6,6,32,137,69,60,0,510
766,6,60,0,6,12,0,6,32,141,69,60,0,518
767,0,60,0,0,0,2,1,21,84,84,60,0,488
767,2,60,0,3,9,4,3,29,132,65,60,0,484
767,4,60,0,0,3,0,1,23,110,70,60,0,476
767,6,60,0,3,9,0,3,29,141,65,60,0,502
768,0,60,0,0,0,1,0,43,64,64,60,0,258
769,0,60,0,0,0,2,0,44,77,77,60,0,304
770,0,60,0,0,0,2,0,44,84,84,60,0,324
771,0,60,0,0,0,1,0,43,64,64,60,0,262
772,0,60,0,0,0,1,0,43,64,64,60,0,258
773,0,60,0,0,0,1,0,44,77,77,60,0,304
774,0,60,0,0,0,1,0,44,84,84,60,0,324
775,0,60,0,0,0,1,0,43,64,64,60,0,262
776,0,60,0,0,0,2,0,31,64,64,60,0,295
776,4,60,0,0,2,4,0,34,98,54,60,0,350
777,0,60,0,0,0,10,0,40,77,77,60,0,375
778,0,60,0,0,0,11,0,41,84,84,60,0,395
779,0,60,0,0,0,2,0,31,64,64,60,0,333
779,4,60,0,0,2,4,0,34,98,58,60,0,358
780,0,60,0,0,0,0,0,31,64,64,60,0,295
780,4,60,0,0,2,0,0,34,98,54,60,0,350
781,0,60,0,0,0,3,2,42,77,77,60,0,375
782,0,60,0,0,0,3,1,42,84,84,60,0,395
783,0,60,0,0,0,0,0,31,64,64,60,0,333
783,4,60,0,0,2,0,0,34,98,58,60,0,358
784,0,60,0,0,0,2,0,44,84,84,60,0,324
785,0,60,0,0,0,3,0,45,97,97,60,0,372
786,0,60,0,0,0,3,0,45,111,111,60,0,420
787,0,60,0,0,0,2,0,44,84,84,60,0,330
788,0,60,0,0,0,2,0,44,84,84,60,0,324
789,0,60,0,0,0,2,0,45,97,97,60,0,372
790,0,60,0,0,0,2,0,45,111,111,60,0,420
791,0,60,0,0,0,2,0,44,84,84,60,0,330
792,0,60,0,0,0,3,0,32,84,84,60,0,373
792,4,60,0,0,2,5,0,35,110,66,60,0,391
793,0,60,0,0,0,11,0,41,97,97,60,0,459
794,0,60,0,0,0,13,0,43,111,111,60,0,507
795,0,60,0,0,0,3,0,32,84,84,60,0,417
795,4,60,0,0,2,5,0,35,110,70,60,0,399
796,0,60,0,0,0,1,0,32,84,84,60,0,373
796,4,60,0,0,2,1,0,35,110,66,60,0,391
797,0,60,0,0,0,4,2,43,97,97,60,0,459
798,0,60,0,0,0,4,0,43,111,111,60,0,507
799,0,60,0,0,0,1,0,32,84,84,60,0,417
799,4,60,0,0,2,1,0,35,110,70,60,0,399
800,0,60,0,0,0,1,0,43,64,64,60,0,260
801,0,60,0,0,0,2,0,44,77,77,60,0,306
802,0,60,0,0,0,2,0,44,84,84,60,0,330
803,0,60,0,0,0,1,0,43,64,64,60,0,264
804,0,60,0,0,0,1,0,43,64,64,60,0,260
805,0,60,0,0,0,1,0,44,77,77,60,0,306
806,0,60,0,0,0,1,0,44,84,84,60,0,330
807,0,60,0,0,0,1,0,43,64,64,60,0,264
808,0,60,0,0,0,2,0,31,64,64,60,0,297
808,4,60,0,0,2,4,0,34,98,54,60,0,352
809,0,60,0,0,0,10,0,40,77,77,60,0,377
810,0,60,0,0,0,11,0,41,84,84,60,0,401
811,0,60,0,0,0,2,0,31,64,64,60,0,335
811,4,60,0,0,2,4,0,34,98,58,60,0,360
812,0,60,0,0,0,0,0,31,64,64,60,0,297
812,4,60,0,0,2,0,0,34,98,54,60,0,352
813,0,60,0,0,0,3,2,42,77,77,60,0,377
814,0,60,0,0,0,3,1,42,84,84,60,0,401
815,0,60,0,0,0,0,0,31,64,64,60,0,335
815,4,60,0,0,2,0,0,34,98,58,60,0,360
816,0,60,0,0,0,2,0,44,77,77,60,0,300
817,0,60,0,0,0,3,0,45,97,97,60,0,372
818,0,60,0,0,0,3,0,45,97,97,60,0,372
819,0,60,0,0,0,2,0,44,77,77,60,0,306
820,0,60,0,0,0,2,0,44,77,77,60,0,300
821,0,60,0,0,0,2,0,45,97,97,60,0,372
822,0,60,0,0,0,2,0,45,97,97,60,0,372
823,0,60,0,0,0,2,0,44,77,77,60,0,306
824,0,60,0,0,0,2,0,31,77,77,60,0,353
824,4,60,0,0,2,4,0,34,98,54,60,0,352
825,0,60,0,0,0,11,0,41,97,97,60,0,471
826,0,60,0,0,0,11,0,41,97,97,60,0,471
827,0,60,0,0,0,2,0,31,77,77,60,0,405
827,4,60,0,0,2,4,0,34,98,58,60,0,360
828,0,60,0,0,0,0,0,31,77,77,60,0,353
828,4,60,0,0,2,0,0,34,98,54,60,0,352
829,0,60,0,0,0,4,2,43,97,97,60,0,471
830,0,60,0,0,0,4,2,43,97,97,60,0,471
831,0,60,0,0,0,0,0,31,77,77,60,0,405
831,4,60,0,0,2,0,0,34,98,58,60,0,360
832,0,60,0,0,0,1,0,43,64,64,60,0,258
833,0,60,0,0,0,2,0,44,77,77,60,0,304
834,0,60,0,0,0,2,0,44,84,84,60,0,324
835,0,60,0,0,0,1,0,43,64,64,60,0,262
836,0,60,0,0,0,1,0,43,64,64,60,0,258
837,0,60,0,0,0,1,0,44,77,77,60,0,304
838,0,60,0,0,0,2,0,44,84,84,60,0,324
839,0,60,0,0,0,1,0,43,64,64,60,0,262
840,0,60,0,0,0,2,0,31,64,64,60,0,295
840,4,60,0,0,2,4,0,34,98,54,60,0,350
841,0,60,0,0,0,10,0,40,77,77,60,0,375
842,0,60,0,0,0,12,0,41,84,84,60,0,395
843,0,60,0,0,0,2,0,31,64,64,60,0,333
843,4,60,0,0,2,4,0,34,98,58,60,0,358
844,0,60,0,0,0,1,0,31,64,64,60,0,295
844,4,60,0,0,2,2,0,34,98,54,60,0,350
845,0,60,0,0,0,4,2,42,77,77,60,0,375
846,0,60,0,0,0,10,0,41,84,84,60,0,395
847,0,60,0,0,0,1,0,31,64,64,60,0,333
847,4,60,0,0,2,2,0,34,98,58,60,0,358
848,0,60,0,0,0,1,0,44,84,84,60,0,324
849,0,60,0,0,0,2,0,45,97,97,60,0,372
850,0,60,0,0,0,2,0,45,111,111,60,0,420
851,0,60,0,0,0,1,0,44,84,84,60,0,330
852,0,60,0,0,0,1,0,44,84,84,60,0,324
853,0,60,0,0,0,1,0,45,97,97,60,0,372
854,0,60,0,0,0,2,0,45,111,111,60,0,420
855,0,60,0,0,0,1,0,44,84,84,60,0,330
856,0,60,0,0,0,2,0,32,84,84,60,0,373
856,4,60,0,0,2,4,0,35,110,66,60,0,391
857,0,60,0,0,0,10,0,41,97,97,60,0,459
858,0,60,0,0,0,13,0,43,111,111,60,0,507
859,0,60,0,0,0,2,0,32,84,84,60,0,417
859,4,60,0,0,2,4,0,35,110,70,60,0,399
860,0,60,0,0,0,1,0,32,84,84,60,0,373
860,4,60,0,0,2,2,0,35,110,66,60,0,391
861,0,60,0,0,0,4,2,43,97,97,60,0,459
862,0,60,0,0,0,11,0,43,111,111,60,0,507
863,0,60,0,0,0,1,0,32,84,84,60,0,417
863,4,60,0,0,2,2,0,35,110,70,60,0,399
864,0,60,0,0,0,1,0,43,64,64,60,0,260
865,0,60,0,0,0,2,0,44,77,77,60,0,306
866,0,60,0,0,0,2,0,44,84,84,60,0,330
867,0,60,0,0,0,1,0,43,64,64,60,0,264
868,0,60,0,0,0,1,0,43,64,64,60,0,260
869,0,60,0,0,0,1,0,44,77,77,60,0,306
870,0,60,0,0,0,2,0,44,84,84,60,0,330
871,0,60,0,0,0,1,0,43,64,64,60,0,264
872,0,60,0,0,0,2,0,31,64,64,60,0,297
872,4,60,0,0,2,4,0,34,98,54,60,0,352
873,0,60,0,0,0,10,0,40,77,77,60,0,377
874,0,60,0,0,0,12,0,41,84,84,60,0,401
875,0,60,0,0,0,2,0,31,64,64,60,0,335
875,4,60,0,0,2,4,0,34,98,58,60,0,360
876,0,60,0,0,0,1,0,31,64,64,60,0,297
876,4,60,0,0,2,2,0,34,98,54,60,0,352
877,0,60,0,0,0,4,2,42,77,77,60,0,377
878,0,60,0,0,0,10,0,41,84,84,60,0,401
879,0,60,0,0,0,1,0,31,64,64,60,0,335
879,4,60,0,0,2,2,0,34,98,58,60,0,360
880,0,60,0,0,0,1,0,44,77,77,60,0,300
881,0,60,0,0,0,2,0,45,97,97,60,0,372
882,0,60,0,0,0,2,0,45,97,97,60,0,372
883,0,60,0,0,0,1,0,44,77,77,60,0,306
884,0,60,0,0,0,2,0,44,77,77,60,0,300
885,0,60,0,0,0,2,0,45,97,97,60,0,372
886,0,60,0,0,0,3,0,45,97,97,60,0,372
887,0,60,0,0,0,2,0,44,77,77,60,0,306
888,0,60,0,0,0,2,1,32,77,77,60,0,353
888,4,60,0,0,2,4,1,35,98,54,60,0,352
889,0,60,0,0,0,10,0,41,97,97,60,0,471
890,0,60,0,0,0,13,2,43,97,97,60,0,471
891,0,60,0,0,0,2,1,32,77,77,60,0,405
891,4,60,0,0,2,4,1,35,98,58,60,0,360
892,0,60,0,0,0,1,0,31,77,77,60,0,353
892,4,60,0,0,2,2,0,34,98,54,60,0,352
893,0,60,0,0,0,5,2,43,97,97,60,0,471
894,0,60,0,0,0,10,0,41,97,97,60,0,471
895,0,60,0,0,0,1,0,31,77,77,60,0,405
895,4,60,0,0,2,2,0,34,98,58,60,0,360
896,0,60,0,0,0,3,0,32,64,64,60,0,280
896,2,60,0,0,2,5,0,35,110,66,60,0,387
897,0,60,0,0,0,4,0,33,77,77,60,0,327
897,2,60,0,0,2,6,0,36,122,78,60,0,430
898,0,60,0,0,0,3,0,32,84,84,60,0,373
898,2,60,0,0,2,5,0,35,110,66,60,0,391
899,0,60,0,0,0,3,0,32,64,64,60,0,284
899,2,60,0,0,2,5,0,35,110,66,60,0,391
900,0,60,0,0,0,3,0,32,64,64,60,0,280
900,2,60,0,0,2,5,0,35,110,66,60,0,387
901,0,60,0,0,0,3,0,33,77,77,60,0,327
901,2,60,0,0,2,5,0,36,122,78,60,0,430
902,0,60,0,0,0,3,1,33,84,84,60,0,373
902,2,60,0,0,2,5,1,36,110,66,60,0,391
903,0,60,0,0,0,3,0,32,64,64,60,0,284
903,2,60,0,0,2,5,0,35,110,66,60,0,391
904,0,60,0,0,0,2,0,18,64,64,60,0,317
904,2,60,0,0,3,4,0,22,110,66,60,0,426
904,4,60,0,0,3,4,0,22,98,54,60,0,373
904,6,60,0,0,6,6,0,26,141,53,60,0,470
905,0,60,0,0,0,11,0,28,77,77,60,0,398
905,2,60,0,0,2,12,0,31,122,78,60,0,507
906,0,60,0,0,0,4,1,21,84,84,60,0,444
906,2,60,0,0,3,4,1,23,110,66,60,0,468
906,4,60,0,0,9,8,3,29,132,61,60,0,476
906,6,60,0,0,9,6,3,29,141,61,60,0,494
907,0,60,0,0,0,2,0,18,64,64,60,0,355
907,2,60,0,0,3,4,0,22,110,66,60,0,468
907,4,60,0,0,3,4,0,22,98,58,60,0,381
907,6,60,0,0,6,6,0,26,141,57,60,0,478
908,0,60,0,0,0,1,1,19,64,64,60,0,317
908,2,60,0,0,3,3,1,23,110,66,60,0,426
908,4,60,0,0,6,1,3,25,98,54,60,0,373
908,6,60,0,0,9,3,3,29,141,53,60,0,470
909,0,60,0,0,0,5,3,31,77,77,60,0,398
909,2,60,0,0,2,7,3,34,122,78,60,0,507
910,0,60,0,0,0,3,9,29,84,84,60,0,444
910,2,60,0,0,2,5,10,32,110,66,60,0,468
911,0,60,0,0,0,1,1,19,64,64,60,0,355
911,2,60,0,0,3,3,1,23,110,66,60,0,468
911,4,60,0,0,6,1,3,25,98,58,60,0,381
911,6,60,0,0,9,3,3,29,141,57,60,0,478
912,0,60,0,0,0,12,0,42,84,84,60,0,370
913,0,60,0,0,0,13,0,43,97,97,60,0,421
914,0,60,0,0,0,13,0,43,111,111,60,0,507
915,0,60,0,0,0,12,0,42,84,84,60,0,376
916,0,60,0,0,0,12,0,42,84,84,60,0,370
917,0,60,0,0,0,12,0,43,97,97,60,0,421
918,0,60,0,0,0,12,0,43,111,111,60,0,507
919,0,60,0,0,0,12,0,42,84,84,60,0,376
920,0,60,0,0,0,11,0,28,84,84,60,0,419
920,4,60,0,0,2,12,0,31,110,66,60,0,440
921,0,60,0,0,0,20,0,38,97,97,60,0,508
922,0,60,0,0,0,16,0,34,111,111,60,0,594
923,0,60,0,0,0,11,0,28,84,84,60,0,463
923,4,60,0,0,2,12,0,31,110,70,60,0,448
924,0,60,0,0,0,9,0,28,84,84,60,0,419
924,4,60,0,0,2,6,0,31,110,66,60,0,440
925,0,60,0,0,0,14,3,41,97,97,60,0,508
926,0,60,0,0,0,14,7,41,111,111,60,0,594
927,0,60,0,0,0,9,0,28,84,84,60,0,463
927,4,60,0,0,2,6,0,31,110,70,60,0,448
928,0,60,0,0,0,3,0,32,64,64,60,0,306
928,2,60,0,0,2,5,0,35,110,70,60,0,395
929,0,60,0,0,0,4,0,33,77,77,60,0,355
929,2,60,0,0,2,6,0,36,122,82,60,0,438
930,0,60,0,0,0,3,0,32,84,84,60,0,417
930,2,60,0,0,2,5,0,35,110,70,60,0,399
931,0,60,0,0,0,3,0,32,64,64,60,0,310
931,2,60,0,0,2,5,0,35,110,70,60,0,399
932,0,60,0,0,0,3,0,32,64,64,60,0,306
932,2,60,0,0,2,5,0,35,110,70,60,0,395
933,0,60,0,0,0,3,0,33,77,77,60,0,355
933,2,60,0,0,2,5,0,36,122,82,60,0,438
934,0,60,0,0,0,3,1,33,84,84,60,0,417
934,2,60,0,0,2,5,1,36,110,70,60,0,399
935,0,60,0,0,0,3,0,32,64,64,60,0,310
935,2,60,0,0,2,5,0,35,110,70,60,0,399
936,0,60,0,0,0,2,0,18,64,64,60,0,343
936,2,60,0,0,3,4,0,22,110,70,60,0,434
936,4,60,0,0,3,4,0,22,98,54,60,0,401
936,6,60,0,0,6,6,0,26,141,57,60,0,478
937,0,60,0,0,0,11,0,28,77,77,60,0,426
937,2,60,0,0,2,12,0,31,122,82,60,0,515
938,0,60,0,0,0,4,1,21,84,84,60,0,488
938,2,60,0,0,3,4,1,23,110,70,60,0,476
938,4,60,0,0,9,8,3,29,132,65,60,0,484
938,6,60,0,0,9,6,3,29,141,65,60,0,502
939,0,60,0,0,0,2,0,18,64,64,60,0,381
939,2,60,0,0,3,4,0,22,110,70,60,0,476
939,4,60,0,0,3,4,0,22,98,58,60,0,409
939,6,60,0,0,6,6,0,26,141,61,60,0,486
940,0,60,0,0,0,1,1,19,64,64,60,0,343
940,2,60,0,0,3,3,1,23,110,70,60,0,434
940,4,60,0,0,6,1,3,25,98,54,60,0,401
940,6,60,0,0,9,3,3,29,141,57,60,0,478
941,0,60,0,0,0,5,3,31,77,77,60,0,426
941,2,60,0,0,2,7,3,34,122,82,60,0,515
942,0,60,0,0,0,3,9,29,84,84,60,0,488
942,2,60,0,0,2,5,10,32,110,70,60,0,476
943,0,60,0,0,0,1,1,19,64,64,60,0,381
943,2,60,0,0,3,3,1,23,110,70,60,0,476
943,4,60,0,0,6,1,3,25,98,58,60,0,409
943,6,60,0,0,9,3,3,29,141,61,60,0,486
944,0,60,0,0,0,11,0,41,77,77,60,0,346
945,0,60,0,0,0,13,0,43,97,97,60,0,421
946,0,60,0,0,0,11,0,41,97,97,60,0,459
947,0,60,0,0,0,11,0,41,77,77,60,0,352
948,0,60,0,0,0,12,0,41,77,77,60,0,346
949,0,60,0,0,0,13,0,43,97,97,60,0,421
950,0,60,0,0,0,13,2,43,97,97,60,0,459
951,0,60,0,0,0,12,0,41,77,77,60,0,352
952,0,60,0,0,0,4,1,21,77,77,60,0,399
952,2,60,0,0,9,8,3,29,137,61,60,0,486
952,4,60,0,0,3,4,1,23,98,54,60,0,401
952,6,60,0,0,9,6,3,29,141,61,60,0,494
953,0,60,0,0,0,16,0,34,97,97,60,0,520
954,0,60,0,0,0,8,4,26,97,97,60,0,558
954,2,60,0,0,12,10,6,32,137,69,60,0,510
954,4,60,0,0,12,10,6,32,132,69,60,0,500
954,6,60,0,0,12,6,6,32,141,69,60,0,518
955,0,60,0,0,0,4,1,21,77,77,60,0,451
955,2,60,0,0,9,8,3,29,137,65,60,0,494
955,4,60,0,0,3,4,1,23,98,58,60,0,409
955,6,60,0,0,9,6,3,29,141,65,60,0,502
956,0,60,0,0,0,4,2,22,77,77,60,0,399
956,2,60,0,0,9,9,3,29,137,61,60,0,486
956,4,60,0,0,6,1,3,25,98,54,60,0,401
956,6,60,0,0,9,3,3,29,141,61,60,0,494
957,0,60,0,0,0,13,5,39,97,97,60,0,520
958,0,60,0,0,0,9,13,35,97,97,60,0,558
959,0,60,0,0,0,4,2,22,77,77,60,0,451
959,2,60,0,0,9,9,3,29,137,65,60,0,494
959,4,60,0,0,6,1,3,25,98,58,60,0,409
959,6,60,0,0,9,3,3,29,141,65,60,0,502
960,0,60,0,0,0,1,0,32,64,64,60,0,280
960,2,60,0,0,2,1,0,35,110,66,60,0,387
961,0,60,0,0,0,2,0,33,77,77,60,0,327
961,2,60,0,0,2,2,0,36,122,78,60,0,430
962,0,60,0,0,0,1,0,32,84,84,60,0,373
962,2,60,0,0,2,1,0,35,110,66,60,0,391
963,0,60,0,0,0,1,0,32,64,64,60,0,284
963,2,60,0,0,2,1,0,35,110,66,60,0,391
964,0,60,0,0,0,2,0,32,64,64,60,0,280
964,2,60,0,0,2,3,0,35,110,66,60,0,387
965,0,60,0,0,0,2,0,33,77,77,60,0,327
965,2,60,0,0,2,3,0,36,122,78,60,0,430
966,0,60,0,0,0,2,0,32,84,84,60,0,373
966,2,60,0,0,2,3,0,35,110,66,60,0,391
967,0,60,0,0,0,2,0,32,64,64,60,0,284
967,2,60,0,0,2,3,0,35,110,66,60,0,391
968,0,60,0,0,0,1,1,19,64,64,60,0,317
968,2,60,0,0,6,1,3,25,110,66,60,0,426
968,4,60,0,0,3,3,1,23,98,54,60,0,373
968,6,60,0,0,9,3,3,29,141,53,60,0,470
969,0,60,0,0,0,9,0,28,77,77,60,0,398
969,2,60,0,0,2,6,0,31,122,78,60,0,507
970,0,60,0,0,0,4,2,22,84,84,60,0,444
970,2,60,0,0,6,1,3,25,110,66,60,0,468
970,4,60,0,0,9,9,3,29,132,61,60,0,476
970,6,60,0,0,9,3,3,29,141,61,60,0,494
971,0,60,0,0,0,1,1,19,64,64,60,0,355
971,2,60,0,0,6,1,3,25,110,66,60,0,468
971,4,60,0,0,3,3,1,23,98,58,60,0,381
971,6,60,0,0,9,3,3,29,141,57,60,0,478
972,0,60,0,0,0,0,0,18,64,64,60,0,317
972,2,60,0,0,3,0,0,22,110,66,60,0,426
972,4,60,0,0,3,0,0,22,98,54,60,0,373
972,6,60,0,0,6,0,0,26,141,53,60,0,470
973,0,60,0,0,0,4,2,30,77,77,60,0,398
973,2,60,0,0,2,5,2,33,122,78,60,0,507
974,0,60,0,0,0,2,1,21,84,84,60,0,444
974,2,60,0,0,3,0,1,23,110,66,60,0,468
974,4,60,0,3,9,4,3,29,132,61,60,0,476
974,6,60,0,3,9,0,3,29,141,61,60,0,494
975,0,60,0,0,0,0,0,18,64,64,60,0,355
975,2,60,0,0,3,0,0,22,110,66,60,0,468
975,4,60,0,0,3,0,0,22,98,58,60,0,381
975,6,60,0,0,6,0,0,26,141,57,60,0,478
976,0,60,0,0,0,3,0,42,84,84,60,0,370
977,0,60,0,0,0,4,0,43,97,97,60,0,421
978,0,60,0,0,0,4,0,43,111,111,60,0,507
979,0,60,0,0,0,3,0,42,84,84,60,0,376
980,0,60,0,0,0,4,0,42,84,84,60,0,370
981,0,60,0,0,0,4,0,43,97,97,60,0,421
982,0,60,0,0,0,5,0,43,111,111,60,0,507
983,0,60,0,0,0,4,0,42,84,84,60,0,376
984,0,60,0,0,0,4,2,30,84,84,60,0,419
984,4,60,0,0,2,6,2,33,110,66,60,0,440
985,0,60,0,0,0,12,1,39,97,97,60,0,508
986,0,60,0,0,0,13,5,39,111,111,60,0,594
987,0,60,0,0,0,4,2,30,84,84,60,0,463
987,4,60,0,0,2,6,2,33,110,70,60,0,448
988,0,60,0,0,0,3,1,29,84,84,60,0,419
988,4,60,0,0,2,4,1,32,110,66,60,0,440
989,0,60,0,0,0,7,3,41,97,97,60,0,508
990,0,60,0,0,0,10,3,37,111,111,60,0,594
991,0,60,0,0,0,3,1,29,84,84,60,0,463
991,4,60,0,0,2,4,1,32,110,70,60,0,448
992,0,60,0,0,0,1,0,32,64,64,60,0,306
992,2,60,0,0,2,1,0,35,110,70,60,0,395
993,0,60,0,0,0,2,0,33,77,77,60,0,355
993,2,60,0,0,2,2,0,36,122,82,60,0,438
994,0,60,0,0,0,1,0,32,84,84,60,0,417
994,2,60,0,0,2,1,0,35,110,70,60,0,399
995,0,60,0,0,0,1,0,32,64,64,60,0,310
995,2,60,0,0,2,1,0,35,110,70,60,0,399
996,0,60,0,0,0,2,0,32,64,64,60,0,306
996,2,60,0,0,2,3,0,35,110,70,60,0,395
997,0,60,0,0,0,2,0,33,77,77,60,0,355
997,2,60,0,0,2,3,0,36,122,82,60,0,438
998,0,60,0,0,0,2,0,32,84,84,60,0,417
998,2,60,0,0,2,3,0,35,110,70,60,0,399
999,0,60,0,0,0,2,0,32,64,64,60,0,310
999,2,60,0,0,2,3,0,35,110,70,60,0,399
1000,0,60,0,0,0,1,1,19,64,64,60,0,343
1000,2,60,0,0,6,1,3,25,110,70,60,0,434
1000,4,60,0,0,3,3,1,23,98,54,60,0,401
1000,6,60,0,0,9,3,3,29,141,57,60,0,478
1001,0,60,0,0,0,9,0,28,77,77,60,0,426
1001,2,60,0,0,2,6,0,31,122,82,60,0,515
1002,0,60,0,0,0,4,2,22,84,84,60,0,488
1002,2,60,0,0,6,1,3,25,110,70,60,0,476
1002,4,60,0,0,9,9,3,29,132,65,60,0,484
1002,6,60,0,0,9,3,3,29,141,65,60,0,502
1003,0,60,0,0,0,1,1,19,64,64,60,0,381
1003,2,60,0,0,6,1,3,25,110,70,60,0,476
1003,4,60,0,0,3,3,1,23,98,58,60,0,409
1003,6,60,0,0,9,3,3,29,141,61,60,0,486
1004,0,60,0,0,0,0,0,18,64,64,60,0,343
1004,2,60,0,0,3,0,0,22,110,70,60,0,434
1004,4,60,0,0,3,0,0,22,98,54,60,0,401
1004,6,60,0,0,6,0,0,26,141,57,60,0,478
1005,0,60,0,0,0,4,2,30,77,77,60,0,426
1005,2,60,0,0,2,5,2,33,122,82,60,0,515
1006,0,60,0,0,0,2,1,21,84,84,60,0,488
1006,2,60,0,0,3,0,1,23,110,70,60,0,476
1006,4,60,0,3,9,4,3,29,132,65,60,0,484
1006,6,60,0,3,9,0,3,29,141,65,60,0,502
1007,0,60,0,0,0,0,0,18,64,64,60,0,381
1007,2,60,0,0,3,0,0,22,110,70,60,0,476
1007,4,60,0,0,3,0,0,22,98,58,60,0,409
1007,6,60,0,0,6,0,0,26,141,61,60,0,486
1008,0,60,0,0,0,3,1,42,77,77,60,0,346
1009,0,60,0,0,0,4,0,43,97,97,60,0,421
1010,0,60,0,0,0,4,2,43,97,97,60,0,459
1011,0,60,0,0,0,3,1,42,77,77,60,0,352
1012,0,60,0,0,0,10,0,41,77,77,60,0,346
1013,0,60,0,0,0,11,0,43,97,97,60,0,421
1014,0,60,0,0,0,10,0,41,97,97,60,0,459
1015,0,60,0,0,0,10,0,41,77,77,60,0,352
1016,0,60,0,0,0,2,8,28,77,77,60,0,399
1016,4,60,0,0,2,4,9,31,98,54,60,0,401
1017,0,60,0,0,0,12,5,39,97,97,60,0,520
1018,0,60,0,0,0,9,13,35,97,97,60,0,558
1019,0,60,0,0,0,2,8,28,77,77,60,0,451
1019,4,60,0,0,2,4,9,31,98,58,60,0,409
1020,0,60,0,0,0,2,1,21,77,77,60,0,399
1020,2,60,0,3,9,4,3,29,137,61,60,0,486
1020,4,60,0,0,3,0,1,23,98,54,60,0,401
1020,6,60,0,3,9,0,3,29,141,61,60,0,494
1021,0,60,0,0,0,10,3,37,97,97,60,0,520
1022,0,60,0,0,0,6,4,26,97,97,60,0,558
1022,2,60,0,6,12,6,6,32,137,69,60,0,510
1022,4,60,0,6,12,6,6,32,132,69,60,0,500
1022,6,60,0,6,12,0,6,32,141,69,60,0,518
1023,0,60,0,0,0,2,1,21,77,77,60,0,451
1023,2,60,0,3,9,4,3,29,137,65,60,0,494
1023,4,60,0,0,3,0,1,23,98,58,60,0,409
1023,6,60,0,3,9,0,3,29,141,65,60,0,502
1024,0,60,0,0,0,0,0,42,51,51,60,0,216
1025,0,60,0,0,0,1,0,43,64,64,60,0,258
1026,0,60,0,0,0,1,0,43,64,64,60,0,258
1027,0,60,0,0,0,0,0,42,51,51,60,0,218
1028,0,60,0,0,0,0,0,42,51,51,60,0,216
1029,0,60,0,0,0,1,0,43,64,64,60,0,258
1030,0,60,0,0,0,0,0,43,64,64,60,0,258
1031,0,60,0,0,0,0,0,42,51,51,60,0,218
1032,0,60,0,0,0,2,0,31,51,51,60,0,237
1032,4,60,0,0,2,4,0,34,98,54,60,0,348
1033,0,60,0,0,0,11,0,40,64,64,60,0,301
1034,0,60,0,0,0,10,0,40,64,64,60,0,301
1035,0,60,0,0,0,2,0,31,51,51,60,0,261
1035,4,60,0,0,2,4,0,34,98,58,60,0,356
1036,0,60,0,0,0,1,0,31,51,51,60,0,237
1036,4,60,0,0,2,2,0,34,98,54,60,0,348
1037,0,60,0,0,0,9,0,40,64,64,60,0,301
1038,0,60,0,0,0,3,1,41,64,64,60,0,301
1039,0,60,0,0,0,1,0,31,51,51,60,0,261
1039,4,60,0,0,2,2,0,34,98,58,60,0,356
1040,0,60,0,0,0,1,0,43,64,64,60,0,258
1041,0,60,0,0,0,2,0,44,77,77,60,0,300
1042,0,60,0,0,0,2,0,44,84,84,60,0,324
1043,0,60,0,0,0,1,0,43,64,64,60,0,260
1044,0,60,0,0,0,1,0,43,64,64,60,0,258
1045,0,60,0,0,0,2,0,44,77,77,60,0,300
1046,0,60,0,0,0,1,0,44,84,84,60,0,324
1047,0,60,0,0,0,1,0,43,64,64,60,0,260
1048,0,60,0,0,0,3,0,32,64,64,60,0,280
1048,4,60,0,0,2,5,0,35,110,66,60,0,387
1049,0,60,0,0,0,12,0,41,77,77,60,0,346
1050,0,60,0,0,0,12,0,42,84,84,60,0,370
1051,0,60,0,0,0,3,0,32,64,64,60,0,306
1051,4,60,0,0,2,5,0,35,110,70,60,0,395
1052,0,60,0,0,0,2,0,32,64,64,60,0,280
1052,4,60,0,0,2,3,0,35,110,66,60,0,387
1053,0,60,0,0,0,10,0,41,77,77,60,0,346
1054,0,60,0,0,0,4,0,42,84,84,60,0,370
1055,0,60,0,0,0,2,0,32,64,64,60,0,306
1055,4,60,0,0,2,3,0,35,110,70,60,0,395
1056,0,60,0,0,0,0,0,42,51,51,60,0,218
1057,0,60,0,0,0,1,0,43,64,64,60,0,260
1058,0,60,0,0,0,1,0,43,64,64,60,0,262
1059,0,60,0,0,0,0,0,42,51,51,60,0,220
1060,0,60,0,0,0,0,0,42,51,51,60,0,218
1061,0,60,0,0,0,1,0,43,64,64,60,0,260
1062,0,60,0,0,0,0,0,43,64,64,60,0,262
1063,0,60,0,0,0,0,0,42,51,51,60,0,220
1064,0,60,0,0,0,2,0,31,51,51,60,0,239
1064,4,60,0,0,2,4,0,34,98,54,60,0,350
1065,0,60,0,0,0,11,0,40,64,64,60,0,303
1066,0,60,0,0,0,10,0,40,64,64,60,0,305
1067,0,60,0,0,0,2,0,31,51,51,60,0,263
1067,4,60,0,0,2,4,0,34,98,58,60,0,358
1068,0,60,0,0,0,1,0,31,51,51,60,0,239
1068,4,60,0,0,2,2,0,34,98,54,60,0,350
1069,0,60,0,0,0,9,0,40,64,64,60,0,303
1070,0,60,0,0,0,3,1,41,64,64,60,0,305
1071,0,60,0,0,0,1,0,31,51,51,60,0,263
1071,4,60,0,0,2,2,0,34,98,58,60,0,358
1072,0,60,0,0,0,1,0,43,64,64,60,0,258
1073,0,60,0,0,0,2,0,44,84,84,60,0,324
1074,0,60,0,0,0,2,0,44,77,77,60,0,304
1075,0,60,0,0,0,1,0,43,64,64,60,0,262
1076,0,60,0,0,0,1,0,43,64,64,60,0,258
1077,0,60,0,0,0,2,0,44,84,84,60,0,324
1078,0,60,0,0,0,1,0,44,77,77,60,0,304
1079,0,60,0,0,0,1,0,43,64,64,60,0,262
1080,0,60,0,0,0,2,0,31,64,64,60,0,295
1080,4,60,0,0,2,4,0,34,98,54,60,0,350
1081,0,60,0,0,0,12,0,41,84,84,60,0,395
1082,0,60,0,0,0,10,0,40,77,77,60,0,375
1083,0,60,0,0,0,2,0,31,64,64,60,0,333
1083,4,60,0,0,2,4,0,34,98,58,60,0,358
1084,0,60,0,0,0,1,0,31,64,64,60,0,295
1084,4,60,0,0,2,2,0,34,98,54,60,0,350
1085,0,60,0,0,0,10,0,41,84,84,60,0,395
1086,0,60,0,0,0,4,2,42,77,77,60,0,375
1087,0,60,0,0,0,1,0,31,64,64,60,0,333
1087,4,60,0,0,2,2,0,34,98,58,60,0,358
1088,0,60,0,0,0,0,0,42,51,51,60,0,216
1089,0,60,0,0,0,1,0,43,64,64,60,0,258
1090,0,60,0,0,0,1,0,43,64,64,60,0,258
1091,0,60,0,0,0,0,0,42,51,51,60,0,218
1092,0,60,0,0,0,0,0,42,51,51,60,0,216
1093,0,60,0,0,0,1,0,43,64,64,60,0,258
1094,0,60,0,0,0,1,0,43,64,64,60,0,258
1095,0,60,0,0,0,0,0,42,51,51,60,0,218
1096,0,60,0,0,0,2,0,31,51,51,60,0,237
1096,4,60,0,0,2,4,0,34,98,54,60,0,348
1097,0,60,0,0,0,11,0,40,64,64,60,0,301
1098,0,60,0,0,0,11,0,40,64,64,60,0,301
1099,0,60,0,0,0,2,0,31,51,51,60,0,261
1099,4,60,0,0,2,4,0,34,98,58,60,0,356
1100,0,60,0,0,0,2,0,31,51,51,60,0,237
1100,4,60,0,0,2,4,0,34,98,54,60,0,348
1101,0,60,0,0,0,10,0,40,64,64,60,0,301
1102,0,60,0,0,0,10,0,40,64,64,60,0,301
1103,0,60,0,0,0,2,0,31,51,51,60,0,261
1103,4,60,0,0,2,4,0,34,98,58,60,0,356
1104,0,60,0,0,0,1,0,43,64,64,60,0,258
1105,0,60,0,0,0,2,0,44,77,77,60,0,300
1106,0,60,0,0,0,2,0,44,84,84,60,0,324
1107,0,60,0,0,0,1,0,43,64,64,60,0,260
1108,0,60,0,0,0,1,0,43,64,64,60,0,258
1109,0,60,0,0,0,2,0,44,77,77,60,0,300
1110,0,60,0,0,0,2,0,44,84,84,60,0,324
1111,0,60,0,0,0,1,0,43,64,64,60,0,260
1112,0,60,0,0,0,3,0,32,64,64,60,0,280
1112,4,60,0,0,2,5,0,35,110,66,60,0,387
1113,0,60,0,0,0,12,0,41,77,77,60,0,346
1114,0,60,0,0,0,13,0,42,84,84,60,0,370
1115,0,60,0,0,0,3,0,32,64,64,60,0,306
1115,4,60,0,0,2,5,0,35,110,70,60,0,395
1116,0,60,0,0,0,3,0,32,64,64,60,0,280
1116,4,60,0,0,2,5,0,35,110,66,60,0,387
1117,0,60,0,0,0,11,0,41,77,77,60,0,346
1118,0,60,0,0,0,12,0,42,84,84,60,0,370
1119,0,60,0,0,0,3,0,32,64,64,60,0,306
1119,4,60,0,0,2,5,0,35,110,70,60,0,395
1120,0,60,0,0,0,0,0,42,51,51,60,0,218
1121,0,60,0,0,0,1,0,43,64,64,60,0,260
1122,0,60,0,0,0,1,0,43,64,64,60,0,262
1123,0,60,0,0,0,0,0,42,51,51,60,0,220
1124,0,60,0,0,0,0,0,42,51,51,60,0,218
1125,0,60,0,0,0,1,0,43,64,64,60,0,260
1126,0,60,0,0,0,1,0,43,64,64,60,0,262
1127,0,60,0,0,0,0,0,42,51,51,60,0,220
1128,0,60,0,0,0,2,0,31,51,51,60,0,239
1128,4,60,0,0,2,4,0,34,98,54,60,0,350
1129,0,60,0,0,0,11,0,40,64,64,60,0,303
1130,0,60,0,0,0,11,0,40,64,64,60,0,305
1131,0,60,0,0,0,2,0,31,51,51,60,0,263
1131,4,60,0,0,2,4,0,34,98,58,60,0,358
1132,0,60,0,0,0,2,0,31,51,51,60,0,239
1132,4,60,0,0,2,4,0,34,98,54,60,0,350
1133,0,60,0,0,0,10,0,40,64,64,60,0,303
1134,0,60,0,0,0,10,0,40,64,64,60,0,305
1135,0,60,0,0,0,2,0,31,51,51,60,0,263
1135,4,60,0,0,2,4,0,34,98,58,60,0,358
1136,0,60,0,0,0,0,0,43,64,64,60,0,258
1137,0,60,0,0,0,1,0,44,84,84,60,0,324
1138,0,60,0,0,0,1,0,44,77,77,60,0,304
1139,0,60,0,0,0,0,0,43,64,64,60,0,262
1140,0,60,0,0,0,1,0,43,64,64,60,0,258
1141,0,60,0,0,0,2,0,44,84,84,60,0,324
1142,0,60,0,0,0,2,0,44,77,77,60,0,304
1143,0,60,0,0,0,1,0,43,64,64,60,0,262
1144,0,60,0,0,0,2,1,32,64,64,60,0,295
1144,4,60,0,0,2,4,1,35,98,54,60,0,350
1145,0,60,0,0,0,11,0,41,84,84,60,0,395
1146,0,60,0,0,0,12,2,42,77,77,60,0,375
1147,0,60,0,0,0,2,1,32,64,64,60,0,333
1147,4,60,0,0,2,4,1,35,98,58,60,0,358
1148,0,60,0,0,0,2,0,31,64,64,60,0,295
1148,4,60,0,0,2,4,0,34,98,54,60,0,350
1149,0,60,0,0,0,11,0,41,84,84,60,0,395
1150,0,60,0,0,0,10,0,40,77,77,60,0,375
1151,0,60,0,0,0,2,0,31,64,64,60,0,333
1151,4,60,0,0,2,4,0,34,98,58,60,0,358
1152,0,60,0,0,0,2,0,31,51,51,60,0,237
1152,2,60,0,0,2,4,0,34,98,54,60,0,348
1153,0,60,0,0,0,3,0,32,64,64,60,0,280
1153,2,60,0,0,2,5,0,35,110,66,60,0,387
1154,0,60,0,0,0,2,0,31,64,64,60,0,295
1154,2,60,0,0,2,4,0,34,98,54,60,0,350
1155,0,60,0,0,0,2,0,31,51,51,60,0,239
1155,2,60,0,0,2,4,0,34,98,54,60,0,350
1156,0,60,0,0,0,2,0,31,51,51,60,0,237
1156,2,60,0,0,2,4,0,34,98,54,60,0,348
1157,0,60,0,0,0,3,0,32,64,64,60,0,280
1157,2,60,0,0,2,5,0,35,110,66,60,0,387
1158,0,60,0,0,0,2,1,32,64,64,60,0,295
1158,2,60,0,0,2,4,1,35,98,54,60,0,350
1159,0,60,0,0,0,2,0,31,51,51,60,0,239
1159,2,60,0,0,2,4,0,34,98,54,60,0,350
1160,0,60,0,0,0,2,0,18,51,51,60,0,258
1160,2,60,0,0,3,4,0,22,98,54,60,0,371
1160,4,60,0,0,3,4,0,22,98,54,60,0,371
1160,6,60,0,0,6,6,0,26,141,53,60,0,468
1161,0,60,0,0,0,12,0,28,64,64,60,0,323
1161,2,60,0,0,2,13,0,31,110,66,60,0,436
1162,0,60,0,0,0,4,1,21,64,64,60,0,338
1162,2,60,0,0,3,4,1,23,98,54,60,0,399
1162,4,60,0,0,9,8,3,29,132,61,60,0,474
1162,6,60,0,0,9,6,3,29,141,61,60,0,492
1163,0,60,0,0,0,2,0,18,51,51,60,0,282
1163,2,60,0,0,3,4,0,22,98,54,60,0,399
1163,4,60,0,0,3,4,0,22,98,58,60,0,379
1163,6,60,0,0,6,6,0,26,141,57,60,0,476
1164,0,60,0,0,0,2,1,19,51,51,60,0,258
1164,2,60,0,0,3,4,1,23,98,54,60,0,371
1164,4,60,0,0,6,4,3,25,98,54,60,0,371
1164,6,60,0,0,9,6,3,29,141,53,60,0,468
1165,0,60,0,0,0,11,1,29,64,64,60,0,323
1165,2,60,0,0,2,12,1,32,110,66,60,0,436
1166,0,60,0,0,0,3,8,28,64,64,60,0,338
1166,2,60,0,0,2,5,9,31,98,54,60,0,399
1167,0,60,0,0,0,2,1,19,51,51,60,0,282
1167,2,60,0,0,3,4,1,23,98,54,60,0,399
1167,4,60,0,0,6,4,3,25,98,58,60,0,379
1167,6,60,0,0,9,6,3,29,141,57,60,0,476
1168,0,60,0,0,0,11,0,40,64,64,60,0,301
1169,0,60,0,0,0,12,0,41,77,77,60,0,346
1170,0,60,0,0,0,12,0,41,84,84,60,0,395
1171,0,60,0,0,0,11,0,40,64,64,60,0,303
1172,0,60,0,0,0,11,0,40,64,64,60,0,301
1173,0,60,0,0,0,12,0,41,77,77,60,0,346
1174,0,60,0,0,0,11,0,41,84,84,60,0,395
1175,0,60,0,0,0,11,0,40,64,64,60,0,303
1176,0,60,0,0,0,12,0,28,64,64,60,0,323
1176,4,60,0,0,2,13,0,31,110,66,60,0,436
1177,0,60,0,0,0,22,0,38,77,77,60,0,392
1178,0,60,0,0,0,17,0,34,84,84,60,0,441
1179,0,60,0,0,0,12,0,28,64,64,60,0,349
1179,4,60,0,0,2,13,0,31,110,70,60,0,444
1180,0,60,0,0,0,11,0,28,64,64,60,0,323
1180,4,60,0,0,2,10,0,31,110,66,60,0,436
1181,0,60,0,0,0,20,0,38,77,77,60,0,392
1182,0,60,0,0,0,14,5,39,84,84,60,0,441
1183,0,60,0,0,0,11,0,28,64,64,60,0,349
1183,4,60,0,0,2,10,0,31,110,70,60,0,444
1184,0,60,0,0,0,2,0,31,51,51,60,0,261
1184,2,60,0,0,2,4,0,34,98,58,60,0,356
1185,0,60,0,0,0,3,0,32,64,64,60,0,306
1185,2,60,0,0,2,5,0,35,110,70,60,0,395
1186,0,60,0,0,0,2,0,31,64,64,60,0,333
1186,2,60,0,0,2,4,0,34,98,58,60,0,358
1187,0,60,0,0,0,2,0,31,51,51,60,0,263
1187,2,60,0,0,2,4,0,34,98,58,60,0,358
1188,0,60,0,0,0,2,0,31,51,51,60,0,261
1188,2,60,0,0,2,4,0,34,98,58,60,0,356
1189,0,60,0,0,0,3,0,32,64,64,60,0,306
1189,2,60,0,0,2,5,0,35,110,70,60,0,395
1190,0,60,0,0,0,2,1,32,64,64,60,0,333
1190,2,60,0,0,2,4,1,35,98,58,60,0,358
1191,0,60,0,0,0,2,0,31,51,51,60,0,263
1191,2,60,0,0,2,4,0,34,98,58,60,0,358
1192,0,60,0,0,0,2,0,18,51,51,60,0,282
1192,2,60,0,0,3,4,0,22,98,58,60,0,379
1192,4,60,0,0,3,4,0,22,98,54,60,0,399
1192,6,60,0,0,6,6,0,26,141,57,60,0,476
1193,0,60,0,0,0,12,0,28,64,64,60,0,349
1193,2,60,0,0,2,13,0,31,110,70,60,0,444
1194,0,60,0,0,0,4,1,21,64,64,60,0,376
1194,2,60,0,0,3,4,1,23,98,58,60,0,407
1194,4,60,0,0,9,8,3,29,132,65,60,0,482
1194,6,60,0,0,9,6,3,29,141,65,60,0,500
1195,0,60,0,0,0,2,0,18,51,51,60,0,306
1195,2,60,0,0,3,4,0,22,98,58,60,0,407
1195,4,60,0,0,3,4,0,22,98,58,60,0,407
1195,6,60,0,0,6,6,0,26,141,61,60,0,484
1196,0,60,0,0,0,2,1,19,51,51,60,0,282
1196,2,60,0,0,3,4,1,23,98,58,60,0,379
1196,4,60,0,0,6,4,3,25,98,54,60,0,399
1196,6,60,0,0,9,6,3,29,141,57,60,0,476
1197,0,60,0,0,0,11,1,29,64,64,60,0,349
1197,2,60,0,0,2,12,1,32,110,70,60,0,444
1198,0,60,0,0,0,3,8,28,64,64,60,0,376
1198,2,60,0,0,2,5,9,31,98,58,60,0,407
1199,0,60,0,0,0,2,1,19,51,51,60,0,306
1199,2,60,0,0,3,4,1,23,98,58,60,0,407
1199,4,60,0,0,6,4,3,25,98,58,60,0,407
1199,6,60,0,0,9,6,3,29,141,61,60,0,484
1200,0,60,0,0,0,10,0,40,64,64,60,0,301
1201,0,60,0,0,0,12,0,42,84,84,60,0,370
1202,0,60,0,0,0,10,0,40,77,77,60,0,375
1203,0,60,0,0,0,10,0,40,64,64,60,0,305
1204,0,60,0,0,0,11,0,40,64,64,60,0,301
1205,0,60,0,0,0,13,0,42,84,84,60,0,370
1206,0,60,0,0,0,12,2,42,77,77,60,0,375
1207,0,60,0,0,0,11,0,40,64,64,60,0,305
1208,0,60,0,0,0,4,1,21,64,64,60,0,338
1208,2,60,0,0,9,8,3,29,132,61,60,0,474
1208,4,60,0,0,3,4,1,23,98,54,60,0,399
1208,6,60,0,0,9,6,3,29,141,61,60,0,492
1209,0,60,0,0,0,17,0,34,84,84,60,0,441
1210,0,60,0,0,0,8,4,26,77,77,60,0,446
1210,2,60,0,0,12,10,6,32,132,69,60,0,498
1210,4,60,0,0,12,10,6,32,132,69,60,0,498
1210,6,60,0,0,12,6,6,32,141,69,60,0,516
1211,0,60,0,0,0,4,1,21,64,64,60,0,376
1211,2,60,0,0,9,8,3,29,132,65,60,0,482
1211,4,60,0,0,3,4,1,23,98,58,60,0,407
1211,6,60,0,0,9,6,3,29,141,65,60,0,500
1212,0,60,0,0,0,5,2,22,64,64,60,0,338
1212,2,60,0,0,9,10,3,29,132,61,60,0,474
1212,4,60,0,0,6,4,3,25,98,54,60,0,399
1212,6,60,0,0,9,6,3,29,141,61,60,0,492
1213,0,60,0,0,0,18,2,36,84,84,60,0,441
1214,0,60,0,0,0,9,12,34,77,77,60,0,446
1215,0,60,0,0,0,5,2,22,64,64,60,0,376
1215,2,60,0,0,9,10,3,29,132,65,60,0,482
1215,4,60,0,0,6,4,3,25,98,58,60,0,407
1215,6,60,0,0,9,6,3,29,141,65,60,0,500
1216,0,60,0,0,0,1,0,31,51,51,60,0,237
1216,2,60,0,0,2,2,0,34,98,54,60,0,348
1217,0,60,0,0,0,2,0,32,64,64,60,0,280
1217,2,60,0,0,2,3,0,35,110,66,60,0,387
1218,0,60,0,0,0,1,0,31,64,64,60,0,295
1218,2,60,0,0,2,2,0,34,98,54,60,0,350
1219,0,60,0,0,0,1,0,31,51,51,60,0,239
1219,2,60,0,0,2,2,0,34,98,54,60,0,350
1220,0,60,0,0,0,2,0,31,51,51,60,0,237
1220,2,60,0,0,2,4,0,34,98,54,60,0,348
1221,0,60,0,0,0,3,0,32,64,64,60,0,280
1221,2,60,0,0,2,5,0,35,110,66,60,0,387
1222,0,60,0,0,0,2,0,31,64,64,60,0,295
1222,2,60,0,0,2,4,0,34,98,54,60,0,350
1223,0,60,0,0,0,2,0,31,51,51,60,0,239
1223,2,60,0,0,2,4,0,34,98,54,60,0,350
1224,0,60,0,0,0,2,1,19,51,51,60,0,258
1224,2,60,0,0,6,4,3,25,98,54,60,0,371
1224,4,60,0,0,3,4,1,23,98,54,60,0,371
1224,6,60,0,0,9,6,3,29,141,53,60,0,468
1225,0,60,0,0,0,11,0,28,64,64,60,0,323
1225,2,60,0,0,2,10,0,31,110,66,60,0,436
1226,0,60,0,0,0,5,2,22,64,64,60,0,338
1226,2,60,0,0,6,4,3,25,98,54,60,0,399
1226,4,60,0,0,9,10,3,29,132,61,60,0,474
1226,6,60,0,0,9,6,3,29,141,61,60,0,492
1227,0,60,0,0,0,2,1,19,51,51,60,0,282
1227,2,60,0,0,6,4,3,25,98,54,60,0,399
1227,4,60,0,0,3,4,1,23,98,58,60,0,379
1227,6,60,0,0,9,6,3,29,141,57,60,0,476
1228,0,60,0,0,0,2,0,18,51,51,60,0,258
1228,2,60,0,0,3,4,0,22,98,54,60,0,371
1228,4,60,0,0,3,4,0,22,98,54,60,0,371
1228,6,60,0,0,6,6,0,26,141,53,60,0,468
1229,0,60,0,0,0,11,0,28,64,64,60,0,323
1229,2,60,0,0,2,12,0,31,110,66,60,0,436
1230,0,60,0,0,0,4,1,21,64,64,60,0,338
1230,2,60,0,0,3,4,1,23,98,54,60,0,399
1230,4,60,0,3,9,8,3,29,132,61,60,0,474
1230,6,60,0,3,9,6,3,29,141,61,60,0,492
1231,0,60,0,0,0,2,0,18,51,51,60,0,282
1231,2,60,0,0,3,4,0,22,98,54,60,0,399
1231,4,60,0,0,3,4,0,22,98,58,60,0,379
1231,6,60,0,0,6,6,0,26,141,57,60,0,476
1232,0,60,0,0,0,9,0,40,64,64,60,0,301
1233,0,60,0,0,0,10,0,41,77,77,60,0,346
1234,0,60,0,0,0,10,0,41,84,84,60,0,395
1235,0,60,0,0,0,9,0,40,64,64,60,0,303
1236,0,60,0,0,0,10,0,40,64,64,60,0,301
1237,0,60,0,0,0,11,0,41,77,77,60,0,346
1238,0,60,0,0,0,11,0,41,84,84,60,0,395
1239,0,60,0,0,0,10,0,40,64,64,60,0,303
1240,0,60,0,0,0,11,1,29,64,64,60,0,323
1240,4,60,0,0,2,12,1,32,110,66,60,0,436
1241,0,60,0,0,0,20,0,38,77,77,60,0,392
1242,0,60,0,0,0,18,2,36,84,84,60,0,441
1243,0,60,0,0,0,11,1,29,64,64,60,0,349
1243,4,60,0,0,2,12,1,32,110,70,60,0,444
1244,0,60,0,0,0,11,0,28,64,64,60,0,323
1244,4,60,0,0,2,12,0,31,110,66,60,0,436
1245,0,60,0,0,0,20,0,38,77,77,60,0,392
1246,0,60,0,0,0,16,0,34,84,84,60,0,441
1247,0,60,0,0,0,11,0,28,64,64,60,0,349
1247,4,60,0,0,2,12,0,31,110,70,60,0,444
1248,0,60,0,0,0,1,0,31,51,51,60,0,261
1248,2,60,0,0,2,2,0,34,98,58,60,0,356
1249,0,60,0,0,0,2,0,32,64,64,60,0,306
1249,2,60,0,0,2,3,0,35,110,70,60,0,395
1250,0,60,0,0,0,1,0,31,64,64,60,0,333
1250,2,60,0,0,2,2,0,34,98,58,60,0,358
1251,0,60,0,0,0,1,0,31,51,51,60,0,263
1251,2,60,0,0,2,2,0,34,98,58,60,0,358
1252,0,60,0,0,0,2,0,31,51,51,60,0,261
1252,2,60,0,0,2,4,0,34,98,58,60,0,356
1253,0,60,0,0,0,3,0,32,64,64,60,0,306
1253,2,60,0,0,2,5,0,35,110,70,60,0,395
1254,0,60,0,0,0,2,0,31,64,64,60,0,333
1254,2,60,0,0,2,4,0,34,98,58,60,0,358
1255,0,60,0,0,0,2,0,31,51,51,60,0,263
1255,2,60,0,0,2,4,0,34,98,58,60,0,358
1256,0,60,0,0,0,2,1,19,51,51,60,0,282
1256,2,60,0,0,6,4,3,25,98,58,60,0,379
1256,4,60,0,0,3,4,1,23,98,54,60,0,399
1256,6,60,0,0,9,6,3,29,141,57,60,0,476
1257,0,60,0,0,0,11,0,28,64,64,60,0,349
1257,2,60,0,0,2,10,0,31,110,70,60,0,444
1258,0,60,0,0,0,5,2,22,64,64,60,0,376
1258,2,60,0,0,6,4,3,25,98,58,60,0,407
1258,4,60,0,0,9,10,3,29,132,65,60,0,482
1258,6,60,0,0,9,6,3,29,141,65,60,0,500
1259,0,60,0,0,0,2,1,19,51,51,60,0,306
1259,2,60,0,0,6,4,3,25,98,58,60,0,407
1259,4,60,0,0,3,4,1,23,98,58,60,0,407
1259,6,60,0,0,9,6,3,29,141,61,60,0,484
1260,0,60,0,0,0,2,0,18,51,51,60,0,282
1260,2,60,0,0,3,4,0,22,98,58,60,0,379
1260,4,60,0,0,3,4,0,22,98,54,60,0,399
1260,6,60,0,0,6,6,0,26,141,57,60,0,476
1261,0,60,0,0,0,11,0,28,64,64,60,0,349
1261,2,60,0,0,2,12,0,31,110,70,60,0,444
1262,0,60,0,0,0,4,1,21,64,64,60,0,376
1262,2,60,0,0,3,4,1,23,98,58,60,0,407
1262,4,60,0,3,9,8,3,29,132,65,60,0,482
1262,6,60,0,3,9,6,3,29,141,65,60,0,500
1263,0,60,0,0,0,2,0,18,51,51,60,0,306
1263,2,60,0,0,3,4,0,22,98,58,60,0,407
1263,4,60,0,0,3,4,0,22,98,58,60,0,407
1263,6,60,0,0,6,6,0,26,141,61,60,0,484
1264,0,60,0,0,0,3,1,41,64,64,60,0,301
1265,0,60,0,0,0,4,0,42,84,84,60,0,370
1266,0,60,0,0,0,4,2,42,77,77,60,0,375
1267,0,60,0,0,0,3,1,41,64,64,60,0,305
1268,0,60,0,0,0,10,0,40,64,64,60,0,301
1269,0,60,0,0,0,12,0,42,84,84,60,0,370
1270,0,60,0,0,0,10,0,40,77,77,60,0,375
1271,0,60,0,0,0,10,0,40,64,64,60,0,305
1272,0,60,0,0,0,3,8,28,64,64,60,0,338
1272,4,60,0,0,2,5,9,31,98,54,60,0,399
1273,0,60,0,0,0,14,5,39,84,84,60,0,441
1274,0,60,0,0,0,9,12,34,77,77,60,0,446
1275,0,60,0,0,0,3,8,28,64,64,60,0,376
1275,4,60,0,0,2,5,9,31,98,58,60,0,407
1276,0,60,0,0,0,4,1,21,64,64,60,0,338
1276,2,60,0,3,9,8,3,29,132,61,60,0,474
1276,4,60,0,0,3,4,1,23,98,54,60,0,399
1276,6,60,0,3,9,6,3,29,141,61,60,0,492
1277,0,60,0,0,0,16,0,34,84,84,60,0,441
1278,0,60,0,0,0,8,4,26,77,77,60,0,446
1278,2,60,0,6,12,10,6,32,132,69,60,0,498
1278,4,60,0,6,12,10,6,32,132,69,60,0,498
1278,6,60,0,6,12,6,6,32,141,69,60,0,516
1279,0,60,0,0,0,4,1,21,64,64,60,0,376
1279,2,60,0,3,9,8,3,29,132,65,60,0,482
1279,4,60,0,0,3,4,1,23,98,58,60,0,407
1279,6,60,0,3,9,6,3,29,141,65,60,0,500
1280,0,60,0,0,0,0,0,42,51,51,60,0,218
1281,0,60,0,0,0,1,0,43,64,64,60,0,262
1282,0,60,0,0,0,1,0,43,64,64,60,0,260
1283,0,60,0,0,0,0,0,42,51,51,60,0,220
1284,0,60,0,0,0,0,0,42,51,51,60,0,218
1285,0,60,0,0,0,1,0,43,64,64,60,0,262
1286,0,60,0,0,0,0,0,43,64,64,60,0,260
1287,0,60,0,0,0,0,0,42,51,51,60,0,220
1288,0,60,0,0,0,2,0,31,51,51,60,0,239
1288,4,60,0,0,2,4,0,34,98,54,60,0,350
1289,0,60,0,0,0,11,0,40,64,64,60,0,305
1290,0,60,0,0,0,10,0,40,64,64,60,0,303
1291,0,60,0,0,0,2,0,31,51,51,60,0,263
1291,4,60,0,0,2,4,0,34,98,58,60,0,358
1292,0,60,0,0,0,1,0,31,51,51,60,0,239
1292,4,60,0,0,2,2,0,34,98,54,60,0,350
1293,0,60,0,0,0,9,0,40,64,64,60,0,305
1294,0,60,0,0,0,3,1,41,64,64,60,0,303
1295,0,60,0,0,0,1,0,31,51,51,60,0,263
1295,4,60,0,0,2,2,0,34,98,58,60,0,358
1296,0,60,0,0,0,1,0,43,64,64,60,0,262
1297,0,60,0,0,0,2,0,44,77,77,60,0,306
1298,0,60,0,0,0,2,0,44,84,84,60,0,330
1299,0,60,0,0,0,1,0,43,64,64,60,0,264
1300,0,60,0,0,0,1,0,43,64,64,60,0,262
1301,0,60,0,0,0,2,0,44,77,77,60,0,306
1302,0,60,0,0,0,1,0,44,84,84,60,0,330
1303,0,60,0,0,0,1,0,43,64,64,60,0,264
1304,0,60,0,0,0,3,0,32,64,64,60,0,284
1304,4,60,0,0,2,5,0,35,110,66,60,0,391
1305,0,60,0,0,0,12,0,41,77,77,60,0,352
1306,0,60,0,0,0,12,0,42,84,84,60,0,376
1307,0,60,0,0,0,3,0,32,64,64,60,0,310
1307,4,60,0,0,2,5,0,35,110,70,60,0,399
1308,0,60,0,0,0,2,0,32,64,64,60,0,284
1308,4,60,0,0,2,3,0,35,110,66,60,0,391
1309,0,60,0,0,0,10,0,41,77,77,60,0,352
1310,0,60,0,0,0,4,0,42,84,84,60,0,376
1311,0,60,0,0,0,2,0,32,64,64,60,0,310
1311,4,60,0,0,2,3,0,35,110,70,60,0,399
1312,0,60,0,0,0,0,0,42,51,51,60,0,220
1313,0,60,0,0,0,1,0,43,64,64,60,0,264
1314,0,60,0,0,0,1,0,43,64,64,60,0,264
1315,0,60,0,0,0,0,0,42,51,51,60,0,222
1316,0,60,0,0,0,0,0,42,51,51,60,0,220
1317,0,60,0,0,0,1,0,43,64,64,60,0,264
1318,0,60,0,0,0,0,0,43,64,64,60,0,264
1319,0,60,0,0,0,0,0,42,51,51,60,0,222
1320,0,60,0,0,0,2,0,31,51,51,60,0,241
1320,4,60,0,0,2,4,0,34,98,54,60,0,352
1321,0,60,0,0,0,11,0,40,64,64,60,0,307
1322,0,60,0,0,0,10,0,40,64,64,60,0,307
1323,0,60,0,0,0,2,0,31,51,51,60,0,265
1323,4,60,0,0,2,4,0,34,98,58,60,0,360
1324,0,60,0,0,0,1,0,31,51,51,60,0,241
1324,4,60,0,0,2,2,0,34,98,54,60,0,352
1325,0,60,0,0,0,9,0,40,64,64,60,0,307
1326,0,60,0,0,0,3,1,41,64,64,60,0,307
1327,0,60,0,0,0,1,0,31,51,51,60,0,265
1327,4,60,0,0,2,2,0,34,98,58,60,0,360
1328,0,60,0,0,0,1,0,43,64,64,60,0,260
1329,0,60,0,0,0,2,0,44,84,84,60,0,330
1330,0,60,0,0,0,2,0,44,77,77,60,0,306
1331,0,60,0,0,0,1,0,43,64,64,60,0,264
1332,0,60,0,0,0,1,0,43,64,64,60,0,260
1333,0,60,0,0,0,2,0,44,84,84,60,0,330
1334,0,60,0,0,0,1,0,44,77,77,60,0,306
1335,0,60,0,0,0,1,0,43,64,64,60,0,264
1336,0,60,0,0,0,2,0,31,64,64,60,0,297
1336,4,60,0,0,2,4,0,34,98,54,60,0,352
1337,0,60,0,0,0,12,0,41,84,84,60,0,401
1338,0,60,0,0,0,10,0,40,77,77,60,0,377
1339,0,60,0,0,0,2,0,31,64,64,60,0,335
1339,4,60,0,0,2,4,0,34,98,58,60,0,360
1340,0,60,0,0,0,1,0,31,64,64,60,0,297
1340,4,60,0,0,2,2,0,34,98,54,60,0,352
1341,0,60,0,0,0,10,0,41,84,84,60,0,401
1342,0,60,0,0,0,4,2,42,77,77,60,0,377
1343,0,60,0,0,0,1,0,31,64,64,60,0,335
1343,4,60,0,0,2,2,0,34,98,58,60,0,360
1344,0,60,0,0,0,0,0,42,51,51,60,0,218
1345,0,60,0,0,0,1,0,43,64,64,60,0,262
1346,0,60,0,0,0,1,0,43,64,64,60,0,260
1347,0,60,0,0,0,0,0,42,51,51,60,0,220
1348,0,60,0,0,0,0,0,42,51,51,60,0,218
1349,0,60,0,0,0,1,0,43,64,64,60,0,262
1350,0,60,0,0,0,1,0,43,64,64,60,0,260
1351,0,60,0,0,0,0,0,42,51,51,60,0,220
1352,0,60,0,0,0,2,0,31,51,51,60,0,239
1352,4,60,0,0,2,4,0,34,98,54,60,0,350
1353,0,60,0,0,0,11,0,40,64,64,60,0,305
1354,0,60,0,0,0,11,0,40,64,64,60,0,303
1355,0,60,0,0,0,2,0,31,51,51,60,0,263
1355,4,60,0,0,2,4,0,34,98,58,60,0,358
1356,0,60,0,0,0,2,0,31,51,51,60,0,239
1356,4,60,0,0,2,4,0,34,98,54,60,0,350
1357,0,60,0,0,0,10,0,40,64,64,60,0,305
1358,0,60,0,0,0,10,0,40,64,64,60,0,303
1359,0,60,0,0,0,2,0,31,51,51,60,0,263
1359,4,60,0,0,2,4,0,34,98,58,60,0,358
1360,0,60,0,0,0,1,0,43,64,64,60,0,262
1361,0,60,0,0,0,2,0,44,77,77,60,0,306
1362,0,60,0,0,0,2,0,44,84,84,60,0,330
1363,0,60,0,0,0,1,0,43,64,64,60,0,264
1364,0,60,0,0,0,1,0,43,64,64,60,0,262
1365,0,60,0,0,0,2,0,44,77,77,60,0,306
1366,0,60,0,0,0,2,0,44,84,84,60,0,330
1367,0,60,0,0,0,1,0,43,64,64,60,0,264
1368,0,60,0,0,0,3,0,32,64,64,60,0,284
1368,4,60,0,0,2,5,0,35,110,66,60,0,391
1369,0,60,0,0,0,12,0,41,77,77,60,0,352
1370,0,60,0,0,0,13,0,42,84,84,60,0,376
1371,0,60,0,0,0,3,0,32,64,64,60,0,310
1371,4,60,0,0,2,5,0,35,110,70,60,0,399
1372,0,60,0,0,0,3,0,32,64,64,60,0,284
1372,4,60,0,0,2,5,0,35,110,66,60,0,391
1373,0,60,0,0,0,11,0,41,77,77,60,0,352
1374,0,60,0,0,0,12,0,42,84,84,60,0,376
1375,0,60,0,0,0,3,0,32,64,64,60,0,310
1375,4,60,0,0,2,5,0,35,110,70,60,0,399
1376,0,60,0,0,0,0,0,42,51,51,60,0,220
1377,0,60,0,0,0,1,0,43,64,64,60,0,264
1378,0,60,0,0,0,1,0,43,64,64,60,0,264
1379,0,60,0,0,0,0,0,42,51,51,60,0,222
1380,0,60,0,0,0,0,0,42,51,51,60,0,220
1381,0,60,0,0,0,1,0,43,64,64,60,0,264
1382,0,60,0,0,0,1,0,43,64,64,60,0,264
1383,0,60,0,0,0,0,0,42,51,51,60,0,222
1384,0,60,0,0,0,2,0,31,51,51,60,0,241
1384,4,60,0,0,2,4,0,34,98,54,60,0,352
1385,0,60,0,0,0,11,0,40,64,64,60,0,307
1386,0,60,0,0,0,11,0,40,64,64,60,0,307
1387,0,60,0,0,0,2,0,31,51,51,60,0,265
1387,4,60,0,0,2,4,0,34,98,58,60,0,360
1388,0,60,0,0,0,2,0,31,51,51,60,0,241
1388,4,60,0,0,2,4,0,34,98,54,60,0,352
1389,0,60,0,0,0,10,0,40,64,64,60,0,307
1390,0,60,0,0,0,10,0,40,64,64,60,0,307
1391,0,60,0,0,0,2,0,31,51,51,60,0,265
1391,4,60,0,0,2,4,0,34,98,58,60,0,360
1392,0,60,0,0,0,0,0,43,64,64,60,0,260
1393,0,60,0,0,0,1,0,44,84,84,60,0,330
1394,0,60,0,0,0,1,0,44,77,77,60,0,306
1395,0,60,0,0,0,0,0,43,64,64,60,0,264
1396,0,60,0,0,0,1,0,43,64,64,60,0,260
1397,0,60,0,0,0,2,0,44,84,84,60,0,330
1398,0,60,0,0,0,2,0,44,77,77,60,0,306
1399,0,60,0,0,0,1,0,43,64,64,60,0,264
1400,0,60,0,0,0,2,1,32,64,64,60,0,297
1400,4,60,0,0,2,4,1,35,98,54,60,0,352
1401,0,60,0,0,0,11,0,41,84,84,60,0,401
1402,0,60,0,0,0,12,2,42,77,77,60,0,377
1403,0,60,0,0,0,2,1,32,64,64,60,0,335
1403,4,60,0,0,2,4,1,35,98,58,60,0,360
1404,0,60,0,0,0,2,0,31,64,64,60,0,297
1404,4,60,0,0,2,4,0,34,98,54,60,0,352
1405,0,60,0,0,0,11,0,41,84,84,60,0,401
1406,0,60,0,0,0,10,0,40,77,77,60,0,377
1407,0,60,0,0,0,2,0,31,64,64,60,0,335
1407,4,60,0,0,2,4,0,34,98,58,60,0,360
1408,0,60,0,0,0,2,0,31,51,51,60,0,239
1408,2,60,0,0,2,4,0,34,98,54,60,0,350
1409,0,60,0,0,0,3,0,32,64,64,60,0,284
1409,2,60,0,0,2,5,0,35,110,66,60,0,391
1410,0,60,0,0,0,2,0,31,64,64,60,0,297
1410,2,60,0,0,2,4,0,34,98,54,60,0,352
1411,0,60,0,0,0,2,0,31,51,51,60,0,241
1411,2,60,0,0,2,4,0,34,98,54,60,0,352
1412,0,60,0,0,0,2,0,31,51,51,60,0,239
1412,2,60,0,0,2,4,0,34,98,54,60,0,350
1413,0,60,0,0,0,3,0,32,64,64,60,0,284
1413,2,60,0,0,2,5,0,35,110,66,60,0,391
1414,0,60,0,0,0,2,1,32,64,64,60,0,297
1414,2,60,0,0,2,4,1,35,98,54,60,0,352
1415,0,60,0,0,0,2,0,31,51,51,60,0,241
1415,2,60,0,0,2,4,0,34,98,54,60,0,352
1416,0,60,0,0,0,2,0,18,51,51,60,0,260
1416,2,60,0,0,3,4,0,22,98,54,60,0,373
1416,4,60,0,0,3,4,0,22,98,54,60,0,373
1416,6,60,0,0,6,6,0,26,141,53,60,0,470
1417,0,60,0,0,0,12,0,28,64,64,60,0,327
1417,2,60,0,0,2,13,0,31,110,66,60,0,440
1418,0,60,0,0,0,4,1,21,64,64,60,0,340
1418,2,60,0,0,3,4,1,23,98,54,60,0,401
1418,4,60,0,0,9,8,3,29,132,61,60,0,476
1418,6,60,0,0,9,6,3,29,141,61,60,0,494
1419,0,60,0,0,0,2,0,18,51,51,60,0,284
1419,2,60,0,0,3,4,0,22,98,54,60,0,401
1419,4,60,0,0,3,4,0,22,98,58,60,0,381
1419,6,60,0,0,6,6,0,26,141,57,60,0,478
1420,0,60,0,0,0,2,1,19,51,51,60,0,260
1420,2,60,0,0,3,4,1,23,98,54,60,0,373
1420,4,60,0,0,6,4,3,25,98,54,60,0,373
1420,6,60,0,0,9,6,3,29,141,53,60,0,470
1421,0,60,0,0,0,11,1,29,64,64,60,0,327
1421,2,60,0,0,2,12,1,32,110,66,60,0,440
1422,0,60,0,0,0,3,8,28,64,64,60,0,340
1422,2,60,0,0,2,5,9,31,98,54,60,0,401
1423,0,60,0,0,0,2,1,19,51,51,60,0,284
1423,2,60,0,0,3,4,1,23,98,54,60,0,401
1423,4,60,0,0,6,4,3,25,98,58,60,0,381
1423,6,60,0,0,9,6,3,29,141,57,60,0,478
1424,0,60,0,0,0,11,0,40,64,64,60,0,305
1425,0,60,0,0,0,12,0,41,77,77,60,0,352
1426,0,60,0,0,0,12,0,41,84,84,60,0,401
1427,0,60,0,0,0,11,0,40,64,64,60,0,307
1428,0,60,0,0,0,11,0,40,64,64,60,0,305
1429,0,60,0,0,0,12,0,41,77,77,60,0,352
1430,0,60,0,0,0,11,0,41,84,84,60,0,401
1431,0,60,0,0,0,11,0,40,64,64,60,0,307
1432,0,60,0,0,0,12,0,28,64,64,60,0,327
1432,4,60,0,0,2,13,0,31,110,66,60,0,440
1433,0,60,0,0,0,22,0,38,77,77,60,0,398
1434,0,60,0,0,0,17,0,34,84,84,60,0,447
1435,0,60,0,0,0,12,0,28,64,64,60,0,353
1435,4,60,0,0,2,13,0,31,110,70,60,0,448
1436,0,60,0,0,0,11,0,28,64,64,60,0,327
1436,4,60,0,0,2,10,0,31,110,66,60,0,440
1437,0,60,0,0,0,20,0,38,77,77,60,0,398
1438,0,60,0,0,0,14,5,39,84,84,60,0,447
1439,0,60,0,0,0,11,0,28,64,64,60,0,353
1439,4,60,0,0,2,10,0,31,110,70,60,0,448
1440,0,60,0,0,0,2,0,31,51,51,60,0,263
1440,2,60,0,0,2,4,0,34,98,58,60,0,358
1441,0,60,0,0,0,3,0,32,64,64,60,0,310
1441,2,60,0,0,2,5,0,35,110,70,60,0,399
1442,0,60,0,0,0,2,0,31,64,64,60,0,335
1442,2,60,0,0,2,4,0,34,98,58,60,0,360
1443,0,60,0,0,0,2,0,31,51,51,60,0,265
1443,2,60,0,0,2,4,0,34,98,58,60,0,360
1444,0,60,0,0,0,2,0,31,51,51,60,0,263
1444,2,60,0,0,2,4,0,34,98,58,60,0,358
1445,0,60,0,0,0,3,0,32,64,64,60,0,310
1445,2,60,0,0,2,5,0,35,110,70,60,0,399
1446,0,60,0,0,0,2,1,32,64,64,60,0,335
1446,2,60,0,0,2,4,1,35,98,58,60,0,360
1447,0,60,0,0,0,2,0,31,51,51,60,0,265
1447,2,60,0,0,2,4,0,34,98,58,60,0,360
1448,0,60,0,0,0,2,0,18,51,51,60,0,284
1448,2,60,0,0,3,4,0,22,98,58,60,0,381
1448,4,60,0,0,3,4,0,22,98,54,60,0,401
1448,6,60,0,0,6,6,0,26,141,57,60,0,478
1449,0,60,0,0,0,12,0,28,64,64,60,0,353
1449,2,60,0,0,2,13,0,31,110,70,60,0,448
1450,0,60,0,0,0,4,1,21,64,64,60,0,378
1450,2,60,0,0,3,4,1,23,98,58,60,0,409
1450,4,60,0,0,9,8,3,29,132,65,60,0,484
1450,6,60,0,0,9,6,3,29,141,65,60,0,502
1451,0,60,0,0,0,2,0,18,51,51,60,0,308
1451,2,60,0,0,3,4,0,22,98,58,60,0,409
1451,4,60,0,0,3,4,0,22,98,58,60,0,409
1451,6,60,0,0,6,6,0,26,141,61,60,0,486
1452,0,60,0,0,0,2,1,19,51,51,60,0,284
1452,2,60,0,0,3,4,1,23,98,58,60,0,381
1452,4,60,0,0,6,4,3,25,98,54,60,0,401
1452,6,60,0,0,9,6,3,29,141,57,60,0,478
1453,0,60,0,0,0,11,1,29,64,64,60,0,353
1453,2,60,0,0,2,12,1,32,110,70,60,0,448
1454,0,60,0,0,0,3,8,28,64,64,60,0,378
1454,2,60,0,0,2,5,9,31,98,58,60,0,409
1455,0,60,0,0,0,2,1,19,51,51,60,0,308
1455,2,60,0,0,3,4,1,23,98,58,60,0,409
1455,4,60,0,0,6,4,3,25,98,58,60,0,409
1455,6,60,0,0,9,6,3,29,141,61,60,0,486
1456,0,60,0,0,0,10,0,40,64,64,60,0,303
1457,0,60,0,0,0,12,0,42,84,84,60,0,376
1458,0,60,0,0,0,10,0,40,77,77,60,0,377
1459,0,60,0,0,0,10,0,40,64,64,60,0,307
1460,0,60,0,0,0,11,0,40,64,64,60,0,303
1461,0,60,0,0,0,13,0,42,84,84,60,0,376
1462,0,60,0,0,0,12,2,42,77,77,60,0,377
1463,0,60,0,0,0,11,0,40,64,64,60,0,307
1464,0,60,0,0,0,4,1,21,64,64,60,0,340
1464,2,60,0,0,9,8,3,29,132,61,60,0,476
1464,4,60,0,0,3,4,1,23,98,54,60,0,401
1464,6,60,0,0,9,6,3,29,141,61,60,0,494
1465,0,60,0,0,0,17,0,34,84,84,60,0,447
1466,0,60,0,0,0,8,4,26,77,77,60,0,448
1466,2,60,0,0,12,10,6,32,132,69,60,0,500
1466,4,60,0,0,12,10,6,32,132,69,60,0,500
1466,6,60,0,0,12,6,6,32,141,69,60,0,518
1467,0,60,0,0,0,4,1,21,64,64,60,0,378
1467,2,60,0,0,9,8,3,29,132,65,60,0,484
1467,4,60,0,0,3,4,1,23,98,58,60,0,409
1467,6,60,0,0,9,6,3,29,141,65,60,0,502
1468,0,60,0,0,0,5,2,22,64,64,60,0,340
1468,2,60,0,0,9,10,3,29,132,61,60,0,476
1468,4,60,0,0,6,4,3,25,98,54,60,0,401
1468,6,60,0,0,9,6,3,29,141,61,60,0,494
1469,0,60,0,0,0,18,2,36,84,84,60,0,447
1470,0,60,0,0,0,9,12,34,77,77,60,0,448
1471,0,60,0,0,0,5,2,22,64,64,60,0,378
1471,2,60,0,0,9,10,3,29,132,65,60,0,484
1471,4,60,0,0,6,4,3,25,98,58,60,0,409
1471,6,60,0,0,9,6,3,29,141,65,60,0,502
1472,0,60,0,0,0,1,0,31,51,51,60,0,239
1472,2,60,0,0,2,2,0,34,98,54,60,0,350
1473,0,60,0,0,0,2,0,32,64,64,60,0,284
1473,2,60,0,0,2,3,0,35,110,66,60,0,391
1474,0,60,0,0,0,1,0,31,64,64,60,0,297
1474,2,60,0,0,2,2,0,34,98,54,60,0,352
1475,0,60,0,0,0,1,0,31,51,51,60,0,241
1475,2,60,0,0,2,2,0,34,98,54,60,0,352
1476,0,60,0,0,0,2,0,31,51,51,60,0,239
1476,2,60,0,0,2,4,0,34,98,54,60,0,350
1477,0,60,0,0,0,3,0,32,64,64,60,0,284
1477,2,60,0,0,2,5,0,35,110,66,60,0,391
1478,0,60,0,0,0,2,0,31,64,64,60,0,297
1478,2,60,0,0,2,4,0,34,98,54,60,0,352
1479,0,60,0,0,0,2,0,31,51,51,60,0,241
1479,2,60,0,0,2,4,0,34,98,54,60,0,352
1480,0,60,0,0,0,2,1,19,51,51,60,0,260
1480,2,60,0,0,6,4,3,25,98,54,60,0,373
1480,4,60,0,0,3,4,1,23,98,54,60,0,373
1480,6,60,0,0,9,6,3,29,141,53,60,0,470
1481,0,60,0,0,0,11,0,28,64,64,60,0,327
1481,2,60,0,0,2,10,0,31,110,66,60,0,440
1482,0,60,0,0,0,5,2,22,64,64,60,0,340
1482,2,60,0,0,6,4,3,25,98,54,60,0,401
1482,4,60,0,0,9,10,3,29,132,61,60,0,476
1482,6,60,0,0,9,6,3,29,141,61,60,0,494
1483,0,60,0,0,0,2,1,19,51,51,60,0,284
1483,2,60,0,0,6,4,3,25,98,54,60,0,401
1483,4,60,0,0,3,4,1,23,98,58,60,0,381
1483,6,60,0,0,9,6,3,29,141,57,60,0,478
1484,0,60,0,0,0,2,0,18,51,51,60,0,260
1484,2,60,0,0,3,4,0,22,98,54,60,0,373
1484,4,60,0,0,3,4,0,22,98,54,60,0,373
1484,6,60,0,0,6,6,0,26,141,53,60,0,470
1485,0,60,0,0,0,11,0,28,64,64,60,0,327
1485,2,60,0,0,2,12,0,31,110,66,60,0,440
1486,0,60,0,0,0,4,1,21,64,64,60,0,340
1486,2,60,0,0,3,4,1,23,98,54,60,0,401
1486,4,60,0,3,9,8,3,29,132,61,60,0,476
1486,6,60,0,3,9,6,3,29,141,61,60,0,494
1487,0,60,0,0,0,2,0,18,51,51,60,0,284
1487,2,60,0,0,3,4,0,22,98,54,60,0,401
1487,4,60,0,0,3,4,0,22,98,58,60,0,381
1487,6,60,0,0,6,6,0,26,141,57,60,0,478
1488,0,60,0,0,0,9,0,40,64,64,60,0,305
1489,0,60,0,0,0,10,0,41,77,77,60,0,352
1490,0,60,0,0,0,10,0,41,84,84,60,0,401
1491,0,60,0,0,0,9,0,40,64,64,60,0,307
1492,0,60,0,0,0,10,0,40,64,64,60,0,305
1493,0,60,0,0,0,11,0,41,77,77,60,0,352
1494,0,60,0,0,0,11,0,41,84,84,60,0,401
1495,0,60,0,0,0,10,0,40,64,64,60,0,307
1496,0,60,0,0,0,11,1,29,64,64,60,0,327
1496,4,60,0,0,2,12,1,32,110,66,60,0,440
1497,0,60,0,0,0,20,0,38,77,77,60,0,398
1498,0,60,0,0,0,18,2,36,84,84,60,0,447
1499,0,60,0,0,0,11,1,29,64,64,60,0,353
1499,4,60,0,0,2,12,1,32,110,70,60,0,448
1500,0,60,0,0,0,11,0,28,64,64,60,0,327
1500,4,60,0,0,2,12,0,31,110,66,60,0,440
1501,0,60,0,0,0,20,0,38,77,77,60,0,398
1502,0,60,0,0,0,16,0,34,84,84,60,0,447
1503,0,60,0,0,0,11,0,28,64,64,60,0,353
1503,4,60,0,0,2,12,0,31,110,70,60,0,448
1504,0,60,0,0,0,1,0,31,51,51,60,0,263
1504,2,60,0,0,2,2,0,34,98,58,60,0,358
1505,0,60,0,0,0,2,0,32,64,64,60,0,310
1505,2,60,0,0,2,3,0,35,110,70,60,0,399
1506,0,60,0,0,0,1,0,31,64,64,60,0,335
1506,2,60,0,0,2,2,0,34,98,58,60,0,360
1507,0,60,0,0,0,1,0,31,51,51,60,0,265
1507,2,60,0,0,2,2,0,34,98,58,60,0,360
1508,0,60,0,0,0,2,0,31,51,51,60,0,263
1508,2,60,0,0,2,4,0,34,98,58,60,0,358
1509,0,60,0,0,0,3,0,32,64,64,60,0,310
1509,2,60,0,0,2,5,0,35,110,70,60,0,399
1510,0,60,0,0,0,2,0,31,64,64,60,0,335
1510,2,60,0,0,2,4,0,34,98,58,60,0,360
1511,0,60,0,0,0,2,0,31,51,51,60,0,265
1511,2,60,0,0,2,4,0,34,98,58,60,0,360
1512,0,60,0,0,0,2,1,19,51,51,60,0,284
1512,2,60,0,0,6,4,3,25,98,58,60,0,381
1512,4,60,0,0,3,4,1,23,98,54,60,0,401
1512,6,60,0,0,9,6,3,29,141,57,60,0,478
1513,0,60,0,0,0,11,0,28,64,64,60,0,353
1513,2,60,0,0,2,10,0,31,110,70,60,0,448
1514,0,60,0,0,0,5,2,22,64,64,60,0,378
1514,2,60,0,0,6,4,3,25,98,58,60,0,409
1514,4,60,0,0,9,10,3,29,132,65,60,0,484
1514,6,60,0,0,9,6,3,29,141,65,60,0,502
1515,0,60,0,0,0,2,1,19,51,51,60,0,308
1515,2,60,0,0,6,4,3,25,98,58,60,0,409
1515,4,60,0,0,3,4,1,23,98,58,60,0,409
1515,6,60,0,0,9,6,3,29,141,61,60,0,486
1516,0,60,0,0,0,2,0,18,51,51,60,0,284
1516,2,60,0,0,3,4,0,22,98,58,60,0,381
1516,4,60,0,0,3,4,0,22,98,54,60,0,401
1516,6,60,0,0,6,6,0,26,141,57,60,0,478
1517,0,60,0,0,0,11,0,28,64,64,60,0,353
1517,2,60,0,0,2,12,0,31,110,70,60,0,448
1518,0,60,0,0,0,4,1,21,64,64,60,0,378
1518,2,60,0,0,3,4,1,23,98,58,60,0,409
1518,4,60,0,3,9,8,3,29,132,65,60,0,484
1518,6,60,0,3,9,6,3,29,141,65,60,0,502
1519,0,60,0,0,0,2,0,18,51,51,60,0,308
1519,2,60,0,0,3,4,0,22,98,58,60,0,409
1519,4,60,0,0,3,4,0,22,98,58,60,0,409
1519,6,60,0,0,6,6,0,26,141,61,60,0,486
1520,0,60,0,0,0,3,1,41,64,64,60,0,303
1521,0,60,0,0,0,4,0,42,84,84,60,0,376
1522,0,60,0,0,0,4,2,42,77,77,60,0,377
1523,0,60,0,0,0,3,1,41,64,64,60,0,307
1524,0,60,0,0,0,10,0,40,64,64,60,0,303
1525,0,60,0,0,0,12,0,42,84,84,60,0,376
1526,0,60,0,0,0,10,0,40,77,77,60,0,377
1527,0,60,0,0,0,10,0,40,64,64,60,0,307
1528,0,60,0,0,0,3,8,28,64,64,60,0,340
1528,4,60,0,0,2,5,9,31,98,54,60,0,401
1529,0,60,0,0,0,14,5,39,84,84,60,0,447
1530,0,60,0,0,0,9,12,34,77,77,60,0,448
1531,0,60,0,0,0,3,8,28,64,64,60,0,378
1531,4,60,0,0,2,5,9,31,98,58,60,0,409
1532,0,60,0,0,0,4,1,21,64,64,60,0,340
1532,2,60,0,3,9,8,3,29,132,61,60,0,476
1532,4,60,0,0,3,4,1,23,98,54,60,0,401
1532,6,60,0,3,9,6,3,29,141,61,60,0,494
1533,0,60,0,0,0,16,0,34,84,84,60,0,447
1534,0,60,0,0,0,8,4,26,77,77,60,0,448
1534,2,60,0,6,12,10,6,32,132,69,60,0,500
1534,4,60,0,6,12,10,6,32,132,69,60,0,500
1534,6,60,0,6,12,6,6,32,141,69,60,0,518
1535,0,60,0,0,0,4,1,21,64,64,60,0,378
1535,2,60,0,3,9,8,3,29,132,65,60,0,484
1535,4,60,0,0,3,4,1,23,98,58,60,0,409
1535,6,60,0,3,9,6,3,29,141,65,60,0,502
1536,0,60,0,0,0,0,0,43,64,64,60,0,258
1537,0,60,0,0,0,1,0,44,84,84,60,0,324
1538,0,60,0,0,0,1,0,44,77,77,60,0,300
1539,0,60,0,0,0,0,0,43,64,64,60,0,260
1540,0,60,0,0,0,0,0,43,64,64,60,0,258
1541,0,60,0,0,0,1,0,44,84,84,60,0,324
1542,0,60,0,0,0,0,0,44,77,77,60,0,300
1543,0,60,0,0,0,0,0,43,64,64,60,0,260
1544,0,60,0,0,0,2,0,32,64,64,60,0,280
1544,4,60,0,0,2,4,0,35,110,66,60,0,387
1545,0,60,0,0,0,12,0,42,84,84,60,0,370
1546,0,60,0,0,0,10,0,41,77,77,60,0,346
1547,0,60,0,0,0,2,0,32,64,64,60,0,306
1547,4,60,0,0,2,4,0,35,110,70,60,0,395
1548,0,60,0,0,0,1,0,32,64,64,60,0,280
1548,4,60,0,0,2,2,0,35,110,66,60,0,387
1549,0,60,0,0,0,10,0,42,84,84,60,0,370
1550,0,60,0,0,0,3,1,42,77,77,60,0,346
1551,0,60,0,0,0,1,0,32,64,64,60,0,306
1551,4,60,0,0,2,2,0,35,110,70,60,0,395
1552,0,60,0,0,0,1,0,44,77,77,60,0,304
1553,0,60,0,0,0,2,0,45,97,97,60,0,372
1554,0,60,0,0,0,2,0,45,97,97,60,0,372
1555,0,60,0,0,0,1,0,44,77,77,60,0,306
1556,0,60,0,0,0,1,0,44,77,77,60,0,304
1557,0,60,0,0,0,2,0,45,97,97,60,0,372
1558,0,60,0,0,0,1,0,45,97,97,60,0,372
1559,0,60,0,0,0,1,0,44,77,77,60,0,306
1560,0,60,0,0,0,3,0,33,77,77,60,0,327
1560,4,60,0,0,2,5,0,36,122,78,60,0,430
1561,0,60,0,0,0,13,0,43,97,97,60,0,421
1562,0,60,0,0,0,12,0,43,97,97,60,0,421
1563,0,60,0,0,0,3,0,33,77,77,60,0,355
1563,4,60,0,0,2,5,0,36,122,82,60,0,438
1564,0,60,0,0,0,2,0,33,77,77,60,0,327
1564,4,60,0,0,2,3,0,36,122,78,60,0,430
1565,0,60,0,0,0,11,0,43,97,97,60,0,421
1566,0,60,0,0,0,4,0,43,97,97,60,0,421
1567,0,60,0,0,0,2,0,33,77,77,60,0,355
1567,4,60,0,0,2,3,0,36,122,82,60,0,438
1568,0,60,0,0,0,0,0,43,64,64,60,0,262
1569,0,60,0,0,0,1,0,44,84,84,60,0,330
1570,0,60,0,0,0,1,0,44,77,77,60,0,306
1571,0,60,0,0,0,0,0,43,64,64,60,0,264
1572,0,60,0,0,0,0,0,43,64,64,60,0,262
1573,0,60,0,0,0,1,0,44,84,84,60,0,330
1574,0,60,0,0,0,0,0,44,77,77,60,0,306
1575,0,60,0,0,0,0,0,43,64,64,60,0,264
1576,0,60,0,0,0,2,0,32,64,64,60,0,284
1576,4,60,0,0,2,4,0,35,110,66,60,0,391
1577,0,60,0,0,0,12,0,42,84,84,60,0,376
1578,0,60,0,0,0,10,0,41,77,77,60,0,352
1579,0,60,0,0,0,2,0,32,64,64,60,0,310
1579,4,60,0,0,2,4,0,35,110,70,60,0,399
1580,0,60,0,0,0,1,0,32,64,64,60,0,284
1580,4,60,0,0,2,2,0,35,110,66,60,0,391
1581,0,60,0,0,0,10,0,42,84,84,60,0,376
1582,0,60,0,0,0,3,1,42,77,77,60,0,352
1583,0,60,0,0,0,1,0,32,64,64,60,0,310
1583,4,60,0,0,2,2,0,35,110,70,60,0,399
1584,0,60,0,0,0,1,0,44,84,84,60,0,324
1585,0,60,0,0,0,2,0,45,111,111,60,0,420
1586,0,60,0,0,0,2,0,45,97,97,60,0,372
1587,0,60,0,0,0,1,0,44,84,84,60,0,330
1588,0,60,0,0,0,1,0,44,84,84,60,0,324
1589,0,60,0,0,0,2,0,45,111,111,60,0,420
1590,0,60,0,0,0,1,0,45,97,97,60,0,372
1591,0,60,0,0,0,1,0,44,84,84,60,0,330
1592,0,60,0,0,0,2,0,32,84,84,60,0,373
1592,4,60,0,0,2,4,0,35,110,66,60,0,391
1593,0,60,0,0,0,13,0,43,111,111,60,0,507
1594,0,60,0,0,0,10,0,41,97,97,60,0,459
1595,0,60,0,0,0,2,0,32,84,84,60,0,417
1595,4,60,0,0,2,4,0,35,110,70,60,0,399
1596,0,60,0,0,0,1,0,32,84,84,60,0,373
1596,4,60,0,0,2,2,0,35,110,66,60,0,391
1597,0,60,0,0,0,11,0,43,111,111,60,0,507
1598,0,60,0,0,0,4,2,43,97,97,60,0,459
1599,0,60,0,0,0,1,0,32,84,84,60,0,417
1599,4,60,0,0,2,2,0,35,110,70,60,0,399
1600,0,60,0,0,0,1,0,43,64,64,60,0,258
1601,0,60,0,0,0,2,0,44,84,84,60,0,324
1602,0,60,0,0,0,2,0,44,77,77,60,0,300
1603,0,60,0,0,0,1,0,43,64,64,60,0,260
1604,0,60,0,0,0,1,0,43,64,64,60,0,258
1605,0,60,0,0,0,2,0,44,84,84,60,0,324
1606,0,60,0,0,0,2,0,44,77,77,60,0,300
1607,0,60,0,0,0,1,0,43,64,64,60,0,260
1608,0,60,0,0,0,3,0,32,64,64,60,0,280
1608,4,60,0,0,2,5,0,35,110,66,60,0,387
1609,0,60,0,0,0,13,0,42,84,84,60,0,370
1610,0,60,0,0,0,12,0,41,77,77,60,0,346
1611,0,60,0,0,0,3,0,32,64,64,60,0,306
1611,4,60,0,0,2,5,0,35,110,70,60,0,395
1612,0,60,0,0,0,3,0,32,64,64,60,0,280
1612,4,60,0,0,2,5,0,35,110,66,60,0,387
1613,0,60,0,0,0,12,0,42,84,84,60,0,370
1614,0,60,0,0,0,11,0,41,77,77,60,0,346
1615,0,60,0,0,0,3,0,32,64,64,60,0,306
1615,4,60,0,0,2,5,0,35,110,70,60,0,395
1616,0,60,0,0,0,2,0,44,77,77,60,0,304
1617,0,60,0,0,0,3,0,45,97,97,60,0,372
1618,0,60,0,0,0,3,0,45,97,97,60,0,372
1619,0,60,0,0,0,2,0,44,77,77,60,0,306
1620,0,60,0,0,0,2,0,44,77,77,60,0,304
1621,0,60,0,0,0,3,0,45,97,97,60,0,372
1622,0,60,0,0,0,3,0,45,97,97,60,0,372
1623,0,60,0,0,0,2,0,44,77,77,60,0,306
1624,0,60,0,0,0,4,0,33,77,77,60,0,327
1624,4,60,0,0,2,6,0,36,122,78,60,0,430
1625,0,60,0,0,0,14,0,43,97,97,60,0,421
1626,0,60,0,0,0,14,0,43,97,97,60,0,421
1627,0,60,0,0,0,4,0,33,77,77,60,0,355
1627,4,60,0,0,2,6,0,36,122,82,60,0,438
1628,0,60,0,0,0,4,0,33,77,77,60,0,327
1628,4,60,0,0,2,6,0,36,122,78,60,0,430
1629,0,60,0,0,0,13,0,43,97,97,60,0,421
1630,0,60,0,0,0,13,0,43,97,97,60,0,421
1631,0,60,0,0,0,4,0,33,77,77,60,0,355
1631,4,60,0,0,2,6,0,36,122,82,60,0,438
1632,0,60,0,0,0,1,0,43,64,64,60,0,262
1633,0,60,0,0,0,2,0,44,84,84,60,0,330
1634,0,60,0,0,0,2,0,44,77,77,60,0,306
1635,0,60,0,0,0,1,0,43,64,64,60,0,264
1636,0,60,0,0,0,1,0,43,64,64,60,0,262
1637,0,60,0,0,0,2,0,44,84,84,60,0,330
1638,0,60,0,0,0,2,0,44,77,77,60,0,306
1639,0,60,0,0,0,1,0,43,64,64,60,0,264
1640,0,60,0,0,0,3,0,32,64,64,60,0,284
1640,4,60,0,0,2,5,0,35,110,66,60,0,391
1641,0,60,0,0,0,13,0,42,84,84,60,0,376
1642,0,60,0,0,0,12,0,41,77,77,60,0,352
1643,0,60,0,0,0,3,0,32,64,64,60,0,310
1643,4,60,0,0,2,5,0,35,110,70,60,0,399
1644,0,60,0,0,0,3,0,32,64,64,60,0,284
1644,4,60,0,0,2,5,0,35,110,66,60,0,391
1645,0,60,0,0,0,12,0,42,84,84,60,0,376
1646,0,60,0,0,0,11,0,41,77,77,60,0,352
1647,0,60,0,0,0,3,0,32,64,64,60,0,310
1647,4,60,0,0,2,5,0,35,110,70,60,0,399
1648,0,60,0,0,0,1,0,44,84,84,60,0,324
1649,0,60,0,0,0,2,0,45,111,111,60,0,420
1650,0,60,0,0,0,2,0,45,97,97,60,0,372
1651,0,60,0,0,0,1,0,44,84,84,60,0,330
1652,0,60,0,0,0,2,0,44,84,84,60,0,324
1653,0,60,0,0,0,3,0,45,111,111,60,0,420
1654,0,60,0,0,0,3,0,45,97,97,60,0,372
1655,0,60,0,0,0,2,0,44,84,84,60,0,330
1656,0,60,0,0,0,3,1,33,84,84,60,0,373
1656,4,60,0,0,2,5,1,36,110,66,60,0,391
1657,0,60,0,0,0,13,0,43,111,111,60,0,507
1658,0,60,0,0,0,13,2,43,97,97,60,0,459
1659,0,60,0,0,0,3,1,33,84,84,60,0,417
1659,4,60,0,0,2,5,1,36,110,70,60,0,399
1660,0,60,0,0,0,3,0,32,84,84,60,0,373
1660,4,60,0,0,2,5,0,35,110,66,60,0,391
1661,0,60,0,0,0,13,0,43,111,111,60,0,507
1662,0,60,0,0,0,11,0,41,97,97,60,0,459
1663,0,60,0,0,0,3,0,32,84,84,60,0,417
1663,4,60,0,0,2,5,0,35,110,70,60,0,399
1664,0,60,0,0,0,2,1,32,64,64,60,0,295
1664,2,60,0,0,2,4,1,35,98,54,60,0,350
1665,0,60,0,0,0,3,1,33,84,84,60,0,373
1665,2,60,0,0,2,5,1,36,110,66,60,0,391
1666,0,60,0,0,0,2,1,32,77,77,60,0,353
1666,2,60,0,0,2,4,1,35,98,54,60,0,352
1667,0,60,0,0,0,2,1,32,64,64,60,0,297
1667,2,60,0,0,2,4,1,35,98,54,60,0,352
1668,0,60,0,0,0,2,1,32,64,64,60,0,295
1668,2,60,0,0,2,4,1,35,98,54,60,0,350
1669,0,60,0,0,0,3,1,33,84,84,60,0,373
1669,2,60,0,0,2,5,1,36,110,66,60,0,391
1670,0,60,0,0,0,2,2,33,77,77,60,0,353
1670,2,60,0,0,2,4,2,36,98,54,60,0,352
1671,0,60,0,0,0,2,1,32,64,64,60,0,297
1671,2,60,0,0,2,4,1,35,98,54,60,0,352
1672,0,60,0,0,0,2,1,19,64,64,60,0,317
1672,2,60,0,0,3,4,1,23,98,54,60,0,373
1672,4,60,0,0,3,4,1,23,110,66,60,0,426
1672,6,60,0,0,6,6,1,27,141,53,60,0,470
1673,0,60,0,0,0,13,2,30,84,84,60,0,419
1673,2,60,0,0,2,14,2,33,110,66,60,0,440
1674,0,60,0,0,0,4,2,22,77,77,60,0,399
1674,2,60,0,0,3,4,2,24,98,54,60,0,401
1674,4,60,0,0,9,8,4,30,137,61,60,0,486
1674,6,60,0,0,9,6,4,30,141,61,60,0,494
1675,0,60,0,0,0,2,1,19,64,64,60,0,343
1675,2,60,0,0,3,4,1,23,98,54,60,0,401
1675,4,60,0,0,3,4,1,23,110,70,60,0,434
1675,6,60,0,0,6,6,1,27,141,57,60,0,478
1676,0,60,0,0,0,2,2,20,64,64,60,0,317
1676,2,60,0,0,3,4,2,24,98,54,60,0,373
1676,4,60,0,0,6,4,4,26,110,66,60,0,426
1676,6,60,0,0,9,6,4,30,141,53,60,0,470
1677,0,60,0,0,0,12,3,31,84,84,60,0,419
1677,2,60,0,0,2,13,3,34,110,66,60,0,440
1678,0,60,0,0,0,3,9,29,77,77,60,0,399
1678,2,60,0,0,2,5,10,32,98,54,60,0,401
1679,0,60,0,0,0,2,2,20,64,64,60,0,343
1679,2,60,0,0,3,4,2,24,98,54,60,0,401
1679,4,60,0,0,6,4,4,26,110,70,60,0,434
1679,6,60,0,0,9,6,4,30,141,57,60,0,478
1680,0,60,0,0,0,12,2,42,77,77,60,0,375
1681,0,60,0,0,0,13,2,43,97,97,60,0,459
1682,0,60,0,0,0,13,2,43,97,97,60,0,471
1683,0,60,0,0,0,12,2,42,77,77,60,0,377
1684,0,60,0,0,0,12,2,42,77,77,60,0,375
1685,0,60,0,0,0,13,2,43,97,97,60,0,459
1686,0,60,0,0,0,12,2,43,97,97,60,0,471
1687,0,60,0,0,0,12,2,42,77,77,60,0,377
1688,0,60,0,0,0,13,2,30,77,77,60,0,398
1688,4,60,0,0,2,14,2,33,122,78,60,0,507
1689,0,60,0,0,0,24,3,41,97,97,60,0,508
1690,0,60,0,0,0,19,3,37,97,97,60,0,520
1691,0,60,0,0,0,13,2,30,77,77,60,0,426
1691,4,60,0,0,2,14,2,33,122,82,60,0,515
1692,0,60,0,0,0,12,2,30,77,77,60,0,398
1692,4,60,0,0,2,11,2,33,122,78,60,0,507
1693,0,60,0,0,0,22,3,41,97,97,60,0,508
1694,0,60,0,0,0,15,7,41,97,97,60,0,520
1695,0,60,0,0,0,12,2,30,77,77,60,0,426
1695,4,60,0,0,2,11,2,33,122,82,60,0,515
1696,0,60,0,0,0,2,1,32,64,64,60,0,333
1696,2,60,0,0,2,4,1,35,98,58,60,0,358
1697,0,60,0,0,0,3,1,33,84,84,60,0,417
1697,2,60,0,0,2,5,1,36,110,70,60,0,399
1698,0,60,0,0,0,2,1,32,77,77,60,0,405
1698,2,60,0,0,2,4,1,35,98,58,60,0,360
1699,0,60,0,0,0,2,1,32,64,64,60,0,335
1699,2,60,0,0,2,4,1,35,98,58,60,0,360
1700,0,60,0,0,0,2,1,32,64,64,60,0,333
1700,2,60,0,0,2,4,1,35,98,58,60,0,358
1701,0,60,0,0,0,3,1,33,84,84,60,0,417
1701,2,60,0,0,2,5,1,36,110,70,60,0,399
1702,0,60,0,0,0,2,2,33,77,77,60,0,405
1702,2,60,0,0,2,4,2,36,98,58,60,0,360
1703,0,60,0,0,0,2,1,32,64,64,60,0,335
1703,2,60,0,0,2,4,1,35,98,58,60,0,360
1704,0,60,0,0,0,2,1,19,64,64,60,0,355
1704,2,60,0,0,3,4,1,23,98,58,60,0,381
1704,4,60,0,0,3,4,1,23,110,66,60,0,468
1704,6,60,0,0,6,6,1,27,141,57,60,0,478
1705,0,60,0,0,0,13,2,30,84,84,60,0,463
1705,2,60,0,0,2,14,2,33,110,70,60,0,448
1706,0,60,0,0,0,4,2,22,77,77,60,0,451
1706,2,60,0,0,3,4,2,24,98,58,60,0,409
1706,4,60,0,0,9,8,4,30,137,65,60,0,494
1706,6,60,0,0,9,6,4,30,141,65,60,0,502
1707,0,60,0,0,0,2,1,19,64,64,60,0,381
1707,2,60,0,0,3,4,1,23,98,58,60,0,409
1707,4,60,0,0,3,4,1,23,110,70,60,0,476
1707,6,60,0,0,6,6,1,27,141,61,60,0,486
1708,0,60,0,0,0,2,2,20,64,64,60,0,355
1708,2,60,0,0,3,4,2,24,98,58,60,0,381
1708,4,60,0,0,6,4,4,26,110,66,60,0,468
1708,6,60,0,0,9,6,4,30,141,57,60,0,478
1709,0,60,0,0,0,12,3,31,84,84,60,0,463
1709,2,60,0,0,2,13,3,34,110,70,60,0,448
1710,0,60,0,0,0,3,9,29,77,77,60,0,451
1710,2,60,0,0,2,5,10,32,98,58,60,0,409
1711,0,60,0,0,0,2,2,20,64,64,60,0,381
1711,2,60,0,0,3,4,2,24,98,58,60,0,409
1711,4,60,0,0,6,4,4,26,110,70,60,0,476
1711,6,60,0,0,9,6,4,30,141,61,60,0,486
1712,0,60,0,0,0,10,0,41,84,84,60,0,395
1713,0,60,0,0,0,12,0,43,111,111,60,0,507
1714,0,60,0,0,0,10,0,41,97,97,60,0,471
1715,0,60,0,0,0,10,0,41,84,84,60,0,401
1716,0,60,0,0,0,11,0,41,84,84,60,0,395
1717,0,60,0,0,0,13,0,43,111,111,60,0,507
1718,0,60,0,0,0,12,2,43,97,97,60,0,471
1719,0,60,0,0,0,11,0,41,84,84,60,0,401
1720,0,60,0,0,0,4,2,22,84,84,60,0,444
1720,2,60,0,0,9,8,4,30,132,61,60,0,476
1720,4,60,0,0,3,4,2,24,110,66,60,0,468
1720,6,60,0,0,9,6,4,30,141,61,60,0,494
1721,0,60,0,0,0,19,3,37,111,111,60,0,594
1722,0,60,0,0,0,8,5,27,97,97,60,0,558
1722,2,60,0,0,12,10,7,33,132,69,60,0,500
1722,4,60,0,0,12,10,7,33,137,69,60,0,510
1722,6,60,0,0,12,6,7,33,141,69,60,0,518
1723,0,60,0,0,0,4,2,22,84,84,60,0,488
1723,2,60,0,0,9,8,4,30,132,65,60,0,484
1723,4,60,0,0,3,4,2,24,110,70,60,0,476
1723,6,60,0,0,9,6,4,30,141,65,60,0,502
1724,0,60,0,0,0,5,3,23,84,84,60,0,444
1724,2,60,0,0,9,10,4,30,132,61,60,0,476
1724,4,60,0,0,6,4,4,26,110,66,60,0,468
1724,6,60,0,0,9,6,4,30,141,61,60,0,494
1725,0,60,0,0,0,20,5,39,111,111,60,0,594
1726,0,60,0,0,0,9,13,35,97,97,60,0,558
1727,0,60,0,0,0,5,3,23,84,84,60,0,488
1727,2,60,0,0,9,10,4,30,132,65,60,0,484
1727,4,60,0,0,6,4,4,26,110,70,60,0,476
1727,6,60,0,0,9,6,4,30,141,65,60,0,502
1728,0,60,0,0,0,1,0,31,64,64,60,0,295
1728,2,60,0,0,2,2,0,34,98,54,60,0,350
1729,0,60,0,0,0,2,0,32,84,84,60,0,373
1729,2,60,0,0,2,3,0,35,110,66,60,0,391
1730,0,60,0,0,0,1,0,31,77,77,60,0,353
1730,2,60,0,0,2,2,0,34,98,54,60,0,352
1731,0,60,0,0,0,1,0,31,64,64,60,0,297
1731,2,60,0,0,2,2,0,34,98,54,60,0,352
1732,0,60,0,0,0,2,0,31,64,64,60,0,295
1732,2,60,0,0,2,4,0,34,98,54,60,0,350
1733,0,60,0,0,0,3,0,32,84,84,60,0,373
1733,2,60,0,0,2,5,0,35,110,66,60,0,391
1734,0,60,0,0,0,2,0,31,77,77,60,0,353
1734,2,60,0,0,2,4,0,34,98,54,60,0,352
1735,0,60,0,0,0,2,0,31,64,64,60,0,297
1735,2,60,0,0,2,4,0,34,98,54,60,0,352
1736,0,60,0,0,0,2,1,19,64,64,60,0,317
1736,2,60,0,0,6,4,3,25,98,54,60,0,373
1736,4,60,0,0,3,4,1,23,110,66,60,0,426
1736,6,60,0,0,9,6,3,29,141,53,60,0,470
1737,0,60,0,0,0,11,0,28,84,84,60,0,419
1737,2,60,0,0,2,10,0,31,110,66,60,0,440
1738,0,60,0,0,0,5,2,22,77,77,60,0,399
1738,2,60,0,0,6,4,3,25,98,54,60,0,401
1738,4,60,0,0,9,10,3,29,137,61,60,0,486
1738,6,60,0,0,9,6,3,29,141,61,60,0,494
1739,0,60,0,0,0,2,1,19,64,64,60,0,343
1739,2,60,0,0,6,4,3,25,98,54,60,0,401
1739,4,60,0,0,3,4,1,23,110,70,60,0,434
1739,6,60,0,0,9,6,3,29,141,57,60,0,478
1740,0,60,0,0,0,2,0,18,64,64,60,0,317
1740,2,60,0,0,3,4,0,22,98,54,60,0,373
1740,4,60,0,0,3,4,0,22,110,66,60,0,426
1740,6,60,0,0,6,6,0,26,141,53,60,0,470
1741,0,60,0,0,0,11,0,28,84,84,60,0,419
1741,2,60,0,0,2,12,0,31,110,66,60,0,440
1742,0,60,0,0,0,4,1,21,77,77,60,0,399
1742,2,60,0,0,3,4,1,23,98,54,60,0,401
1742,4,60,0,3,9,8,3,29,137,61,60,0,486
1742,6,60,0,3,9,6,3,29,141,61,60,0,494
1743,0,60,0,0,0,2,0,18,64,64,60,0,343
1743,2,60,0,0,3,4,0,22,98,54,60,0,401
1743,4,60,0,0,3,4,0,22,110,70,60,0,434
1743,6,60,0,0,6,6,0,26,141,57,60,0,478
1744,0,60,0,0,0,9,0,40,77,77,60,0,375
1745,0,60,0,0,0,10,0,41,97,97,60,0,459
1746,0,60,0,0,0,10,0,41,97,97,60,0,471
1747,0,60,0,0,0,9,0,40,77,77,60,0,377
1748,0,60,0,0,0,10,0,40,77,77,60,0,375
1749,0,60,0,0,0,11,0,41,97,97,60,0,459
1750,0,60,0,0,0,11,0,41,97,97,60,0,471
1751,0,60,0,0,0,10,0,40,77,77,60,0,377
1752,0,60,0,0,0,11,1,29,77,77,60,0,398
1752,4,60,0,0,2,12,1,32,122,78,60,0,507
1753,0,60,0,0,0,20,0,38,97,97,60,0,508
1754,0,60,0,0,0,18,2,36,97,97,60,0,520
1755,0,60,0,0,0,11,1,29,77,77,60,0,426
1755,4,60,0,0,2,12,1,32,122,82,60,0,515
1756,0,60,0,0,0,11,0,28,77,77,60,0,398
1756,4,60,0,0,2,12,0,31,122,78,60,0,507
1757,0,60,0,0,0,20,0,38,97,97,60,0,508
1758,0,60,0,0,0,16,0,34,97,97,60,0,520
1759,0,60,0,0,0,11,0,28,77,77,60,0,426
1759,4,60,0,0,2,12,0,31,122,82,60,0,515
1760,0,60,0,0,0,1,0,31,64,64,60,0,333
1760,2,60,0,0,2,2,0,34,98,58,60,0,358
1761,0,60,0,0,0,2,0,32,84,84,60,0,417
1761,2,60,0,0,2,3,0,35,110,70,60,0,399
1762,0,60,0,0,0,1,0,31,77,77,60,0,405
1762,2,60,0,0,2,2,0,34,98,58,60,0,360
1763,0,60,0,0,0,1,0,31,64,64,60,0,335
1763,2,60,0,0,2,2,0,34,98,58,60,0,360
1764,0,60,0,0,0,2,0,31,64,64,60,0,333
1764,2,60,0,0,2,4,0,34,98,58,60,0,358
1765,0,60,0,0,0,3,0,32,84,84,60,0,417
1765,2,60,0,0,2,5,0,35,110,70,60,0,399
1766,0,60,0,0,0,2,0,31,77,77,60,0,405
1766,2,60,0,0,2,4,0,34,98,58,60,0,360
1767,0,60,0,0,0,2,0,31,64,64,60,0,335
1767,2,60,0,0,2,4,0,34,98,58,60,0,360
1768,0,60,0,0,0,2,1,19,64,64,60,0,355
1768,2,60,0,0,6,4,3,25,98,58,60,0,381
1768,4,60,0,0,3,4,1,23,110,66,60,0,468
1768,6,60,0,0,9,6,3,29,141,57,60,0,478
1769,0,60,0,0,0,11,0,28,84,84,60,0,463
1769,2,60,0,0,2,10,0,31,110,70,60,0,448
1770,0,60,0,0,0,5,2,22,77,77,60,0,451
1770,2,60,0,0,6,4,3,25,98,58,60,0,409
1770,4,60,0,0,9,10,3,29,137,65,60,0,494
1770,6,60,0,0,9,6,3,29,141,65,60,0,502
1771,0,60,0,0,0,2,1,19,64,64,60,0,381
1771,2,60,0,0,6,4,3,25,98,58,60,0,409
1771,4,60,0,0,3,4,1,23,110,70,60,0,476
1771,6,60,0,0,9,6,3,29,141,61,60,0,486
1772,0,60,0,0,0,2,0,18,64,64,60,0,355
1772,2,60,0,0,3,4,0,22,98,58,60,0,381
1772,4,60,0,0,3,4,0,22,110,66,60,0,468
1772,6,60,0,0,6,6,0,26,141,57,60,0,478
1773,0,60,0,0,0,11,0,28,84,84,60,0,463
1773,2,60,0,0,2,12,0,31,110,70,60,0,448
1774,0,60,0,0,0,4,1,21,77,77,60,0,451
1774,2,60,0,0,3,4,1,23,98,58,60,0,409
1774,4,60,0,3,9,8,3,29,137,65,60,0,494
1774,6,60,0,3,9,6,3,29,141,65,60,0,502
1775,0,60,0,0,0,2,0,18,64,64,60,0,381
1775,2,60,0,0,3,4,0,22,98,58,60,0,409
1775,4,60,0,0,3,4,0,22,110,70,60,0,476
1775,6,60,0,0,6,6,0,26,141,61,60,0,486
1776,0,60,0,0,0,4,1,42,84,84,60,0,395
1777,0,60,0,0,0,5,0,43,111,111,60,0,507
1778,0,60,0,0,0,5,2,43,97,97,60,0,471
1779,0,60,0,0,0,4,1,42,84,84,60,0,401
1780,0,60,0,0,0,11,0,41,84,84,60,0,395
1781,0,60,0,0,0,13,0,43,111,111,60,0,507
1782,0,60,0,0,0,11,0,41,97,97,60,0,471
1783,0,60,0,0,0,11,0,41,84,84,60,0,401
1784,0,60,0,0,0,4,9,29,84,84,60,0,444
1784,4,60,0,0,2,6,10,32,110,66,60,0,468
1785,0,60,0,0,0,16,7,41,111,111,60,0,594
1786,0,60,0,0,0,10,13,35,97,97,60,0,558
1787,0,60,0,0,0,4,9,29,84,84,60,0,488
1787,4,60,0,0,2,6,10,32,110,70,60,0,476
1788,0,60,0,0,0,4,1,21,84,84,60,0,444
1788,2,60,0,3,9,8,3,29,132,61,60,0,476
1788,4,60,0,0,3,4,1,23,110,66,60,0,468
1788,6,60,0,3,9,6,3,29,141,61,60,0,494
1789,0,60,0,0,0,16,0,34,111,111,60,0,594
1790,0,60,0,0,0,8,4,26,97,97,60,0,558
1790,2,60,0,6,12,10,6,32,132,69,60,0,500
1790,4,60,0,6,12,10,6,32,137,69,60,0,510
1790,6,60,0,6,12,6,6,32,141,69,60,0,518
1791,0,60,0,0,0,4,1,21,84,84,60,0,488
1791,2,60,0,3,9,8,3,29,132,65,60,0,484
1791,4,60,0,0,3,4,1,23,110,70,60,0,476
1791,6,60,0,3,9,6,3,29,141,65,60,0,502
1792,0,60,0,0,0,0,0,43,64,64,60,0,258
1793,0,60,0,0,0,1,0,44,77,77,60,0,304
1794,0,60,0,0,0,1,0,44,84,84,60,0,324
1795,0,60,0,0,0,0,0,43,64,64,60,0,262
1796,0,60,0,0,0,1,0,43,64,64,60,0,258
1797,0,60,0,0,0,2,0,44,77,77,60,0,304
1798,0,60,0,0,0,1,0,44,84,84,60,0,324
1799,0,60,0,0,0,1,0,43,64,64,60,0,262
1800,0,60,0,0,0,2,1,32,64,64,60,0,295
1800,4,60,0,0,2,4,1,35,98,54,60,0,350
1801,0,60,0,0,0,12,2,42,77,77,60,0,375
1802,0,60,0,0,0,10,0,41,84,84,60,0,395
1803,0,60,0,0,0,2,1,32,64,64,60,0,333
1803,4,60,0,0,2,4,1,35,98,58,60,0,358
1804,0,60,0,0,0,1,0,31,64,64,60,0,295
1804,4,60,0,0,2,2,0,34,98,54,60,0,350
1805,0,60,0,0,0,9,0,40,77,77,60,0,375
1806,0,60,0,0,0,4,1,42,84,84,60,0,395
1807,0,60,0,0,0,1,0,31,64,64,60,0,333
1807,4,60,0,0,2,2,0,34,98,58,60,0,358
1808,0,60,0,0,0,1,0,44,84,84,60,0,324
1809,0,60,0,0,0,2,0,45,97,97,60,0,372
1810,0,60,0,0,0,2,0,45,111,111,60,0,420
1811,0,60,0,0,0,1,0,44,84,84,60,0,330
1812,0,60,0,0,0,2,0,44,84,84,60,0,324
1813,0,60,0,0,0,3,0,45,97,97,60,0,372
1814,0,60,0,0,0,2,0,45,111,111,60,0,420
1815,0,60,0,0,0,2,0,44,84,84,60,0,330
1816,0,60,0,0,0,3,1,33,84,84,60,0,373
1816,4,60,0,0,2,5,1,36,110,66,60,0,391
1817,0,60,0,0,0,13,2,43,97,97,60,0,459
1818,0,60,0,0,0,12,0,43,111,111,60,0,507
1819,0,60,0,0,0,3,1,33,84,84,60,0,417
1819,4,60,0,0,2,5,1,36,110,70,60,0,399
1820,0,60,0,0,0,2,0,32,84,84,60,0,373
1820,4,60,0,0,2,3,0,35,110,66,60,0,391
1821,0,60,0,0,0,10,0,41,97,97,60,0,459
1822,0,60,0,0,0,5,0,43,111,111,60,0,507
1823,0,60,0,0,0,2,0,32,84,84,60,0,417
1823,4,60,0,0,2,3,0,35,110,70,60,0,399
1824,0,60,0,0,0,0,0,43,64,64,60,0,260
1825,0,60,0,0,0,1,0,44,77,77,60,0,306
1826,0,60,0,0,0,1,0,44,84,84,60,0,330
1827,0,60,0,0,0,0,0,43,64,64,60,0,264
1828,0,60,0,0,0,1,0,43,64,64,60,0,260
1829,0,60,0,0,0,2,0,44,77,77,60,0,306
1830,0,60,0,0,0,1,0,44,84,84,60,0,330
1831,0,60,0,0,0,1,0,43,64,64,60,0,264
1832,0,60,0,0,0,2,1,32,64,64,60,0,297
1832,4,60,0,0,2,4,1,35,98,54,60,0,352
1833,0,60,0,0,0,12,2,42,77,77,60,0,377
1834,0,60,0,0,0,10,0,41,84,84,60,0,401
1835,0,60,0,0,0,2,1,32,64,64,60,0,335
1835,4,60,0,0,2,4,1,35,98,58,60,0,360
1836,0,60,0,0,0,1,0,31,64,64,60,0,297
1836,4,60,0,0,2,2,0,34,98,54,60,0,352
1837,0,60,0,0,0,9,0,40,77,77,60,0,377
1838,0,60,0,0,0,4,1,42,84,84,60,0,401
1839,0,60,0,0,0,1,0,31,64,64,60,0,335
1839,4,60,0,0,2,2,0,34,98,58,60,0,360
1840,0,60,0,0,0,1,0,44,77,77,60,0,300
1841,0,60,0,0,0,2,0,45,97,97,60,0,372
1842,0,60,0,0,0,2,0,45,97,97,60,0,372
1843,0,60,0,0,0,1,0,44,77,77,60,0,306
1844,0,60,0,0,0,2,0,44,77,77,60,0,300
1845,0,60,0,0,0,3,0,45,97,97,60,0,372
1846,0,60,0,0,0,2,0,45,97,97,60,0,372
1847,0,60,0,0,0,2,0,44,77,77,60,0,306
1848,0,60,0,0,0,2,1,32,77,77,60,0,353
1848,4,60,0,0,2,4,1,35,98,54,60,0,352
1849,0,60,0,0,0,13,2,43,97,97,60,0,471
1850,0,60,0,0,0,10,0,41,97,97,60,0,471
1851,0,60,0,0,0,2,1,32,77,77,60,0,405
1851,4,60,0,0,2,4,1,35,98,58,60,0,360
1852,0,60,0,0,0,1,0,31,77,77,60,0,353
1852,4,60,0,0,2,2,0,34,98,54,60,0,352
1853,0,60,0,0,0,10,0,41,97,97,60,0,471
1854,0,60,0,0,0,5,2,43,97,97,60,0,471
1855,0,60,0,0,0,1,0,31,77,77,60,0,405
1855,4,60,0,0,2,2,0,34,98,58,60,0,360
1856,0,60,0,0,0,0,0,43,64,64,60,0,258
1857,0,60,0,0,0,1,0,44,77,77,60,0,304
1858,0,60,0,0,0,1,0,44,84,84,60,0,324
1859,0,60,0,0,0,0,0,43,64,64,60,0,262
1860,0,60,0,0,0,1,0,43,64,64,60,0,258
1861,0,60,0,0,0,2,0,44,77,77,60,0,304
1862,0,60,0,0,0,2,0,44,84,84,60,0,324
1863,0,60,0,0,0,1,0,43,64,64,60,0,262
1864,0,60,0,0,0,2,1,32,64,64,60,0,295
1864,4,60,0,0,2,4,1,35,98,54,60,0,350
1865,0,60,0,0,0,12,2,42,77,77,60,0,375
1866,0,60,0,0,0,11,0,41,84,84,60,0,395
1867,0,60,0,0,0,2,1,32,64,64,60,0,333
1867,4,60,0,0,2,4,1,35,98,58,60,0,358
1868,0,60,0,0,0,2,0,31,64,64,60,0,295
1868,4,60,0,0,2,4,0,34,98,54,60,0,350
1869,0,60,0,0,0,10,0,40,77,77,60,0,375
1870,0,60,0,0,0,11,0,41,84,84,60,0,395
1871,0,60,0,0,0,2,0,31,64,64,60,0,333
1871,4,60,0,0,2,4,0,34,98,58,60,0,358
1872,0,60,0,0,0,1,0,44,84,84,60,0,324
1873,0,60,0,0,0,2,0,45,97,97,60,0,372
1874,0,60,0,0,0,2,0,45,111,111,60,0,420
1875,0,60,0,0,0,1,0,44,84,84,60,0,330
1876,0,60,0,0,0,2,0,44,84,84,60,0,324
1877,0,60,0,0,0,3,0,45,97,97,60,0,372
1878,0,60,0,0,0,3,0,45,111,111,60,0,420
1879,0,60,0,0,0,2,0,44,84,84,60,0,330
1880,0,60,0,0,0,3,1,33,84,84,60,0,373
1880,4,60,0,0,2,5,1,36,110,66,60,0,391
1881,0,60,0,0,0,13,2,43,97,97,60,0,459
1882,0,60,0,0,0,13,0,43,111,111,60,0,507
1883,0,60,0,0,0,3,1,33,84,84,60,0,417
1883,4,60,0,0,2,5,1,36,110,70,60,0,399
1884,0,60,0,0,0,3,0,32,84,84,60,0,373
1884,4,60,0,0,2,5,0,35,110,66,60,0,391
1885,0,60,0,0,0,11,0,41,97,97,60,0,459
1886,0,60,0,0,0,13,0,43,111,111,60,0,507
1887,0,60,0,0,0,3,0,32,84,84,60,0,417
1887,4,60,0,0,2,5,0,35,110,70,60,0,399
1888,0,60,0,0,0,0,0,43,64,64,60,0,260
1889,0,60,0,0,0,1,0,44,77,77,60,0,306
1890,0,60,0,0,0,1,0,44,84,84,60,0,330
1891,0,60,0,0,0,0,0,43,64,64,60,0,264
1892,0,60,0,0,0,1,0,43,64,64,60,0,260
1893,0,60,0,0,0,2,0,44,77,77,60,0,306
1894,0,60,0,0,0,2,0,44,84,84,60,0,330
1895,0,60,0,0,0,1,0,43,64,64,60,0,264
1896,0,60,0,0,0,2,1,32,64,64,60,0,297
1896,4,60,0,0,2,4,1,35,98,54,60,0,352
1897,0,60,0,0,0,12,2,42,77,77,60,0,377
1898,0,60,0,0,0,11,0,41,84,84,60,0,401
1899,0,60,0,0,0,2,1,32,64,64,60,0,335
1899,4,60,0,0,2,4,1,35,98,58,60,0,360
1900,0,60,0,0,0,2,0,31,64,64,60,0,297
1900,4,60,0,0,2,4,0,34,98,54,60,0,352
1901,0,60,0,0,0,10,0,40,77,77,60,0,377
1902,0,60,0,0,0,11,0,41,84,84,60,0,401
1903,0,60,0,0,0,2,0,31,64,64,60,0,335
1903,4,60,0,0,2,4,0,34,98,58,60,0,360
1904,0,60,0,0,0,0,0,44,77,77,60,0,300
1905,0,60,0,0,0,1,0,45,97,97,60,0,372
1906,0,60,0,0,0,1,0,45,97,97,60,0,372
1907,0,60,0,0,0,0,0,44,77,77,60,0,306
1908,0,60,0,0,0,2,0,44,77,77,60,0,300
1909,0,60,0,0,0,3,0,45,97,97,60,0,372
1910,0,60,0,0,0,3,0,45,97,97,60,0,372
1911,0,60,0,0,0,2,0,44,77,77,60,0,306
1912,0,60,0,0,0,2,2,33,77,77,60,0,353
1912,4,60,0,0,2,4,2,36,98,54,60,0,352
1913,0,60,0,0,0,12,2,43,97,97,60,0,471
1914,0,60,0,0,0,12,2,43,97,97,60,0,471
1915,0,60,0,0,0,2,2,33,77,77,60,0,405
1915,4,60,0,0,2,4,2,36,98,58,60,0,360
1916,0,60,0,0,0,2,0,31,77,77,60,0,353
1916,4,60,0,0,2,4,0,34,98,54,60,0,352
1917,0,60,0,0,0,11,0,41,97,97,60,0,471
1918,0,60,0,0,0,11,0,41,97,97,60,0,471
1919,0,60,0,0,0,2,0,31,77,77,60,0,405
1919,4,60,0,0,2,4,0,34,98,58,60,0,360
1920,0,60,0,0,0,2,0,32,64,64,60,0,280
1920,2,60,0,0,2,4,0,35,110,66,60,0,387
1921,0,60,0,0,0,3,0,33,77,77,60,0,327
1921,2,60,0,0,2,5,0,36,122,78,60,0,430
1922,0,60,0,0,0,2,0,32,84,84,60,0,373
1922,2,60,0,0,2,4,0,35,110,66,60,0,391
1923,0,60,0,0,0,2,0,32,64,64,60,0,284
1923,2,60,0,0,2,4,0,35,110,66,60,0,391
1924,0,60,0,0,0,3,0,32,64,64,60,0,280
1924,2,60,0,0,2,5,0,35,110,66,60,0,387
1925,0,60,0,0,0,4,0,33,77,77,60,0,327
1925,2,60,0,0,2,6,0,36,122,78,60,0,430
1926,0,60,0,0,0,3,1,33,84,84,60,0,373
1926,2,60,0,0,2,5,1,36,110,66,60,0,391
1927,0,60,0,0,0,3,0,32,64,64,60,0,284
1927,2,60,0,0,2,5,0,35,110,66,60,0,391
1928,0,60,0,0,0,2,1,19,64,64,60,0,317
1928,2,60,0,0,3,4,1,23,110,66,60,0,426
1928,4,60,0,0,3,4,1,23,98,54,60,0,373
1928,6,60,0,0,6,6,1,27,141,53,60,0,470
1929,0,60,0,0,0,13,2,30,77,77,60,0,398
1929,2,60,0,0,2,14,2,33,122,78,60,0,507
1930,0,60,0,0,0,4,2,22,84,84,60,0,444
1930,2,60,0,0,3,4,2,24,110,66,60,0,468
1930,4,60,0,0,9,8,4,30,132,61,60,0,476
1930,6,60,0,0,9,6,4,30,141,61,60,0,494
1931,0,60,0,0,0,2,1,19,64,64,60,0,355
1931,2,60,0,0,3,4,1,23,110,66,60,0,468
1931,4,60,0,0,3,4,1,23,98,58,60,0,381
1931,6,60,0,0,6,6,1,27,141,57,60,0,478
1932,0,60,0,0,0,2,1,19,64,64,60,0,317
1932,2,60,0,0,3,4,1,23,110,66,60,0,426
1932,4,60,0,0,6,4,3,25,98,54,60,0,373
1932,6,60,0,0,9,6,3,29,141,53,60,0,470
1933,0,60,0,0,0,11,1,29,77,77,60,0,398
1933,2,60,0,0,2,12,1,32,122,78,60,0,507
1934,0,60,0,0,0,4,9,29,84,84,60,0,444
1934,2,60,0,0,2,6,10,32,110,66,60,0,468
1935,0,60,0,0,0,2,1,19,64,64,60,0,355
1935,2,60,0,0,3,4,1,23,110,66,60,0,468
1935,4,60,0,0,6,4,3,25,98,58,60,0,381
1935,6,60,0,0,9,6,3,29,141,57,60,0,478
1936,0,60,0,0,0,12,0,42,84,84,60,0,370
1937,0,60,0,0,0,13,0,43,97,97,60,0,421
1938,0,60,0,0,0,13,0,43,111,111,60,0,507
1939,0,60,0,0,0,12,0,42,84,84,60,0,376
1940,0,60,0,0,0,13,0,42,84,84,60,0,370
1941,0,60,0,0,0,14,0,43,97,97,60,0,421
1942,0,60,0,0,0,13,0,43,111,111,60,0,507
1943,0,60,0,0,0,13,0,42,84,84,60,0,376
1944,0,60,0,0,0,13,2,30,84,84,60,0,419
1944,4,60,0,0,2,14,2,33,110,66,60,0,440
1945,0,60,0,0,0,24,3,41,97,97,60,0,508
1946,0,60,0,0,0,19,3,37,111,111,60,0,594
1947,0,60,0,0,0,13,2,30,84,84,60,0,463
1947,4,60,0,0,2,14,2,33,110,70,60,0,448
1948,0,60,0,0,0,11,0,28,84,84,60,0,419
1948,4,60,0,0,2,10,0,31,110,66,60,0,440
1949,0,60,0,0,0,20,0,38,97,97,60,0,508
1950,0,60,0,0,0,16,7,41,111,111,60,0,594
1951,0,60,0,0,0,11,0,28,84,84,60,0,463
1951,4,60,0,0,2,10,0,31,110,70,60,0,448
1952,0,60,0,0,0,2,0,32,64,64,60,0,306
1952,2,60,0,0,2,4,0,35,110,70,60,0,395
1953,0,60,0,0,0,3,0,33,77,77,60,0,355
1953,2,60,0,0,2,5,0,36,122,82,60,0,438
1954,0,60,0,0,0,2,0,32,84,84,60,0,417
1954,2,60,0,0,2,4,0,35,110,70,60,0,399
1955,0,60,0,0,0,2,0,32,64,64,60,0,310
1955,2,60,0,0,2,4,0,35,110,70,60,0,399
1956,0,60,0,0,0,3,0,32,64,64,60,0,306
1956,2,60,0,0,2,5,0,35,110,70,60,0,395
1957,0,60,0,0,0,4,0,33,77,77,60,0,355
1957,2,60,0,0,2,6,0,36,122,82,60,0,438
1958,0,60,0,0,0,3,1,33,84,84,60,0,417
1958,2,60,0,0,2,5,1,36,110,70,60,0,399
1959,0,60,0,0,0,3,0,32,64,64,60,0,310
1959,2,60,0,0,2,5,0,35,110,70,60,0,399
1960,0,60,0,0,0,2,1,19,64,64,60,0,343
1960,2,60,0,0,3,4,1,23,110,70,60,0,434
1960,4,60,0,0,3,4,1,23,98,54,60,0,401
1960,6,60,0,0,6,6,1,27,141,57,60,0,478
1961,0,60,0,0,0,13,2,30,77,77,60,0,426
1961,2,60,0,0,2,14,2,33,122,82,60,0,515
1962,0,60,0,0,0,4,2,22,84,84,60,0,488
1962,2,60,0,0,3,4,2,24,110,70,60,0,476
1962,4,60,0,0,9,8,4,30,132,65,60,0,484
1962,6,60,0,0,9,6,4,30,141,65,60,0,502
1963,0,60,0,0,0,2,1,19,64,64,60,0,381
1963,2,60,0,0,3,4,1,23,110,70,60,0,476
1963,4,60,0,0,3,4,1,23,98,58,60,0,409
1963,6,60,0,0,6,6,1,27,141,61,60,0,486
1964,0,60,0,0,0,2,1,19,64,64,60,0,343
1964,2,60,0,0,3,4,1,23,110,70,60,0,434
1964,4,60,0,0,6,4,3,25,98,54,60,0,401
1964,6,60,0,0,9,6,3,29,141,57,60,0,478
1965,0,60,0,0,0,11,1,29,77,77,60,0,426
1965,2,60,0,0,2,12,1,32,122,82,60,0,515
1966,0,60,0,0,0,4,9,29,84,84,60,0,488
1966,2,60,0,0,2,6,10,32,110,70,60,0,476
1967,0,60,0,0,0,2,1,19,64,64,60,0,381
1967,2,60,0,0,3,4,1,23,110,70,60,0,476
1967,4,60,0,0,6,4,3,25,98,58,60,0,409
1967,6,60,0,0,9,6,3,29,141,61,60,0,486
1968,0,60,0,0,0,10,0,41,77,77,60,0,346
1969,0,60,0,0,0,12,0,43,97,97,60,0,421
1970,0,60,0,0,0,10,0,41,97,97,60,0,459
1971,0,60,0,0,0,10,0,41,77,77,60,0,352
1972,0,60,0,0,0,12,0,41,77,77,60,0,346
1973,0,60,0,0,0,14,0,43,97,97,60,0,421
1974,0,60,0,0,0,13,2,43,97,97,60,0,459
1975,0,60,0,0,0,12,0,41,77,77,60,0,352
1976,0,60,0,0,0,4,2,22,77,77,60,0,399
1976,2,60,0,0,9,8,4,30,137,61,60,0,486
1976,4,60,0,0,3,4,2,24,98,54,60,0,401
1976,6,60,0,0,9,6,4,30,141,61,60,0,494
1977,0,60,0,0,0,19,3,37,97,97,60,0,520
1978,0,60,0,0,0,8,5,27,97,97,60,0,558
1978,2,60,0,0,12,10,7,33,137,69,60,0,510
1978,4,60,0,0,12,10,7,33,132,69,60,0,500
1978,6,60,0,0,12,6,7,33,141,69,60,0,518
1979,0,60,0,0,0,4,2,22,77,77,60,0,451
1979,2,60,0,0,9,8,4,30,137,65,60,0,494
1979,4,60,0,0,3,4,2,24,98,58,60,0,409
1979,6,60,0,0,9,6,4,30,141,65,60,0,502
1980,0,60,0,0,0,5,2,22,77,77,60,0,399
1980,2,60,0,0,9,10,3,29,137,61,60,0,486
1980,4,60,0,0,6,4,3,25,98,54,60,0,401
1980,6,60,0,0,9,6,3,29,141,61,60,0,494
1981,0,60,0,0,0,18,2,36,97,97,60,0,520
1982,0,60,0,0,0,10,13,35,97,97,60,0,558
1983,0,60,0,0,0,5,2,22,77,77,60,0,451
1983,2,60,0,0,9,10,3,29,137,65,60,0,494
1983,4,60,0,0,6,4,3,25,98,58,60,0,409
1983,6,60,0,0,9,6,3,29,141,65,60,0,502
1984,0,60,0,0,0,1,0,32,64,64,60,0,280
1984,2,60,0,0,2,2,0,35,110,66,60,0,387
1985,0,60,0,0,0,2,0,33,77,77,60,0,327
1985,2,60,0,0,2,3,0,36,122,78,60,0,430
1986,0,60,0,0,0,1,0,32,84,84,60,0,373
1986,2,60,0,0,2,2,0,35,110,66,60,0,391
1987,0,60,0,0,0,1,0,32,64,64,60,0,284
1987,2,60,0,0,2,2,0,35,110,66,60,0,391
1988,0,60,0,0,0,3,0,32,64,64,60,0,280
1988,2,60,0,0,2,5,0,35,110,66,60,0,387
1989,0,60,0,0,0,4,0,33,77,77,60,0,327
1989,2,60,0,0,2,6,0,36,122,78,60,0,430
1990,0,60,0,0,0,3,0,32,84,84,60,0,373
1990,2,60,0,0,2,5,0,35,110,66,60,0,391
1991,0,60,0,0,0,3,0,32,64,64,60,0,284
1991,2,60,0,0,2,5,0,35,110,66,60,0,391
1992,0,60,0,0,0,2,2,20,64,64,60,0,317
1992,2,60,0,0,6,4,4,26,110,66,60,0,426
1992,4,60,0,0,3,4,2,24,98,54,60,0,373
1992,6,60,0,0,9,6,4,30,141,53,60,0,470
1993,0,60,0,0,0,12,2,30,77,77,60,0,398
1993,2,60,0,0,2,11,2,33,122,78,60,0,507
1994,0,60,0,0,0,5,3,23,84,84,60,0,444
1994,2,60,0,0,6,4,4,26,110,66,60,0,468
1994,4,60,0,0,9,10,4,30,132,61,60,0,476
1994,6,60,0,0,9,6,4,30,141,61,60,0,494
1995,0,60,0,0,0,2,2,20,64,64,60,0,355
1995,2,60,0,0,6,4,4,26,110,66,60,0,468
1995,4,60,0,0,3,4,2,24,98,58,60,0,381
1995,6,60,0,0,9,6,4,30,141,57,60,0,478
1996,0,60,0,0,0,2,0,18,64,64,60,0,317
1996,2,60,0,0,3,4,0,22,110,66,60,0,426
1996,4,60,0,0,3,4,0,22,98,54,60,0,373
1996,6,60,0,0,6,6,0,26,141,53,60,0,470
1997,0,60,0,0,0,11,0,28,77,77,60,0,398
1997,2,60,0,0,2,12,0,31,122,78,60,0,507
1998,0,60,0,0,0,4,1,21,84,84,60,0,444
1998,2,60,0,0,3,4,1,23,110,66,60,0,468
1998,4,60,0,3,9,8,3,29,132,61,60,0,476
1998,6,60,0,3,9,6,3,29,141,61,60,0,494
1999,0,60,0,0,0,2,0,18,64,64,60,0,355
1999,2,60,0,0,3,4,0,22,110,66,60,0,468
1999,4,60,0,0,3,4,0,22,98,58,60,0,381
1999,6,60,0,0,6,6,0,26,141,57,60,0,478
2000,0,60,0,0,0,10,0,42,84,84,60,0,370
2001,0,60,0,0,0,11,0,43,97,97,60,0,421
2002,0,60,0,0,0,11,0,43,111,111,60,0,507
2003,0,60,0,0,0,10,0,42,84,84,60,0,376
2004,0,60,0,0,0,12,0,42,84,84,60,0,370
2005,0,60,0,0,0,13,0,43,97,97,60,0,421
2006,0,60,0,0,0,13,0,43,111,111,60,0,507
2007,0,60,0,0,0,12,0,42,84,84,60,0,376
2008,0,60,0,0,0,12,3,31,84,84,60,0,419
2008,4,60,0,0,2,13,3,34,110,66,60,0,440
2009,0,60,0,0,0,22,3,41,97,97,60,0,508
2010,0,60,0,0,0,20,5,39,111,111,60,0,594
2011,0,60,0,0,0,12,3,31,84,84,60,0,463
2011,4,60,0,0,2,13,3,34,110,70,60,0,448
2012,0,60,0,0,0,11,0,28,84,84,60,0,419
2012,4,60,0,0,2,12,0,31,110,66,60,0,440
2013,0,60,0,0,0,20,0,38,97,97,60,0,508
2014,0,60,0,0,0,16,0,34,111,111,60,0,594
2015,0,60,0,0,0,11,0,28,84,84,60,0,463
2015,4,60,0,0,2,12,0,31,110,70,60,0,448
2016,0,60,0,0,0,1,0,32,64,64,60,0,306
2016,2,60,0,0,2,2,0,35,110,70,60,0,395
2017,0,60,0,0,0,2,0,33,77,77,60,0,355
2017,2,60,0,0,2,3,0,36,122,82,60,0,438
2018,0,60,0,0,0,1,0,32,84,84,60,0,417
2018,2,60,0,0,2,2,0,35,110,70,60,0,399
2019,0,60,0,0,0,1,0,32,64,64,60,0,310
2019,2,60,0,0,2,2,0,35,110,70,60,0,399
2020,0,60,0,0,0,3,0,32,64,64,60,0,306
2020,2,60,0,0,2,5,0,35,110,70,60,0,395
2021,0,60,0,0,0,4,0,33,77,77,60,0,355
2021,2,60,0,0,2,6,0,36,122,82,60,0,438
2022,0,60,0,0,0,3,0,32,84,84,60,0,417
2022,2,60,0,0,2,5,0,35,110,70,60,0,399
2023,0,60,0,0,0,3,0,32,64,64,60,0,310
2023,2,60,0,0,2,5,0,35,110,70,60,0,399
2024,0,60,0,0,0,2,2,20,64,64,60,0,343
2024,2,60,0,0,6,4,4,26,110,70,60,0,434
2024,4,60,0,0,3,4,2,24,98,54,60,0,401
2024,6,60,0,0,9,6,4,30,141,57,60,0,478
2025,0,60,0,0,0,12,2,30,77,77,60,0,426
2025,2,60,0,0,2,11,2,33,122,82,60,0,515
2026,0,60,0,0,0,5,3,23,84,84,60,0,488
2026,2,60,0,0,6,4,4,26,110,70,60,0,476
2026,4,60,0,0,9,10,4,30,132,65,60,0,484
2026,6,60,0,0,9,6,4,30,141,65,60,0,502
2027,0,60,0,0,0,2,2,20,64,64,60,0,381
2027,2,60,0,0,6,4,4,26,110,70,60,0,476
2027,4,60,0,0,3,4,2,24,98,58,60,0,409
2027,6,60,0,0,9,6,4,30,141,61,60,0,486
2028,0,60,0,0,0,2,0,18,64,64,60,0,343
2028,2,60,0,0,3,4,0,22,110,70,60,0,434
2028,4,60,0,0,3,4,0,22,98,54,60,0,401
2028,6,60,0,0,6,6,0,26,141,57,60,0,478
2029,0,60,0,0,0,11,0,28,77,77,60,0,426
2029,2,60,0,0,2,12,0,31,122,82,60,0,515
2030,0,60,0,0,0,4,1,21,84,84,60,0,488
2030,2,60,0,0,3,4,1,23,110,70,60,0,476
2030,4,60,0,3,9,8,3,29,132,65,60,0,484
2030,6,60,0,3,9,6,3,29,141,65,60,0,502
2031,0,60,0,0,0,2,0,18,64,64,60,0,381
2031,2,60,0,0,3,4,0,22,110,70,60,0,476
2031,4,60,0,0,3,4,0,22,98,58,60,0,409
2031,6,60,0,0,6,6,0,26,141,61,60,0,486
2032,0,60,0,0,0,3,1,42,77,77,60,0,346
2033,0,60,0,0,0,4,0,43,97,97,60,0,421
2034,0,60,0,0,0,4,2,43,97,97,60,0,459
2035,0,60,0,0,0,3,1,42,77,77,60,0,352
2036,0,60,0,0,0,11,0,41,77,77,60,0,346
2037,0,60,0,0,0,13,0,43,97,97,60,0,421
2038,0,60,0,0,0,11,0,41,97,97,60,0,459
2039,0,60,0,0,0,11,0,41,77,77,60,0,352
2040,0,60,0,0,0,3,9,29,77,77,60,0,399
2040,4,60,0,0,2,5,10,32,98,54,60,0,401
2041,0,60,0,0,0,15,7,41,97,97,60,0,520
2042,0,60,0,0,0,9,13,35,97,97,60,0,558
2043,0,60,0,0,0,3,9,29,77,77,60,0,451
2043,4,60,0,0,2,5,10,32,98,58,60,0,409
2044,0,60,0,0,0,4,1,21,77,77,60,0,399
2044,2,60,0,3,9,8,3,29,137,61,60,0,486
2044,4,60,0,0,3,4,1,23,98,54,60,0,401
2044,6,60,0,3,9,6,3,29,141,61,60,0,494
2045,0,60,0,0,0,16,0,34,97,97,60,0,520
2046,0,60,0,0,0,8,4,26,97,97,60,0,558
2046,2,60,0,6,12,10,6,32,137,69,60,0,510
2046,4,60,0,6,12,10,6,32,132,69,60,0,500
2046,6,60,0,6,12,6,6,32,141,69,60,0,518
2047,0,60,0,0,0,4,1,21,77,77,60,0,451
2047,2,60,0,3,9,8,3,29,137,65,60,0,494
2047,4,60,0,0,3,4,1,23,98,58,60,0,409
2047,6,60,0,3,9,6,3,29,141,65,60,0,502
2048,0,60,0,0,0,2,0,31,51,51,60,0,237
2048,1,60,0,0,2,4,0,34,98,54,60,0,348
2049,0,60,0,0,0,2,0,31,64,64,60,0,295
2049,1,60,0,0,2,4,0,34,98,54,60,0,350
2050,0,60,0,0,0,3,0,32,64,64,60,0,280
2050,1,60,0,0,2,5,0,35,110,66,60,0,387
2051,0,60,0,0,0,2,0,31,51,51,60,0,239
2051,1,60,0,0,2,4,0,34,98,54,60,0,350
2052,0,60,0,0,0,2,0,31,51,51,60,0,237
2052,1,60,0,0,2,4,0,34,98,54,60,0,348
2053,0,60,0,0,0,2,1,32,64,64,60,0,295
2053,1,60,0,0,2,4,1,35,98,54,60,0,350
2054,0,60,0,0,0,2,0,32,64,64,60,0,280
2054,1,60,0,0,2,4,0,35,110,66,60,0,387
2055,0,60,0,0,0,2,0,31,51,51,60,0,239
2055,1,60,0,0,2,4,0,34,98,54,60,0,350
2056,0,60,0,0,0,2,0,18,51,51,60,0,258
2056,1,60,0,0,3,4,0,22,98,54,60,0,371
2056,4,60,0,0,3,4,0,22,98,54,60,0,371
2056,5,60,0,0,6,6,0,26,141,53,60,0,468
2057,0,60,0,0,0,4,1,21,64,64,60,0,338
2057,1,60,0,0,3,4,1,23,98,54,60,0,399
2057,4,60,0,0,9,8,3,29,132,61,60,0,474
2057,5,60,0,0,9,6,3,29,141,61,60,0,492
2058,0,60,0,0,0,11,0,28,64,64,60,0,323
2058,1,60,0,0,2,12,0,31,110,66,60,0,436
2059,0,60,0,0,0,2,0,18,51,51,60,0,282
2059,1,60,0,0,3,4,0,22,98,54,60,0,399
2059,4,60,0,0,3,4,0,22,98,58,60,0,379
2059,5,60,0,0,6,6,0,26,141,57,60,0,476
2060,0,60,0,0,0,1,1,19,51,51,60,0,258
2060,1,60,0,0,3,3,1,23,98,54,60,0,371
2060,4,60,0,0,6,1,3,25,98,54,60,0,371
2060,5,60,0,0,9,3,3,29,141,53,60,0,468
2061,0,60,0,0,0,2,8,28,64,64,60,0,338
2061,1,60,0,0,2,4,9,31,98,54,60,0,399
2062,0,60,0,0,0,4,2,30,64,64,60,0,323
2062,1,60,0,0,2,6,2,33,110,66,60,0,436
2063,0,60,0,0,0,1,1,19,51,51,60,0,282
2063,1,60,0,0,3,3,1,23,98,54,60,0,399
2063,4,60,0,0,6,1,3,25,98,58,60,0,379
2063,5,60,0,0,9,3,3,29,141,57,60,0,476
2064,0,60,0,0,0,2,0,31,64,64,60,0,295
2064,1,60,0,0,2,4,0,34,98,54,60,0,350
2065,0,60,0,0,0,2,0,31,77,77,60,0,353
2065,1,60,0,0,2,4,0,34,98,54,60,0,352
2066,0,60,0,0,0,3,0,32,84,84,60,0,373
2066,1,60,0,0,2,5,0,35,110,66,60,0,391
2067,0,60,0,0,0,2,0,31,64,64,60,0,297
2067,1,60,0,0,2,4,0,34,98,54,60,0,352
2068,0,60,0,0,0,2,0,31,64,64,60,0,295
2068,1,60,0,0,2,4,0,34,98,54,60,0,350
2069,0,60,0,0,0,2,1,32,77,77,60,0,353
2069,1,60,0,0,2,4,1,35,98,54,60,0,352
2070,0,60,0,0,0,2,0,32,84,84,60,0,373
2070,1,60,0,0,2,4,0,35,110,66,60,0,391
2071,0,60,0,0,0,2,0,31,64,64,60,0,297
2071,1,60,0,0,2,4,0,34,98,54,60,0,352
2072,0,60,0,0,0,2,0,18,64,64,60,0,317
2072,1,60,0,0,3,4,0,22,98,54,60,0,373
2072,4,60,0,0,3,4,0,22,110,66,60,0,426
2072,5,60,0,0,6,6,0,26,141,53,60,0,470
2073,0,60,0,0,0,4,1,21,77,77,60,0,399
2073,1,60,0,0,3,4,1,23,98,54,60,0,401
2073,4,60,0,0,9,8,3,29,137,61,60,0,486
2073,5,60,0,0,9,6,3,29,141,61,60,0,494
2074,0,60,0,0,0,11,0,28,84,84,60,0,419
2074,1,60,0,0,2,12,0,31,110,66,60,0,440
2075,0,60,0,0,0,2,0,18,64,64,60,0,343
2075,1,60,0,0,3,4,0,22,98,54,60,0,401
2075,4,60,0,0,3,4,0,22,110,70,60,0,434
2075,5,60,0,0,6,6,0,26,141,57,60,0,478
2076,0,60,0,0,0,1,1,19,64,64,60,0,317
2076,1,60,0,0,3,3,1,23,98,54,60,0,373
2076,4,60,0,0,6,1,3,25,110,66,60,0,426
2076,5,60,0,0,9,3,3,29,141,53,60,0,470
2077,0,60,0,0,0,2,8,28,77,77,60,0,399
2077,1,60,0,0,2,4,9,31,98,54,60,0,401
2078,0,60,0,0,0,4,2,30,84,84,60,0,419
2078,1,60,0,0,2,6,2,33,110,66,60,0,440
2079,0,60,0,0,0,1,1,19,64,64,60,0,343
2079,1,60,0,0,3,3,1,23,98,54,60,0,401
2079,4,60,0,0,6,1,3,25,110,70,60,0,434
2079,5,60,0,0,9,3,3,29,141,57,60,0,478
2080,0,60,0,0,0,2,0,31,51,51,60,0,239
2080,1,60,0,0,2,4,0,34,98,54,60,0,350
2081,0,60,0,0,0,2,0,31,64,64,60,0,297
2081,1,60,0,0,2,4,0,34,98,54,60,0,352
2082,0,60,0,0,0,3,0,32,64,64,60,0,284
2082,1,60,0,0,2,5,0,35,110,66,60,0,391
2083,0,60,0,0,0,2,0,31,51,51,60,0,241
2083,1,60,0,0,2,4,0,34,98,54,60,0,352
2084,0,60,0,0,0,2,0,31,51,51,60,0,239
2084,1,60,0,0,2,4,0,34,98,54,60,0,350
2085,0,60,0,0,0,2,1,32,64,64,60,0,297
2085,1,60,0,0,2,4,1,35,98,54,60,0,352
2086,0,60,0,0,0,2,0,32,64,64,60,0,284
2086,1,60,0,0,2,4,0,35,110,66,60,0,391
2087,0,60,0,0,0,2,0,31,51,51,60,0,241
2087,1,60,0,0,2,4,0,34,98,54,60,0,352
2088,0,60,0,0,0,2,0,18,51,51,60,0,260
2088,1,60,0,0,3,4,0,22,98,54,60,0,373
2088,4,60,0,0,3,4,0,22,98,54,60,0,373
2088,5,60,0,0,6,6,0,26,141,53,60,0,470
2089,0,60,0,0,0,4,1,21,64,64,60,0,340
2089,1,60,0,0,3,4,1,23,98,54,60,0,401
2089,4,60,0,0,9,8,3,29,132,61,60,0,476
2089,5,60,0,0,9,6,3,29,141,61,60,0,494
2090,0,60,0,0,0,11,0,28,64,64,60,0,327
2090,1,60,0,0,2,12,0,31,110,66,60,0,440
2091,0,60,0,0,0,2,0,18,51,51,60,0,284
2091,1,60,0,0,3,4,0,22,98,54,60,0,401
2091,4,60,0,0,3,4,0,22,98,58,60,0,381
2091,5,60,0,0,6,6,0,26,141,57,60,0,478
2092,0,60,0,0,0,1,1,19,51,51,60,0,260
2092,1,60,0,0,3,3,1,23,98,54,60,0,373
2092,4,60,0,0,6,1,3,25,98,54,60,0,373
2092,5,60,0,0,9,3,3,29,141,53,60,0,470
2093,0,60,0,0,0,2,8,28,64,64,60,0,340
2093,1,60,0,0,2,4,9,31,98,54,60,0,401
2094,0,60,0,0,0,4,2,30,64,64,60,0,327
2094,1,60,0,0,2,6,2,33,110,66,60,0,440
2095,0,60,0,0,0,1,1,19,51,51,60,0,284
2095,1,60,0,0,3,3,1,23,98,54,60,0,401
2095,4,60,0,0,6,1,3,25,98,58,60,0,381
2095,5,60,0,0,9,3,3,29,141,57,60,0,478
2096,0,60,0,0,0,3,0,32,64,64,60,0,280
2096,1,60,0,0,2,5,0,35,110,66,60,0,387
2097,0,60,0,0,0,3,0,32,84,84,60,0,373
2097,1,60,0,0,2,5,0,35,110,66,60,0,391
2098,0,60,0,0,0,4,0,33,77,77,60,0,327
2098,1,60,0,0,2,6,0,36,122,78,60,0,430
2099,0,60,0,0,0,3,0,32,64,64,60,0,284
2099,1,60,0,0,2,5,0,35,110,66,60,0,391
2100,0,60,0,0,0,3,0,32,64,64,60,0,280
2100,1,60,0,0,2,5,0,35,110,66,60,0,387
2101,0,60,0,0,0,3,1,33,84,84,60,0,373
2101,1,60,0,0,2,5,1,36,110,66,60,0,391
2102,0,60,0,0,0,3,0,33,77,77,60,0,327
2102,1,60,0,0,2,5,0,36,122,78,60,0,430
2103,0,60,0,0,0,3,0,32,64,64,60,0,284
2103,1,60,0,0,2,5,0,35,110,66,60,0,391
2104,0,60,0,0,0,2,0,18,64,64,60,0,317
2104,1,60,0,0,3,4,0,22,110,66,60,0,426
2104,4,60,0,0,3,4,0,22,98,54,60,0,373
2104,5,60,0,0,6,6,0,26,141,53,60,0,470
2105,0,60,0,0,0,4,1,21,84,84,60,0,444
2105,1,60,0,0,3,4,1,23,110,66,60,0,468
2105,4,60,0,0,9,8,3,29,132,61,60,0,476
2105,5,60,0,0,9,6,3,29,141,61,60,0,494
2106,0,60,0,0,0,11,0,28,77,77,60,0,398
2106,1,60,0,0,2,12,0,31,122,78,60,0,507
2107,0,60,0,0,0,2,0,18,64,64,60,0,355
2107,1,60,0,0,3,4,0,22,110,66,60,0,468
2107,4,60,0,0,3,4,0,22,98,58,60,0,381
2107,5,60,0,0,6,6,0,26,141,57,60,0,478
2108,0,60,0,0,0,1,1,19,64,64,60,0,317
2108,1,60,0,0,3,3,1,23,110,66,60,0,426
2108,4,60,0,0,6,1,3,25,98,54,60,0,373
2108,5,60,0,0,9,3,3,29,141,53,60,0,470
2109,0,60,0,0,0,3,9,29,84,84,60,0,444
2109,1,60,0,0,2,5,10,32,110,66,60,0,468
2110,0,60,0,0,0,5,3,31,77,77,60,0,398
2110,1,60,0,0,2,7,3,34,122,78,60,0,507
2111,0,60,0,0,0,1,1,19,64,64,60,0,355
2111,1,60,0,0,3,3,1,23,110,66,60,0,468
2111,4,60,0,0,6,1,3,25,98,58,60,0,381
2111,5,60,0,0,9,3,3,29,141,57,60,0,478
2112,0,60,0,0,0,2,0,31,51,51,60,0,237
2112,1,60,0,0,2,4,0,34,98,54,60,0,348
2113,0,60,0,0,0,2,0,31,64,64,60,0,295
2113,1,60,0,0,2,4,0,34,98,54,60,0,350
2114,0,60,0,0,0,3,0,32,64,64,60,0,280
2114,1,60,0,0,2,5,0,35,110,66,60,0,387
2115,0,60,0,0,0,2,0,31,51,51,60,0,239
2115,1,60,0,0,2,4,0,34,98,54,60,0,350
2116,0,60,0,0,0,2,0,31,51,51,60,0,237
2116,1,60,0,0,2,4,0,34,98,54,60,0,348
2117,0,60,0,0,0,2,1,32,64,64,60,0,295
2117,1,60,0,0,2,4,1,35,98,54,60,0,350
2118,0,60,0,0,0,3,0,32,64,64,60,0,280
2118,1,60,0,0,2,5,0,35,110,66,60,0,387
2119,0,60,0,0,0,2,0,31,51,51,60,0,239
2119,1,60,0,0,2,4,0,34,98,54,60,0,350
2120,0,60,0,0,0,2,0,18,51,51,60,0,258
2120,1,60,0,0,3,4,0,22,98,54,60,0,371
2120,4,60,0,0,3,4,0,22,98,54,60,0,371
2120,5,60,0,0,6,6,0,26,141,53,60,0,468
2121,0,60,0,0,0,4,1,21,64,64,60,0,338
2121,1,60,0,0,3,4,1,23,98,54,60,0,399
2121,4,60,0,0,9,8,3,29,132,61,60,0,474
2121,5,60,0,0,9,6,3,29,141,61,60,0,492
2122,0,60,0,0,0,12,0,28,64,64,60,0,323
2122,1,60,0,0,2,13,0,31,110,66,60,0,436
2123,0,60,0,0,0,2,0,18,51,51,60,0,282
2123,1,60,0,0,3,4,0,22,98,54,60,0,399
2123,4,60,0,0,3,4,0,22,98,58,60,0,379
2123,5,60,0,0,6,6,0,26,141,57,60,0,476
2124,0,60,0,0,0,2,1,19,51,51,60,0,258
2124,1,60,0,0,3,4,1,23,98,54,60,0,371
2124,4,60,0,0,6,4,3,25,98,54,60,0,371
2124,5,60,0,0,9,6,3,29,141,53,60,0,468
2125,0,60,0,0,0,3,8,28,64,64,60,0,338
2125,1,60,0,0,2,5,9,31,98,54,60,0,399
2126,0,60,0,0,0,11,1,29,64,64,60,0,323
2126,1,60,0,0,2,12,1,32,110,66,60,0,436
2127,0,60,0,0,0,2,1,19,51,51,60,0,282
2127,1,60,0,0,3,4,1,23,98,54,60,0,399
2127,4,60,0,0,6,4,3,25,98,58,60,0,379
2127,5,60,0,0,9,6,3,29,141,57,60,0,476
2128,0,60,0,0,0,2,1,32,64,64,60,0,295
2128,1,60,0,0,2,4,1,35,98,54,60,0,350
2129,0,60,0,0,0,2,1,32,77,77,60,0,353
2129,1,60,0,0,2,4,1,35,98,54,60,0,352
2130,0,60,0,0,0,3,1,33,84,84,60,0,373
2130,1,60,0,0,2,5,1,36,110,66,60,0,391
2131,0,60,0,0,0,2,1,32,64,64,60,0,297
2131,1,60,0,0,2,4,1,35,98,54,60,0,352
2132,0,60,0,0,0,2,1,32,64,64,60,0,295
2132,1,60,0,0,2,4,1,35,98,54,60,0,350
2133,0,60,0,0,0,2,2,33,77,77,60,0,353
2133,1,60,0,0,2,4,2,36,98,54,60,0,352
2134,0,60,0,0,0,3,1,33,84,84,60,0,373
2134,1,60,0,0,2,5,1,36,110,66,60,0,391
2135,0,60,0,0,0,2,1,32,64,64,60,0,297
2135,1,60,0,0,2,4,1,35,98,54,60,0,352
2136,0,60,0,0,0,2,1,19,64,64,60,0,317
2136,1,60,0,0,3,4,1,23,98,54,60,0,373
2136,4,60,0,0,3,4,1,23,110,66,60,0,426
2136,5,60,0,0,6,6,1,27,141,53,60,0,470
2137,0,60,0,0,0,4,2,22,77,77,60,0,399
2137,1,60,0,0,3,4,2,24,98,54,60,0,401
2137,4,60,0,0,9,8,4,30,137,61,60,0,486
2137,5,60,0,0,9,6,4,30,141,61,60,0,494
2138,0,60,0,0,0,13,2,30,84,84,60,0,419
2138,1,60,0,0,2,14,2,33,110,66,60,0,440
2139,0,60,0,0,0,2,1,19,64,64,60,0,343
2139,1,60,0,0,3,4,1,23,98,54,60,0,401
2139,4,60,0,0,3,4,1,23,110,70,60,0,434
2139,5,60,0,0,6,6,1,27,141,57,60,0,478
2140,0,60,0,0,0,2,2,20,64,64,60,0,317
2140,1,60,0,0,3,4,2,24,98,54,60,0,373
2140,4,60,0,0,6,4,4,26,110,66,60,0,426
2140,5,60,0,0,9,6,4,30,141,53,60,0,470
2141,0,60,0,0,0,3,9,29,77,77,60,0,399
2141,1,60,0,0,2,5,10,32,98,54,60,0,401
2142,0,60,0,0,0,12,3,31,84,84,60,0,419
2142,1,60,0,0,2,13,3,34,110,66,60,0,440
2143,0,60,0,0,0,2,2,20,64,64,60,0,343
2143,1,60,0,0,3,4,2,24,98,54,60,0,401
2143,4,60,0,0,6,4,4,26,110,70,60,0,434
2143,5,60,0,0,9,6,4,30,141,57,60,0,478
2144,0,60,0,0,0,2,0,31,51,51,60,0,239
2144,1,60,0,0,2,4,0,34,98,54,60,0,350
2145,0,60,0,0,0,2,0,31,64,64,60,0,297
2145,1,60,0,0,2,4,0,34,98,54,60,0,352
2146,0,60,0,0,0,3,0,32,64,64,60,0,284
2146,1,60,0,0,2,5,0,35,110,66,60,0,391
2147,0,60,0,0,0,2,0,31,51,51,60,0,241
2147,1,60,0,0,2,4,0,34,98,54,60,0,352
2148,0,60,0,0,0,2,0,31,51,51,60,0,239
2148,1,60,0,0,2,4,0,34,98,54,60,0,350
2149,0,60,0,0,0,2,1,32,64,64,60,0,297
2149,1,60,0,0,2,4,1,35,98,54,60,0,352
2150,0,60,0,0,0,3,0,32,64,64,60,0,284
2150,1,60,0,0,2,5,0,35,110,66,60,0,391
2151,0,60,0,0,0,2,0,31,51,51,60,0,241
2151,1,60,0,0,2,4,0,34,98,54,60,0,352
2152,0,60,0,0,0,2,0,18,51,51,60,0,260
2152,1,60,0,0,3,4,0,22,98,54,60,0,373
2152,4,60,0,0,3,4,0,22,98,54,60,0,373
2152,5,60,0,0,6,6,0,26,141,53,60,0,470
2153,0,60,0,0,0,4,1,21,64,64,60,0,340
2153,1,60,0,0,3,4,1,23,98,54,60,0,401
2153,4,60,0,0,9,8,3,29,132,61,60,0,476
2153,5,60,0,0,9,6,3,29,141,61,60,0,494
2154,0,60,0,0,0,12,0,28,64,64,60,0,327
2154,1,60,0,0,2,13,0,31,110,66,60,0,440
2155,0,60,0,0,0,2,0,18,51,51,60,0,284
2155,1,60,0,0,3,4,0,22,98,54,60,0,401
2155,4,60,0,0,3,4,0,22,98,58,60,0,381
2155,5,60,0,0,6,6,0,26,141,57,60,0,478
2156,0,60,0,0,0,2,1,19,51,51,60,0,260
2156,1,60,0,0,3,4,1,23,98,54,60,0,373
2156,4,60,0,0,6,4,3,25,98,54,60,0,373
2156,5,60,0,0,9,6,3,29,141,53,60,0,470
2157,0,60,0,0,0,3,8,28,64,64,60,0,340
2157,1,60,0,0,2,5,9,31,98,54,60,0,401
2158,0,60,0,0,0,11,1,29,64,64,60,0,327
2158,1,60,0,0,2,12,1,32,110,66,60,0,440
2159,0,60,0,0,0,2,1,19,51,51,60,0,284
2159,1,60,0,0,3,4,1,23,98,54,60,0,401
2159,4,60,0,0,6,4,3,25,98,58,60,0,381
2159,5,60,0,0,9,6,3,29,141,57,60,0,478
2160,0,60,0,0,0,2,0,32,64,64,60,0,280
2160,1,60,0,0,2,4,0,35,110,66,60,0,387
2161,0,60,0,0,0,2,0,32,84,84,60,0,373
2161,1,60,0,0,2,4,0,35,110,66,60,0,391
2162,0,60,0,0,0,3,0,33,77,77,60,0,327
2162,1,60,0,0,2,5,0,36,122,78,60,0,430
2163,0,60,0,0,0,2,0,32,64,64,60,0,284
2163,1,60,0,0,2,4,0,35,110,66,60,0,391
2164,0,60,0,0,0,3,0,32,64,64,60,0,280
2164,1,60,0,0,2,5,0,35,110,66,60,0,387
2165,0,60,0,0,0,3,1,33,84,84,60,0,373
2165,1,60,0,0,2,5,1,36,110,66,60,0,391
2166,0,60,0,0,0,4,0,33,77,77,60,0,327
2166,1,60,0,0,2,6,0,36,122,78,60,0,430
2167,0,60,0,0,0,3,0,32,64,64,60,0,284
2167,1,60,0,0,2,5,0,35,110,66,60,0,391
2168,0,60,0,0,0,2,1,19,64,64,60,0,317
2168,1,60,0,0,3,4,1,23,110,66,60,0,426
2168,4,60,0,0,3,4,1,23,98,54,60,0,373
2168,5,60,0,0,6,6,1,27,141,53,60,0,470
2169,0,60,0,0,0,4,2,22,84,84,60,0,444
2169,1,60,0,0,3,4,2,24,110,66,60,0,468
2169,4,60,0,0,9,8,4,30,132,61,60,0,476
2169,5,60,0,0,9,6,4,30,141,61,60,0,494
2170,0,60,0,0,0,13,2,30,77,77,60,0,398
2170,1,60,0,0,2,14,2,33,122,78,60,0,507
2171,0,60,0,0,0,2,1,19,64,64,60,0,355
2171,1,60,0,0,3,4,1,23,110,66,60,0,468
2171,4,60,0,0,3,4,1,23,98,58,60,0,381
2171,5,60,0,0,6,6,1,27,141,57,60,0,478
2172,0,60,0,0,0,2,1,19,64,64,60,0,317
2172,1,60,0,0,3,4,1,23,110,66,60,0,426
2172,4,60,0,0,6,4,3,25,98,54,60,0,373
2172,5,60,0,0,9,6,3,29,141,53,60,0,470
2173,0,60,0,0,0,4,9,29,84,84,60,0,444
2173,1,60,0,0,2,6,10,32,110,66,60,0,468
2174,0,60,0,0,0,11,1,29,77,77,60,0,398
2174,1,60,0,0,2,12,1,32,122,78,60,0,507
2175,0,60,0,0,0,2,1,19,64,64,60,0,355
2175,1,60,0,0,3,4,1,23,110,66,60,0,468
2175,4,60,0,0,6,4,3,25,98,58,60,0,381
2175,5,60,0,0,9,6,3,29,141,57,60,0,478
2176,0,60,0,0,0,2,0,18,51,51,60,0,258
2176,1,60,0,0,3,4,0,22,98,54,60,0,371
2176,2,60,0,0,3,4,0,22,98,54,60,0,371
2176,3,60,0,0,6,6,0,26,141,53,60,0,468
2177,0,60,0,0,0,2,0,18,64,64,60,0,317
2177,1,60,0,0,3,4,0,22,98,54,60,0,373
2177,2,60,0,0,3,4,0,22,110,66,60,0,426
2177,3,60,0,0,6,6,0,26,141,53,60,0,470
2178,0,60,0,0,0,2,0,18,64,64,60,0,317
2178,1,60,0,0,3,4,0,22,110,66,60,0,426
2178,2,60,0,0,3,4,0,22,98,54,60,0,373
2178,3,60,0,0,6,6,0,26,141,53,60,0,470
2179,0,60,0,0,0,2,0,18,51,51,60,0,260
2179,1,60,0,0,3,4,0,22,98,54,60,0,373
2179,2,60,0,0,3,4,0,22,98,54,60,0,373
2179,3,60,0,0,6,6,0,26,141,53,60,0,470
2180,0,60,0,0,0,2,0,18,51,51,60,0,258
2180,1,60,0,0,3,4,0,22,98,54,60,0,371
2180,2,60,0,0,3,4,0,22,98,54,60,0,371
2180,3,60,0,0,6,6,0,26,141,53,60,0,468
2181,0,60,0,0,0,2,1,19,64,64,60,0,317
2181,1,60,0,0,3,4,1,23,98,54,60,0,373
2181,2,60,0,0,3,4,1,23,110,66,60,0,426
2181,3,60,0,0,6,6,1,27,141,53,60,0,470
2182,0,60,0,0,0,2,1,19,64,64,60,0,317
2182,1,60,0,0,3,4,1,23,110,66,60,0,426
2182,2,60,0,0,3,4,1,23,98,54,60,0,373
2182,3,60,0,0,6,6,1,27,141,53,60,0,470
2183,0,60,0,0,0,2,0,18,51,51,60,0,260
2183,1,60,0,0,3,4,0,22,98,54,60,0,373
2183,2,60,0,0,3,4,0,22,98,54,60,0,373
2183,3,60,0,0,6,6,0,26,141,53,60,0,470
2184,0,60,0,0,0,0,0,3,51,51,60,0,279
2184,1,60,0,0,4,0,0,6,98,54,60,0,394
2184,2,60,0,0,4,0,0,6,98,54,60,0,394
2184,3,60,0,0,8,0,0,9,141,53,60,0,493
2184,4,60,0,0,4,0,0,6,98,54,60,0,394
2184,5,60,0,0,8,0,0,9,141,53,60,0,493
2184,6,60,0,0,8,0,0,9,141,53,60,0,493
2184,7,60,0,0,12,0,0,12,180,48,60,0,576
2185,0,60,0,0,0,1,1,5,64,64,60,0,360
2185,1,60,0,0,4,0,1,7,98,54,60,0,422
2185,2,60,0,0,4,1,1,8,110,66,60,0,475
2185,3,60,0,0,8,0,1,10,141,53,60,0,525
2185,4,60,0,0,12,3,4,13,132,61,60,0,499
2185,5,60,0,0,12,0,4,13,141,61,60,0,517
2185,6,60,0,0,16,3,4,16,171,56,60,0,582
2185,7,60,0,0,16,0,4,16,180,56,60,0,600
2186,0,60,0,0,0,1,1,5,64,64,60,0,360
2186,1,60,0,0,4,1,1,8,110,66,60,0,475
2186,2,60,0,0,4,0,1,7,98,54,60,0,422
2186,3,60,0,0,8,0,1,10,141,53,60,0,525
2186,4,60,0,0,12,3,4,13,132,61,60,0,499
2186,5,60,0,0,16,3,4,16,171,56,60,0,582
2186,6,60,0,0,12,0,4,13,141,61,60,0,517
2186,7,60,0,0,16,0,4,16,180,56,60,0,600
2187,0,60,0,0,0,0,0,3,51,51,60,0,303
2187,1,60,0,0,4,0,0,6,98,54,60,0,422
2187,2,60,0,0,4,0,0,6,98,54,60,0,422
2187,3,60,0,0,8,0,0,9,141,53,60,0,525
2187,4,60,0,0,4,0,0,6,98,58,60,0,402
2187,5,60,0,0,8,0,0,9,141,57,60,0,501
2187,6,60,0,0,8,0,0,9,141,57,60,0,501
2187,7,60,0,0,12,0,0,12,180,52,60,0,584
2188,0,60,0,0,0,0,2,5,51,51,60,0,279
2188,1,60,0,0,4,0,2,8,98,54,60,0,394
2188,2,60,0,0,4,0,2,8,98,54,60,0,394
2188,3,60,0,0,8,0,2,11,141,53,60,0,493
2188,4,60,0,0,12,0,8,14,98,54,60,0,394
2188,5,60,0,0,16,0,8,17,141,53,60,0,493
2188,6,60,0,0,16,0,8,17,141,53,60,0,493
2188,7,60,0,0,20,0,8,20,180,48,60,0,576
2189,0,60,0,0,0,2,11,15,64,64,60,0,360
2189,1,60,0,0,3,4,13,19,98,54,60,0,422
2189,2,60,0,0,3,4,12,19,110,66,60,0,475
2189,3,60,0,0,6,6,14,23,141,53,60,0,525
2190,0,60,0,0,0,2,11,15,64,64,60,0,360
2190,1,60,0,0,3,4,12,19,110,66,60,0,475
2190,2,60,0,0,3,4,13,19,98,54,60,0,422
2190,3,60,0,0,6,6,14,23,141,53,60,0,525
2191,0,60,0,0,0,0,2,5,51,51,60,0,303
2191,1,60,0,0,4,0,2,8,98,54,60,0,422
2191,2,60,0,0,4,0,2,8,98,54,60,0,422
2191,3,60,0,0,8,0,2,11,141,53,60,0,525
2191,4,60,0,0,12,0,8,14,98,58,60,0,402
2191,5,60,0,0,16,0,8,17,141,57,60,0,501
2191,6,60,0,0,16,0,8,17,141,57,60,0,501
2191,7,60,0,0,20,0,8,20,180,52,60,0,584
2192,0,60,0,0,0,4,1,21,64,64,60,0,338
2192,1,60,0,0,3,4,1,23,98,54,60,0,399
2192,2,60,0,0,9,8,3,29,132,61,60,0,474
2192,3,60,0,0,9,6,3,29,141,61,60,0,492
2193,0,60,0,0,0,4,1,21,77,77,60,0,399
2193,1,60,0,0,3,4,1,23,98,54,60,0,401
2193,2,60,0,0,9,8,3,29,137,61,60,0,486
2193,3,60,0,0,9,6,3,29,141,61,60,0,494
2194,0,60,0,0,0,4,1,21,84,84,60,0,444
2194,1,60,0,0,3,4,1,23,110,66,60,0,468
2194,2,60,0,0,9,8,3,29,132,61,60,0,476
2194,3,60,0,0,9,6,3,29,141,61,60,0,494
2195,0,60,0,0,0,4,1,21,64,64,60,0,340
2195,1,60,0,0,3,4,1,23,98,54,60,0,401
2195,2,60,0,0,9,8,3,29,132,61,60,0,476
2195,3,60,0,0,9,6,3,29,141,61,60,0,494
2196,0,60,0,0,0,4,1,21,64,64,60,0,338
2196,1,60,0,0,3,4,1,23,98,54,60,0,399
2196,2,60,0,0,9,8,3,29,132,61,60,0,474
2196,3,60,0,0,9,6,3,29,141,61,60,0,492
2197,0,60,0,0,0,4,2,22,77,77,60,0,399
2197,1,60,0,0,3,4,2,24,98,54,60,0,401
2197,2,60,0,0,9,8,4,30,137,61,60,0,486
2197,3,60,0,0,9,6,4,30,141,61,60,0,494
2198,0,60,0,0,0,4,2,22,84,84,60,0,444
2198,1,60,0,0,3,4,2,24,110,66,60,0,468
2198,2,60,0,0,9,8,4,30,132,61,60,0,476
2198,3,60,0,0,9,6,4,30,141,61,60,0,494
2199,0,60,0,0,0,4,1,21,64,64,60,0,340
2199,1,60,0,0,3,4,1,23,98,54,60,0,401
2199,2,60,0,0,9,8,3,29,132,61,60,0,476
2199,3,60,0,0,9,6,3,29,141,61,60,0,494
2200,0,60,0,0,0,1,1,5,64,64,60,0,360
2200,1,60,0,0,4,0,1,7,98,54,60,0,422
2200,2,60,0,0,12,3,4,13,132,61,60,0,499
2200,3,60,0,0,12,0,4,13,141,61,60,0,517
2200,4,60,0,0,4,1,1,8,110,66,60,0,475
2200,5,60,0,0,8,0,1,10,141,53,60,0,525
2200,6,60,0,0,16,3,4,16,171,56,60,0,582
2200,7,60,0,0,16,0,4,16,180,56,60,0,600
2201,0,60,0,0,0,2,2,7,77,77,60,0,445
2201,1,60,0,0,4,0,2,8,98,54,60,0,450
2201,2,60,0,0,12,3,5,14,137,61,60,0,541
2201,3,60,0,0,12,0,5,14,141,61,60,0,549
2201,4,60,0,0,12,3,5,14,137,61,60,0,541
2201,5,60,0,0,12,0,5,14,141,61,60,0,549
2201,6,60,0,0,20,3,8,20,180,64,60,0,624
2201,7,60,0,0,20,0,8,20,180,64,60,0,624
2202,0,60,0,0,0,4,3,9,84,84,60,0,490
2202,1,60,0,0,4,2,3,10,110,66,60,0,517
2202,2,60,0,0,12,3,5,14,132,61,60,0,531
2202,3,60,0,0,12,0,5,14,141,61,60,0,549
2202,4,60,0,0,20,9,8,20,158,64,60,0,580
2202,5,60,0,0,20,6,8,20,171,64,60,0,606
2202,6,60,0,0,20,3,8,20,171,64,60,0,606
2202,7,60,0,0,20,0,8,20,180,64,60,0,624
2203,0,60,0,0,0,1,1,5,64,64,60,0,386
2203,1,60,0,0,4,0,1,7,98,54,60,0,450
2203,2,60,0,0,12,3,4,13,132,61,60,0,531
2203,3,60,0,0,12,0,4,13,141,61,60,0,549
2203,4,60,0,0,4,1,1,8,110,70,60,0,483
2203,5,60,0,0,8,0,1,10,141,57,60,0,533
2203,6,60,0,0,16,3,4,16,171,60,60,0,590
2203,7,60,0,0,16,0,4,16,180,60,60,0,608
2204,0,60,0,0,0,1,3,7,64,64,60,0,360
2204,1,60,0,0,4,0,3,9,98,54,60,0,422
2204,2,60,0,0,12,3,6,15,132,61,60,0,499
2204,3,60,0,0,12,0,6,15,141,61,60,0,517
2204,4,60,0,0,12,1,9,16,110,66,60,0,475
2204,5,60,0,0,16,0,9,18,141,53,60,0,525
2204,6,60,0,0,24,3,12,24,171,56,60,0,582
2204,7,60,0,0,24,0,12,24,180,56,60,0,600
2205,0,60,0,0,0,4,13,18,77,77,60,0,445
2205,1,60,0,0,3,4,14,20,98,54,60,0,450
2205,2,60,0,0,9,8,17,26,137,61,60,0,541
2205,3,60,0,0,9,6,17,26,141,61,60,0,549
2206,0,60,0,0,0,5,13,19,84,84,60,0,490
2206,1,60,0,0,3,5,14,21,110,66,60,0,517
2206,2,60,0,0,10,8,18,27,132,61,60,0,531
2206,3,60,0,0,10,6,18,27,141,61,60,0,549
2207,0,60,0,0,0,1,3,7,64,64,60,0,386
2207,1,60,0,0,4,0,3,9,98,54,60,0,450
2207,2,60,0,0,12,3,6,15,132,61,60,0,531
2207,3,60,0,0,12,0,6,15,141,61,60,0,549
2207,4,60,0,0,12,1,9,16,110,70,60,0,483
2207,5,60,0,0,16,0,9,18,141,57,60,0,533
2207,6,60,0,0,24,3,12,24,171,60,60,0,590
2207,7,60,0,0,24,0,12,24,180,60,60,0,608
2208,0,60,0,0,0,2,0,18,51,51,60,0,282
2208,1,60,0,0,3,4,0,22,98,54,60,0,399
2208,2,60,0,0,3,4,0,22,98,58,60,0,379
2208,3,60,0,0,6,6,0,26,141,57,60,0,476
2209,0,60,0,0,0,2,0,18,64,64,60,0,343
2209,1,60,0,0,3,4,0,22,98,54,60,0,401
2209,2,60,0,0,3,4,0,22,110,70,60,0,434
2209,3,60,0,0,6,6,0,26,141,57,60,0,478
2210,0,60,0,0,0,2,0,18,64,64,60,0,355
2210,1,60,0,0,3,4,0,22,110,66,60,0,468
2210,2,60,0,0,3,4,0,22,98,58,60,0,381
2210,3,60,0,0,6,6,0,26,141,57,60,0,478
2211,0,60,0,0,0,2,0,18,51,51,60,0,284
2211,1,60,0,0,3,4,0,22,98,54,60,0,401
2211,2,60,0,0,3,4,0,22,98,58,60,0,381
2211,3,60,0,0,6,6,0,26,141,57,60,0,478
2212,0,60,0,0,0,2,0,18,51,51,60,0,282
2212,1,60,0,0,3,4,0,22,98,54,60,0,399
2212,2,60,0,0,3,4,0,22,98,58,60,0,379
2212,3,60,0,0,6,6,0,26,141,57,60,0,476
2213,0,60,0,0,0,2,1,19,64,64,60,0,343
2213,1,60,0,0,3,4,1,23,98,54,60,0,401
2213,2,60,0,0,3,4,1,23,110,70,60,0,434
2213,3,60,0,0,6,6,1,27,141,57,60,0,478
2214,0,60,0,0,0,2,1,19,64,64,60,0,355
2214,1,60,0,0,3,4,1,23,110,66,60,0,468
2214,2,60,0,0,3,4,1,23,98,58,60,0,381
2214,3,60,0,0,6,6,1,27,141,57,60,0,478
2215,0,60,0,0,0,2,0,18,51,51,60,0,284
2215,1,60,0,0,3,4,0,22,98,54,60,0,401
2215,2,60,0,0,3,4,0,22,98,58,60,0,381
2215,3,60,0,0,6,6,0,26,141,57,60,0,478
2216,0,60,0,0,0,0,0,3,51,51,60,0,303
2216,1,60,0,0,4,0,0,6,98,54,60,0,422
2216,2,60,0,0,4,0,0,6,98,58,60,0,402
2216,3,60,0,0,8,0,0,9,141,57,60,0,501
2216,4,60,0,0,4,0,0,6,98,54,60,0,422
2216,5,60,0,0,8,0,0,9,141,53,60,0,525
2216,6,60,0,0,8,0,0,9,141,57,60,0,501
2216,7,60,0,0,12,0,0,12,180,52,60,0,584
2217,0,60,0,0,0,1,1,5,64,64,60,0,386
2217,1,60,0,0,4,0,1,7,98,54,60,0,450
2217,2,60,0,0,4,1,1,8,110,70,60,0,483
2217,3,60,0,0,8,0,1,10,141,57,60,0,533
2217,4,60,0,0,12,3,4,13,132,61,60,0,531
2217,5,60,0,0,12,0,4,13,141,61,60,0,549
2217,6,60,0,0,16,3,4,16,171,60,60,0,590
2217,7,60,0,0,16,0,4,16,180,60,60,0,608
2218,0,60,0,0,0,1,1,5,64,64,60,0,398
2218,1,60,0,0,4,1,1,8,110,66,60,0,517
2218,2,60,0,0,4,0,1,7,98,58,60,0,430
2218,3,60,0,0,8,0,1,10,141,57,60,0,533
2218,4,60,0,0,12,3,4,13,132,65,60,0,507
2218,5,60,0,0,16,3,4,16,171,60,60,0,590
2218,6,60,0,0,12,0,4,13,141,65,60,0,525
2218,7,60,0,0,16,0,4,16,180,60,60,0,608
2219,0,60,0,0,0,0,0,3,51,51,60,0,327
2219,1,60,0,0,4,0,0,6,98,54,60,0,450
2219,2,60,0,0,4,0,0,6,98,58,60,0,430
2219,3,60,0,0,8,0,0,9,141,57,60,0,533
2219,4,60,0,0,4,0,0,6,98,58,60,0,430
2219,5,60,0,0,8,0,0,9,141,57,60,0,533
2219,6,60,0,0,8,0,0,9,141,61,60,0,509
2219,7,60,0,0,12,0,0,12,180,56,60,0,592
2220,0,60,0,0,0,0,2,5,51,51,60,0,303
2220,1,60,0,0,4,0,2,8,98,54,60,0,422
2220,2,60,0,0,4,0,2,8,98,58,60,0,402
2220,3,60,0,0,8,0,2,11,141,57,60,0,501
2220,4,60,0,0,12,0,8,14,98,54,60,0,422
2220,5,60,0,0,16,0,8,17,141,53,60,0,525
2220,6,60,0,0,16,0,8,17,141,57,60,0,501
2220,7,60,0,0,20,0,8,20,180,52,60,0,584
2221,0,60,0,0,0,2,11,15,64,64,60,0,386
2221,1,60,0,0,3,4,13,19,98,54,60,0,450
2221,2,60,0,0,3,4,12,19,110,70,60,0,483
2221,3,60,0,0,6,6,14,23,141,57,60,0,533
2222,0,60,0,0,0,2,11,15,64,64,60,0,398
2222,1,60,0,0,3,4,12,19,110,66,60,0,517
2222,2,60,0,0,3,4,13,19,98,58,60,0,430
2222,3,60,0,0,6,6,14,23,141,57,60,0,533
2223,0,60,0,0,0,0,2,5,51,51,60,0,327
2223,1,60,0,0,4,0,2,8,98,54,60,0,450
2223,2,60,0,0,4,0,2,8,98,58,60,0,430
2223,3,60,0,0,8,0,2,11,141,57,60,0,533
2223,4,60,0,0,12,0,8,14,98,58,60,0,430
2223,5,60,0,0,16,0,8,17,141,57,60,0,533
2223,6,60,0,0,16,0,8,17,141,61,60,0,509
2223,7,60,0,0,20,0,8,20,180,56,60,0,592
2224,0,60,0,0,0,11,0,28,64,64,60,0,323
2224,1,60,0,0,2,12,0,31,110,66,60,0,436
2225,0,60,0,0,0,11,0,28,84,84,60,0,419
2225,1,60,0,0,2,12,0,31,110,66,60,0,440
2226,0,60,0,0,0,11,0,28,77,77,60,0,398
2226,1,60,0,0,2,12,0,31,122,78,60,0,507
2227,0,60,0,0,0,11,0,28,64,64,60,0,327
2227,1,60,0,0,2,12,0,31,110,66,60,0,440
2228,0,60,0,0,0,12,0,28,64,64,60,0,323
2228,1,60,0,0,2,13,0,31,110,66,60,0,436
2229,0,60,0,0,0,13,2,30,84,84,60,0,419
2229,1,60,0,0,2,14,2,33,110,66,60,0,440
2230,0,60,0,0,0,13,2,30,77,77,60,0,398
2230,1,60,0,0,2,14,2,33,122,78,60,0,507
2231,0,60,0,0,0,12,0,28,64,64,60,0,327
2231,1,60,0,0,2,13,0,31,110,66,60,0,440
2232,0,60,0,0,0,1,1,5,64,64,60,0,360
2232,1,60,0,0,4,1,1,8,110,66,60,0,475
2232,2,60,0,0,12,3,4,13,132,61,60,0,499
2232,3,60,0,0,16,3,4,16,171,56,60,0,582
2232,4,60,0,0,4,0,1,7,98,54,60,0,422
2232,5,60,0,0,8,0,1,10,141,53,60,0,525
2232,6,60,0,0,12,0,4,13,141,61,60,0,517
2232,7,60,0,0,16,0,4,16,180,56,60,0,600
2233,0,60,0,0,0,4,3,9,84,84,60,0,490
2233,1,60,0,0,4,2,3,10,110,66,60,0,517
2233,2,60,0,0,20,9,8,20,158,64,60,0,580
2233,3,60,0,0,20,6,8,20,171,64,60,0,606
2233,4,60,0,0,12,3,5,14,132,61,60,0,531
2233,5,60,0,0,12,0,5,14,141,61,60,0,549
2233,6,60,0,0,20,3,8,20,171,64,60,0,606
2233,7,60,0,0,20,0,8,20,180,64,60,0,624
2234,0,60,0,0,0,4,4,9,77,77,60,0,469
2234,1,60,0,0,4,4,4,12,122,78,60,0,584
2234,2,60,0,0,16,6,8,17,132,69,60,0,523
2234,3,60,0,0,20,6,8,20,171,64,60,0,606
2234,4,60,0,0,16,6,8,17,132,69,60,0,523
2234,5,60,0,0,20,6,8,20,171,64,60,0,606
2234,6,60,0,0,16,0,8,17,141,69,60,0,541
2234,7,60,0,0,20,0,8,20,180,64,60,0,624
2235,0,60,0,0,0,1,1,5,64,64,60,0,398
2235,1,60,0,0,4,1,1,8,110,66,60,0,517
2235,2,60,0,0,12,3,4,13,132,65,60,0,507
2235,3,60,0,0,16,3,4,16,171,60,60,0,590
2235,4,60,0,0,4,0,1,7,98,58,60,0,430
2235,5,60,0,0,8,0,1,10,141,57,60,0,533
2235,6,60,0,0,12,0,4,13,141,65,60,0,525
2235,7,60,0,0,16,0,4,16,180,60,60,0,608
2236,0,60,0,0,0,3,4,8,64,64,60,0,360
2236,1,60,0,0,4,3,4,11,110,66,60,0,475
2236,2,60,0,0,16,9,8,17,132,61,60,0,499
2236,3,60,0,0,20,9,8,20,171,56,60,0,582
2236,4,60,0,0,12,0,8,14,98,54,60,0,422
2236,5,60,0,0,16,0,8,17,141,53,60,0,525
2236,6,60,0,0,16,0,8,17,141,61,60,0,517
2236,7,60,0,0,20,0,8,20,180,56,60,0,600
2237,0,60,0,0,0,9,16,22,84,84,60,0,490
2237,1,60,0,0,2,10,18,25,110,66,60,0,517
2238,0,60,0,0,0,9,17,22,77,77,60,0,469
2238,1,60,0,0,2,10,17,25,122,78,60,0,584
2239,0,60,0,0,0,3,4,8,64,64,60,0,398
2239,1,60,0,0,4,3,4,11,110,66,60,0,517
2239,2,60,0,0,16,9,8,17,132,65,60,0,507
2239,3,60,0,0,20,9,8,20,171,60,60,0,590
2239,4,60,0,0,12,0,8,14,98,58,60,0,430
2239,5,60,0,0,16,0,8,17,141,57,60,0,533
2239,6,60,0,0,16,0,8,17,141,65,60,0,525
2239,7,60,0,0,20,0,8,20,180,60,60,0,608
2240,0,60,0,0,0,1,1,19,51,51,60,0,258
2240,1,60,0,0,3,3,1,23,98,54,60,0,371
2240,2,60,0,0,6,1,3,25,98,54,60,0,371
2240,3,60,0,0,9,3,3,29,141,53,60,0,468
2241,0,60,0,0,0,1,1,19,64,64,60,0,317
2241,1,60,0,0,3,3,1,23,98,54,60,0,373
2241,2,60,0,0,6,1,3,25,110,66,60,0,426
2241,3,60,0,0,9,3,3,29,141,53,60,0,470
2242,0,60,0,0,0,1,1,19,64,64,60,0,317
2242,1,60,0,0,3,3,1,23,110,66,60,0,426
2242,2,60,0,0,6,1,3,25,98,54,60,0,373
2242,3,60,0,0,9,3,3,29,141,53,60,0,470
2243,0,60,0,0,0,1,1,19,51,51,60,0,260
2243,1,60,0,0,3,3,1,23,98,54,60,0,373
2243,2,60,0,0,6,1,3,25,98,54,60,0,373
2243,3,60,0,0,9,3,3,29,141,53,60,0,470
2244,0,60,0,0,0,2,1,19,51,51,60,0,258
2244,1,60,0,0,3,4,1,23,98,54,60,0,371
2244,2,60,0,0,6,4,3,25,98,54,60,0,371
2244,3,60,0,0,9,6,3,29,141,53,60,0,468
2245,0,60,0,0,0,2,2,20,64,64,60,0,317
2245,1,60,0,0,3,4,2,24,98,54,60,0,373
2245,2,60,0,0,6,4,4,26,110,66,60,0,426
2245,3,60,0,0,9,6,4,30,141,53,60,0,470
2246,0,60,0,0,0,2,1,19,64,64,60,0,317
2246,1,60,0,0,3,4,1,23,110,66,60,0,426
2246,2,60,0,0,6,4,3,25,98,54,60,0,373
2246,3,60,0,0,9,6,3,29,141,53,60,0,470
2247,0,60,0,0,0,2,1,19,51,51,60,0,260
2247,1,60,0,0,3,4,1,23,98,54,60,0,373
2247,2,60,0,0,6,4,3,25,98,54,60,0,373
2247,3,60,0,0,9,6,3,29,141,53,60,0,470
2248,0,60,0,0,0,0,2,5,51,51,60,0,279
2248,1,60,0,0,4,0,2,8,98,54,60,0,394
2248,2,60,0,0,12,0,8,14,98,54,60,0,394
2248,3,60,0,0,16,0,8,17,141,53,60,0,493
2248,4,60,0,0,4,0,2,8,98,54,60,0,394
2248,5,60,0,0,8,0,2,11,141,53,60,0,493
2248,6,60,0,0,16,0,8,17,141,53,60,0,493
2248,7,60,0,0,20,0,8,20,180,48,60,0,576
2249,0,60,0,0,0,1,3,7,64,64,60,0,360
2249,1,60,0,0,4,0,3,9,98,54,60,0,422
2249,2,60,0,0,12,1,9,16,110,66,60,0,475
2249,3,60,0,0,16,0,9,18,141,53,60,0,525
2249,4,60,0,0,12,3,6,15,132,61,60,0,499
2249,5,60,0,0,12,0,6,15,141,61,60,0,517
2249,6,60,0,0,24,3,12,24,171,56,60,0,582
2249,7,60,0,0,24,0,12,24,180,56,60,0,600
2250,0,60,0,0,0,3,4,8,64,64,60,0,360
2250,1,60,0,0,4,3,4,11,110,66,60,0,475
2250,2,60,0,0,12,0,8,14,98,54,60,0,422
2250,3,60,0,0,16,0,8,17,141,53,60,0,525
2250,4,60,0,0,16,9,8,17,132,61,60,0,499
2250,5,60,0,0,20,9,8,20,171,56,60,0,582
2250,6,60,0,0,16,0,8,17,141,61,60,0,517
2250,7,60,0,0,20,0,8,20,180,56,60,0,600
2251,0,60,0,0,0,0,2,5,51,51,60,0,303
2251,1,60,0,0,4,0,2,8,98,54,60,0,422
2251,2,60,0,0,12,0,8,14,98,54,60,0,422
2251,3,60,0,0,16,0,8,17,141,53,60,0,525
2251,4,60,0,0,4,0,2,8,98,58,60,0,402
2251,5,60,0,0,8,0,2,11,141,57,60,0,501
2251,6,60,0,0,16,0,8,17,141,57,60,0,501
2251,7,60,0,0,20,0,8,20,180,52,60,0,584
2252,0,60,0,0,0,0,2,5,51,51,60,0,279
2252,1,60,0,0,4,0,2,8,98,54,60,0,394
2252,2,60,0,0,8,0,5,11,98,54,60,0,394
2252,3,60,0,0,12,0,5,14,141,53,60,0,493
2252,4,60,0,0,8,0,5,11,98,54,60,0,394
2252,5,60,0,0,12,0,5,14,141,53,60,0,493
2252,6,60,0,0,16,0,8,17,141,53,60,0,493
2252,7,60,0,0,20,0,8,20,180,48,60,0,576
2253,0,60,0,0,0,2,11,15,64,64,60,0,360
2253,1,60,0,0,3,4,13,19,98,54,60,0,422
2253,2,60,0,0,6,4,14,21,110,66,60,0,475
2253,3,60,0,0,9,6,16,25,141,53,60,0,525
2254,0,60,0,0,0,2,4,8,64,64,60,0,360
2254,1,60,0,0,4,2,4,11,110,66,60,0,475
2254,2,60,0,0,8,0,6,12,98,54,60,0,422
2254,3,60,0,0,12,0,6,15,141,53,60,0,525
2254,4,60,0,4,20,6,12,21,132,61,60,0,499
2254,5,60,0,4,24,6,12,24,171,56,60,0,582
2254,6,60,0,4,20,0,12,21,141,61,60,0,517
2254,7,60,0,4,24,0,12,24,180,56,60,0,600
2255,0,60,0,0,0,0,2,5,51,51,60,0,303
2255,1,60,0,0,4,0,2,8,98,54,60,0,422
2255,2,60,0,0,8,0,5,11,98,54,60,0,422
2255,3,60,0,0,12,0,5,14,141,53,60,0,525
2255,4,60,0,0,8,0,5,11,98,58,60,0,402
2255,5,60,0,0,12,0,5,14,141,57,60,0,501
2255,6,60,0,0,16,0,8,17,141,57,60,0,501
2255,7,60,0,0,20,0,8,20,180,52,60,0,584
2256,0,60,0,0,0,2,8,28,64,64,60,0,338
2256,1,60,0,0,2,4,9,31,98,54,60,0,399
2257,0,60,0,0,0,2,8,28,77,77,60,0,399
2257,1,60,0,0,2,4,9,31,98,54,60,0,401
2258,0,60,0,0,0,3,9,29,84,84,60,0,444
2258,1,60,0,0,2,5,10,32,110,66,60,0,468
2259,0,60,0,0,0,2,8,28,64,64,60,0,340
2259,1,60,0,0,2,4,9,31,98,54,60,0,401
2260,0,60,0,0,0,3,8,28,64,64,60,0,338
2260,1,60,0,0,2,5,9,31,98,54,60,0,399
2261,0,60,0,0,0,3,9,29,77,77,60,0,399
2261,1,60,0,0,2,5,10,32,98,54,60,0,401
2262,0,60,0,0,0,4,9,29,84,84,60,0,444
2262,1,60,0,0,2,6,10,32,110,66,60,0,468
2263,0,60,0,0,0,3,8,28,64,64,60,0,340
2263,1,60,0,0,2,5,9,31,98,54,60,0,401
2264,0,60,0,0,0,2,11,15,64,64,60,0,360
2264,1,60,0,0,3,4,13,19,98,54,60,0,422
2264,4,60,0,0,3,4,12,19,110,66,60,0,475
2264,5,60,0,0,6,6,14,23,141,53,60,0,525
2265,0,60,0,0,0,4,13,18,77,77,60,0,445
2265,1,60,0,0,3,4,14,20,98,54,60,0,450
2265,4,60,0,0,9,8,17,26,137,61,60,0,541
2265,5,60,0,0,9,6,17,26,141,61,60,0,549
2266,0,60,0,0,0,9,16,22,84,84,60,0,490
2266,1,60,0,0,2,10,18,25,110,66,60,0,517
2267,0,60,0,0,0,2,11,15,64,64,60,0,386
2267,1,60,0,0,3,4,13,19,98,54,60,0,450
2267,4,60,0,0,3,4,12,19,110,70,60,0,483
2267,5,60,0,0,6,6,14,23,141,57,60,0,533
2268,0,60,0,0,0,2,11,15,64,64,60,0,360
2268,1,60,0,0,3,4,13,19,98,54,60,0,422
2268,4,60,0,0,6,4,14,21,110,66,60,0,475
2268,5,60,0,0,9,6,16,25,141,53,60,0,525
2269,0,60,0,0,0,4,20,25,77,77,60,0,445
2269,1,60,0,0,2,6,22,28,98,54,60,0,450
2270,0,60,0,0,0,8,16,22,84,84,60,0,490
2270,1,60,0,0,2,9,18,25,110,66,60,0,517
2271,0,60,0,0,0,2,11,15,64,64,60,0,386
2271,1,60,0,0,3,4,13,19,98,54,60,0,450
2271,4,60,0,0,6,4,14,21,110,70,60,0,483
2271,5,60,0,0,9,6,16,25,141,57,60,0,533
2272,0,60,0,0,0,1,1,19,51,51,60,0,282
2272,1,60,0,0,3,3,1,23,98,54,60,0,399
2272,2,60,0,0,6,1,3,25,98,58,60,0,379
2272,3,60,0,0,9,3,3,29,141,57,60,0,476
2273,0,60,0,0,0,1,1,19,64,64,60,0,343
2273,1,60,0,0,3,3,1,23,98,54,60,0,401
2273,2,60,0,0,6,1,3,25,110,70,60,0,434
2273,3,60,0,0,9,3,3,29,141,57,60,0,478
2274,0,60,0,0,0,1,1,19,64,64,60,0,355
2274,1,60,0,0,3,3,1,23,110,66,60,0,468
2274,2,60,0,0,6,1,3,25,98,58,60,0,381
2274,3,60,0,0,9,3,3,29,141,57,60,0,478
2275,0,60,0,0,0,1,1,19,51,51,60,0,284
2275,1,60,0,0,3,3,1,23,98,54,60,0,401
2275,2,60,0,0,6,1,3,25,98,58,60,0,381
2275,3,60,0,0,9,3,3,29,141,57,60,0,478
2276,0,60,0,0,0,2,1,19,51,51,60,0,282
2276,1,60,0,0,3,4,1,23,98,54,60,0,399
2276,2,60,0,0,6,4,3,25,98,58,60,0,379
2276,3,60,0,0,9,6,3,29,141,57,60,0,476
2277,0,60,0,0,0,2,2,20,64,64,60,0,343
2277,1,60,0,0,3,4,2,24,98,54,60,0,401
2277,2,60,0,0,6,4,4,26,110,70,60,0,434
2277,3,60,0,0,9,6,4,30,141,57,60,0,478
2278,0,60,0,0,0,2,1,19,64,64,60,0,355
2278,1,60,0,0,3,4,1,23,110,66,60,0,468
2278,2,60,0,0,6,4,3,25,98,58,60,0,381
2278,3,60,0,0,9,6,3,29,141,57,60,0,478
2279,0,60,0,0,0,2,1,19,51,51,60,0,284
2279,1,60,0,0,3,4,1,23,98,54,60,0,401
2279,2,60,0,0,6,4,3,25,98,58,60,0,381
2279,3,60,0,0,9,6,3,29,141,57,60,0,478
2280,0,60,0,0,0,0,2,5,51,51,60,0,303
2280,1,60,0,0,4,0,2,8,98,54,60,0,422
2280,2,60,0,0,12,0,8,14,98,58,60,0,402
2280,3,60,0,0,16,0,8,17,141,57,60,0,501
2280,4,60,0,0,4,0,2,8,98,54,60,0,422
2280,5,60,0,0,8,0,2,11,141,53,60,0,525
2280,6,60,0,0,16,0,8,17,141,57,60,0,501
2280,7,60,0,0,20,0,8,20,180,52,60,0,584
2281,0,60,0,0,0,1,3,7,64,64,60,0,386
2281,1,60,0,0,4,0,3,9,98,54,60,0,450
2281,2,60,0,0,12,1,9,16,110,70,60,0,483
2281,3,60,0,0,16,0,9,18,141,57,60,0,533
2281,4,60,0,0,12,3,6,15,132,61,60,0,531
2281,5,60,0,0,12,0,6,15,141,61,60,0,549
2281,6,60,0,0,24,3,12,24,171,60,60,0,590
2281,7,60,0,0,24,0,12,24,180,60,60,0,608
2282,0,60,0,0,0,3,4,8,64,64,60,0,398
2282,1,60,0,0,4,3,4,11,110,66,60,0,517
2282,2,60,0,0,12,0,8,14,98,58,60,0,430
2282,3,60,0,0,16,0,8,17,141,57,60,0,533
2282,4,60,0,0,16,9,8,17,132,65,60,0,507
2282,5,60,0,0,20,9,8,20,171,60,60,0,590
2282,6,60,0,0,16,0,8,17,141,65,60,0,525
2282,7,60,0,0,20,0,8,20,180,60,60,0,608
2283,0,60,0,0,0,0,2,5,51,51,60,0,327
2283,1,60,0,0,4,0,2,8,98,54,60,0,450
2283,2,60,0,0,12,0,8,14,98,58,60,0,430
2283,3,60,0,0,16,0,8,17,141,57,60,0,533
2283,4,60,0,0,4,0,2,8,98,58,60,0,430
2283,5,60,0,0,8,0,2,11,141,57,60,0,533
2283,6,60,0,0,16,0,8,17,141,61,60,0,509
2283,7,60,0,0,20,0,8,20,180,56,60,0,592
2284,0,60,0,0,0,0,2,5,51,51,60,0,303
2284,1,60,0,0,4,0,2,8,98,54,60,0,422
2284,2,60,0,0,8,0,5,11,98,58,60,0,402
2284,3,60,0,0,12,0,5,14,141,57,60,0,501
2284,4,60,0,0,8,0,5,11,98,54,60,0,422
2284,5,60,0,0,12,0,5,14,141,53,60,0,525
2284,6,60,0,0,16,0,8,17,141,57,60,0,501
2284,7,60,0,0,20,0,8,20,180,52,60,0,584
2285,0,60,0,0,0,2,11,15,64,64,60,0,386
2285,1,60,0,0,3,4,13,19,98,54,60,0,450
2285,2,60,0,0,6,4,14,21,110,70,60,0,483
2285,3,60,0,0,9,6,16,25,141,57,60,0,533
2286,0,60,0,0,0,2,4,8,64,64,60,0,398
2286,1,60,0,0,4,2,4,11,110,66,60,0,517
2286,2,60,0,0,8,0,6,12,98,58,60,0,430
2286,3,60,0,0,12,0,6,15,141,57,60,0,533
2286,4,60,0,4,20,6,12,21,132,65,60,0,507
2286,5,60,0,4,24,6,12,24,171,60,60,0,590
2286,6,60,0,4,20,0,12,21,141,65,60,0,525
2286,7,60,0,4,24,0,12,24,180,60,60,0,608
2287,0,60,0,0,0,0,2,5,51,51,60,0,327
2287,1,60,0,0,4,0,2,8,98,54,60,0,450
2287,2,60,0,0,8,0,5,11,98,58,60,0,430
2287,3,60,0,0,12,0,5,14,141,57,60,0,533
2287,4,60,0,0,8,0,5,11,98,58,60,0,430
2287,5,60,0,0,12,0,5,14,141,57,60,0,533
2287,6,60,0,0,16,0,8,17,141,61,60,0,509
2287,7,60,0,0,20,0,8,20,180,56,60,0,592
2288,0,60,0,0,0,4,2,30,64,64,60,0,323
2288,1,60,0,0,2,6,2,33,110,66,60,0,436
2289,0,60,0,0,0,4,2,30,84,84,60,0,419
2289,1,60,0,0,2,6,2,33,110,66,60,0,440
2290,0,60,0,0,0,5,3,31,77,77,60,0,398
2290,1,60,0,0,2,7,3,34,122,78,60,0,507
2291,0,60,0,0,0,4,2,30,64,64,60,0,327
2291,1,60,0,0,2,6,2,33,110,66,60,0,440
2292,0,60,0,0,0,11,1,29,64,64,60,0,323
2292,1,60,0,0,2,12,1,32,110,66,60,0,436
2293,0,60,0,0,0,12,3,31,84,84,60,0,419
2293,1,60,0,0,2,13,3,34,110,66,60,0,440
2294,0,60,0,0,0,11,1,29,77,77,60,0,398
2294,1,60,0,0,2,12,1,32,122,78,60,0,507
2295,0,60,0,0,0,11,1,29,64,64,60,0,327
2295,1,60,0,0,2,12,1,32,110,66,60,0,440
2296,0,60,0,0,0,2,11,15,64,64,60,0,360
2296,1,60,0,0,3,4,12,19,110,66,60,0,475
2296,4,60,0,0,3,4,13,19,98,54,60,0,422
2296,5,60,0,0,6,6,14,23,141,53,60,0,525
2297,0,60,0,0,0,5,13,19,84,84,60,0,490
2297,1,60,0,0,3,5,14,21,110,66,60,0,517
2297,4,60,0,0,10,8,18,27,132,61,60,0,531
2297,5,60,0,0,10,6,18,27,141,61,60,0,549
2298,0,60,0,0,0,9,17,22,77,77,60,0,469
2298,1,60,0,0,2,10,17,25,122,78,60,0,584
2299,0,60,0,0,0,2,11,15,64,64,60,0,398
2299,1,60,0,0,3,4,12,19,110,66,60,0,517
2299,4,60,0,0,3,4,13,19,98,58,60,0,430
2299,5,60,0,0,6,6,14,23,141,57,60,0,533
2300,0,60,0,0,0,2,4,8,64,64,60,0,360
2300,1,60,0,0,4,2,4,11,110,66,60,0,475
2300,2,60,0,4,20,6,12,21,132,61,60,0,499
2300,3,60,0,4,24,6,12,24,171,56,60,0,582
2300,4,60,0,0,8,0,6,12,98,54,60,0,422
2300,5,60,0,0,12,0,6,15,141,53,60,0,525
2300,6,60,0,4,20,0,12,21,141,61,60,0,517
2300,7,60,0,4,24,0,12,24,180,56,60,0,600
2301,0,60,0,0,0,8,16,22,84,84,60,0,490
2301,1,60,0,0,2,9,18,25,110,66,60,0,517
2302,0,60,0,0,0,6,8,13,77,77,60,0,469
2302,1,60,0,0,4,6,8,16,122,78,60,0,584
2302,2,60,0,8,24,9,16,25,132,69,60,0,523
2302,3,60,0,8,28,9,16,28,171,64,60,0,606
2302,4,60,0,8,24,9,16,25,132,69,60,0,523
2302,5,60,0,8,28,9,16,28,171,64,60,0,606
2302,6,60,0,8,24,0,16,25,141,69,60,0,541
2302,7,60,0,8,28,0,16,28,180,64,60,0,624
2303,0,60,0,0,0,2,4,8,64,64,60,0,398
2303,1,60,0,0,4,2,4,11,110,66,60,0,517
2303,2,60,0,4,20,6,12,21,132,65,60,0,507
2303,3,60,0,4,24,6,12,24,171,60,60,0,590
2303,4,60,0,0,8,0,6,12,98,58,60,0,430
2303,5,60,0,0,12,0,6,15,141,57,60,0,533
2303,6,60,0,4,20,0,12,21,141,65,60,0,525
2303,7,60,0,4,24,0,12,24,180,60,60,0,608
2304,0,60,0,0,0,2,0,31,51,51,60,0,261
2304,1,60,0,0,2,4,0,34,98,58,60,0,356
2305,0,60,0,0,0,2,0,31,64,64,60,0,333
2305,1,60,0,0,2,4,0,34,98,58,60,0,358
2306,0,60,0,0,0,3,0,32,64,64,60,0,306
2306,1,60,0,0,2,5,0,35,110,70,60,0,395
2307,0,60,0,0,0,2,0,31,51,51,60,0,263
2307,1,60,0,0,2,4,0,34,98,58,60,0,358
2308,0,60,0,0,0,2,0,31,51,51,60,0,261
2308,1,60,0,0,2,4,0,34,98,58,60,0,356
2309,0,60,0,0,0,2,1,32,64,64,60,0,333
2309,1,60,0,0,2,4,1,35,98,58,60,0,358
2310,0,60,0,0,0,2,0,32,64,64,60,0,306
2310,1,60,0,0,2,4,0,35,110,70,60,0,395
2311,0,60,0,0,0,2,0,31,51,51,60,0,263
2311,1,60,0,0,2,4,0,34,98,58,60,0,358
2312,0,60,0,0,0,2,0,18,51,51,60,0,282
2312,1,60,0,0,3,4,0,22,98,58,60,0,379
2312,4,60,0,0,3,4,0,22,98,54,60,0,399
2312,5,60,0,0,6,6,0,26,141,57,60,0,476
2313,0,60,0,0,0,4,1,21,64,64,60,0,376
2313,1,60,0,0,3,4,1,23,98,58,60,0,407
2313,4,60,0,0,9,8,3,29,132,65,60,0,482
2313,5,60,0,0,9,6,3,29,141,65,60,0,500
2314,0,60,0,0,0,11,0,28,64,64,60,0,349
2314,1,60,0,0,2,12,0,31,110,70,60,0,444
2315,0,60,0,0,0,2,0,18,51,51,60,0,306
2315,1,60,0,0,3,4,0,22,98,58,60,0,407
2315,4,60,0,0,3,4,0,22,98,58,60,0,407
2315,5,60,0,0,6,6,0,26,141,61,60,0,484
2316,0,60,0,0,0,1,1,19,51,51,60,0,282
2316,1,60,0,0,3,3,1,23,98,58,60,0,379
2316,4,60,0,0,6,1,3,25,98,54,60,0,399
2316,5,60,0,0,9,3,3,29,141,57,60,0,476
2317,0,60,0,0,0,2,8,28,64,64,60,0,376
2317,1,60,0,0,2,4,9,31,98,58,60,0,407
2318,0,60,0,0,0,4,2,30,64,64,60,0,349
2318,1,60,0,0,2,6,2,33,110,70,60,0,444
2319,0,60,0,0,0,1,1,19,51,51,60,0,306
2319,1,60,0,0,3,3,1,23,98,58,60,0,407
2319,4,60,0,0,6,1,3,25,98,58,60,0,407
2319,5,60,0,0,9,3,3,29,141,61,60,0,484
2320,0,60,0,0,0,2,0,31,64,64,60,0,333
2320,1,60,0,0,2,4,0,34,98,58,60,0,358
2321,0,60,0,0,0,2,0,31,77,77,60,0,405
2321,1,60,0,0,2,4,0,34,98,58,60,0,360
2322,0,60,0,0,0,3,0,32,84,84,60,0,417
2322,1,60,0,0,2,5,0,35,110,70,60,0,399
2323,0,60,0,0,0,2,0,31,64,64,60,0,335
2323,1,60,0,0,2,4,0,34,98,58,60,0,360
2324,0,60,0,0,0,2,0,31,64,64,60,0,333
2324,1,60,0,0,2,4,0,34,98,58,60,0,358
2325,0,60,0,0,0,2,1,32,77,77,60,0,405
2325,1,60,0,0,2,4,1,35,98,58,60,0,360
2326,0,60,0,0,0,2,0,32,84,84,60,0,417
2326,1,60,0,0,2,4,0,35,110,70,60,0,399
2327,0,60,0,0,0,2,0,31,64,64,60,0,335
2327,1,60,0,0,2,4,0,34,98,58,60,0,360
2328,0,60,0,0,0,2,0,18,64,64,60,0,355
2328,1,60,0,0,3,4,0,22,98,58,60,0,381
2328,4,60,0,0,3,4,0,22,110,66,60,0,468
2328,5,60,0,0,6,6,0,26,141,57,60,0,478
2329,0,60,0,0,0,4,1,21,77,77,60,0,451
2329,1,60,0,0,3,4,1,23,98,58,60,0,409
2329,4,60,0,0,9,8,3,29,137,65,60,0,494
2329,5,60,0,0,9,6,3,29,141,65,60,0,502
2330,0,60,0,0,0,11,0,28,84,84,60,0,463
2330,1,60,0,0,2,12,0,31,110,70,60,0,448
2331,0,60,0,0,0,2,0,18,64,64,60,0,381
2331,1,60,0,0,3,4,0,22,98,58,60,0,409
2331,4,60,0,0,3,4,0,22,110,70,60,0,476
2331,5,60,0,0,6,6,0,26,141,61,60,0,486
2332,0,60,0,0,0,1,1,19,64,64,60,0,355
2332,1,60,0,0,3,3,1,23,98,58,60,0,381
2332,4,60,0,0,6,1,3,25,110,66,60,0,468
2332,5,60,0,0,9,3,3,29,141,57,60,0,478
2333,0,60,0,0,0,2,8,28,77,77,60,0,451
2333,1,60,0,0,2,4,9,31,98,58,60,0,409
2334,0,60,0,0,0,4,2,30,84,84,60,0,463
2334,1,60,0,0,2,6,2,33,110,70,60,0,448
2335,0,60,0,0,0,1,1,19,64,64,60,0,381
2335,1,60,0,0,3,3,1,23,98,58,60,0,409
2335,4,60,0,0,6,1,3,25,110,70,60,0,476
2335,5,60,0,0,9,3,3,29,141,61,60,0,486
2336,0,60,0,0,0,2,0,31,51,51,60,0,263
2336,1,60,0,0,2,4,0,34,98,58,60,0,358
2337,0,60,0,0,0,2,0,31,64,64,60,0,335
2337,1,60,0,0,2,4,0,34,98,58,60,0,360
2338,0,60,0,0,0,3,0,32,64,64,60,0,310
2338,1,60,0,0,2,5,0,35,110,70,60,0,399
2339,0,60,0,0,0,2,0,31,51,51,60,0,265
2339,1,60,0,0,2,4,0,34,98,58,60,0,360
2340,0,60,0,0,0,2,0,31,51,51,60,0,263
2340,1,60,0,0,2,4,0,34,98,58,60,0,358
2341,0,60,0,0,0,2,1,32,64,64,60,0,335
2341,1,60,0,0,2,4,1,35,98,58,60,0,360
2342,0,60,0,0,0,2,0,32,64,64,60,0,310
2342,1,60,0,0,2,4,0,35,110,70,60,0,399
2343,0,60,0,0,0,2,0,31,51,51,60,0,265
2343,1,60,0,0,2,4,0,34,98,58,60,0,360
2344,0,60,0,0,0,2,0,18,51,51,60,0,284
2344,1,60,0,0,3,4,0,22,98,58,60,0,381
2344,4,60,0,0,3,4,0,22,98,54,60,0,401
2344,5,60,0,0,6,6,0,26,141,57,60,0,478
2345,0,60,0,0,0,4,1,21,64,64,60,0,378
2345,1,60,0,0,3,4,1,23,98,58,60,0,409
2345,4,60,0,0,9,8,3,29,132,65,60,0,484
2345,5,60,0,0,9,6,3,29,141,65,60,0,502
2346,0,60,0,0,0,11,0,28,64,64,60,0,353
2346,1,60,0,0,2,12,0,31,110,70,60,0,448
2347,0,60,0,0,0,2,0,18,51,51,60,0,308
2347,1,60,0,0,3,4,0,22,98,58,60,0,409
2347,4,60,0,0,3,4,0,22,98,58,60,0,409
2347,5,60,0,0,6,6,0,26,141,61,60,0,486
2348,0,60,0,0,0,1,1,19,51,51,60,0,284
2348,1,60,0,0,3,3,1,23,98,58,60,0,381
2348,4,60,0,0,6,1,3,25,98,54,60,0,401
2348,5,60,0,0,9,3,3,29,141,57,60,0,478
2349,0,60,0,0,0,2,8,28,64,64,60,0,378
2349,1,60,0,0,2,4,9,31,98,58,60,0,409
2350,0,60,0,0,0,4,2,30,64,64,60,0,353
2350,1,60,0,0,2,6,2,33,110,70,60,0,448
2351,0,60,0,0,0,1,1,19,51,51,60,0,308
2351,1,60,0,0,3,3,1,23,98,58,60,0,409
2351,4,60,0,0,6,1,3,25,98,58,60,0,409
2351,5,60,0,0,9,3,3,29,141,61,60,0,486
2352,0,60,0,0,0,3,0,32,64,64,60,0,306
2352,1,60,0,0,2,5,0,35,110,70,60,0,395
2353,0,60,0,0,0,3,0,32,84,84,60,0,417
2353,1,60,0,0,2,5,0,35,110,70,60,0,399
2354,0,60,0,0,0,4,0,33,77,77,60,0,355
2354,1,60,0,0,2,6,0,36,122,82,60,0,438
2355,0,60,0,0,0,3,0,32,64,64,60,0,310
2355,1,60,0,0,2,5,0,35,110,70,60,0,399
2356,0,60,0,0,0,3,0,32,64,64,60,0,306
2356,1,60,0,0,2,5,0,35,110,70,60,0,395
2357,0,60,0,0,0,3,1,33,84,84,60,0,417
2357,1,60,0,0,2,5,1,36,110,70,60,0,399
2358,0,60,0,0,0,3,0,33,77,77,60,0,355
2358,1,60,0,0,2,5,0,36,122,82,60,0,438
2359,0,60,0,0,0,3,0,32,64,64,60,0,310
2359,1,60,0,0,2,5,0,35,110,70,60,0,399
2360,0,60,0,0,0,2,0,18,64,64,60,0,343
2360,1,60,0,0,3,4,0,22,110,70,60,0,434
2360,4,60,0,0,3,4,0,22,98,54,60,0,401
2360,5,60,0,0,6,6,0,26,141,57,60,0,478
2361,0,60,0,0,0,4,1,21,84,84,60,0,488
2361,1,60,0,0,3,4,1,23,110,70,60,0,476
2361,4,60,0,0,9,8,3,29,132,65,60,0,484
2361,5,60,0,0,9,6,3,29,141,65,60,0,502
2362,0,60,0,0,0,11,0,28,77,77,60,0,426
2362,1,60,0,0,2,12,0,31,122,82,60,0,515
2363,0,60,0,0,0,2,0,18,64,64,60,0,381
2363,1,60,0,0,3,4,0,22,110,70,60,0,476
2363,4,60,0,0,3,4,0,22,98,58,60,0,409
2363,5,60,0,0,6,6,0,26,141,61,60,0,486
2364,0,60,0,0,0,1,1,19,64,64,60,0,343
2364,1,60,0,0,3,3,1,23,110,70,60,0,434
2364,4,60,0,0,6,1,3,25,98,54,60,0,401
2364,5,60,0,0,9,3,3,29,141,57,60,0,478
2365,0,60,0,0,0,3,9,29,84,84,60,0,488
2365,1,60,0,0,2,5,10,32,110,70,60,0,476
2366,0,60,0,0,0,5,3,31,77,77,60,0,426
2366,1,60,0,0,2,7,3,34,122,82,60,0,515
2367,0,60,0,0,0,1,1,19,64,64,60,0,381
2367,1,60,0,0,3,3,1,23,110,70,60,0,476
2367,4,60,0,0,6,1,3,25,98,58,60,0,409
2367,5,60,0,0,9,3,3,29,141,61,60,0,486
2368,0,60,0,0,0,2,0,31,51,51,60,0,261
2368,1,60,0,0,2,4,0,34,98,58,60,0,356
2369,0,60,0,0,0,2,0,31,64,64,60,0,333
2369,1,60,0,0,2,4,0,34,98,58,60,0,358
2370,0,60,0,0,0,3,0,32,64,64,60,0,306
2370,1,60,0,0,2,5,0,35,110,70,60,0,395
2371,0,60,0,0,0,2,0,31,51,51,60,0,263
2371,1,60,0,0,2,4,0,34,98,58,60,0,358
2372,0,60,0,0,0,2,0,31,51,51,60,0,261
2372,1,60,0,0,2,4,0,34,98,58,60,0,356
2373,0,60,0,0,0,2,1,32,64,64,60,0,333
2373,1,60,0,0,2,4,1,35,98,58,60,0,358
2374,0,60,0,0,0,3,0,32,64,64,60,0,306
2374,1,60,0,0,2,5,0,35,110,70,60,0,395
2375,0,60,0,0,0,2,0,31,51,51,60,0,263
2375,1,60,0,0,2,4,0,34,98,58,60,0,358
2376,0,60,0,0,0,2,0,18,51,51,60,0,282
2376,1,60,0,0,3,4,0,22,98,58,60,0,379
2376,4,60,0,0,3,4,0,22,98,54,60,0,399
2376,5,60,0,0,6,6,0,26,141,57,60,0,476
2377,0,60,0,0,0,4,1,21,64,64,60,0,376
2377,1,60,0,0,3,4,1,23,98,58,60,0,407
2377,4,60,0,0,9,8,3,29,132,65,60,0,482
2377,5,60,0,0,9,6,3,29,141,65,60,0,500
2378,0,60,0,0,0,12,0,28,64,64,60,0,349
2378,1,60,0,0,2,13,0,31,110,70,60,0,444
2379,0,60,0,0,0,2,0,18,51,51,60,0,306
2379,1,60,0,0,3,4,0,22,98,58,60,0,407
2379,4,60,0,0,3,4,0,22,98,58,60,0,407
2379,5,60,0,0,6,6,0,26,141,61,60,0,484
2380,0,60,0,0,0,2,1,19,51,51,60,0,282
2380,1,60,0,0,3,4,1,23,98,58,60,0,379
2380,4,60,0,0,6,4,3,25,98,54,60,0,399
2380,5,60,0,0,9,6,3,29,141,57,60,0,476
2381,0,60,0,0,0,3,8,28,64,64,60,0,376
2381,1,60,0,0,2,5,9,31,98,58,60,0,407
2382,0,60,0,0,0,11,1,29,64,64,60,0,349
2382,1,60,0,0,2,12,1,32,110,70,60,0,444
2383,0,60,0,0,0,2,1,19,51,51,60,0,306
2383,1,60,0,0,3,4,1,23,98,58,60,0,407
2383,4,60,0,0,6,4,3,25,98,58,60,0,407
2383,5,60,0,0,9,6,3,29,141,61,60,0,484
2384,0,60,0,0,0,2,1,32,64,64,60,0,333
2384,1,60,0,0,2,4,1,35,98,58,60,0,358
2385,0,60,0,0,0,2,1,32,77,77,60,0,405
2385,1,60,0,0,2,4,1,35,98,58,60,0,360
2386,0,60,0,0,0,3,1,33,84,84,60,0,417
2386,1,60,0,0,2,5,1,36,110,70,60,0,399
2387,0,60,0,0,0,2,1,32,64,64,60,0,335
2387,1,60,0,0,2,4,1,35,98,58,60,0,360
2388,0,60,0,0,0,2,1,32,64,64,60,0,333
2388,1,60,0,0,2,4,1,35,98,58,60,0,358
2389,0,60,0,0,0,2,2,33,77,77,60,0,405
2389,1,60,0,0,2,4,2,36,98,58,60,0,360
2390,0,60,0,0,0,3,1,33,84,84,60,0,417
2390,1,60,0,0,2,5,1,36,110,70,60,0,399
2391,0,60,0,0,0,2,1,32,64,64,60,0,335
2391,1,60,0,0,2,4,1,35,98,58,60,0,360
2392,0,60,0,0,0,2,1,19,64,64,60,0,355
2392,1,60,0,0,3,4,1,23,98,58,60,0,381
2392,4,60,0,0,3,4,1,23,110,66,60,0,468
2392,5,60,0,0,6,6,1,27,141,57,60,0,478
2393,0,60,0,0,0,4,2,22,77,77,60,0,451
2393,1,60,0,0,3,4,2,24,98,58,60,0,409
2393,4,60,0,0,9,8,4,30,137,65,60,0,494
2393,5,60,0,0,9,6,4,30,141,65,60,0,502
2394,0,60,0,0,0,13,2,30,84,84,60,0,463
2394,1,60,0,0,2,14,2,33,110,70,60,0,448
2395,0,60,0,0,0,2,1,19,64,64,60,0,381
2395,1,60,0,0,3,4,1,23,98,58,60,0,409
2395,4,60,0,0,3,4,1,23,110,70,60,0,476
2395,5,60,0,0,6,6,1,27,141,61,60,0,486
2396,0,60,0,0,0,2,2,20,64,64,60,0,355
2396,1,60,0,0,3,4,2,24,98,58,60,0,381
2396,4,60,0,0,6,4,4,26,110,66,60,0,468
2396,5,60,0,0,9,6,4,30,141,57,60,0,478
2397,0,60,0,0,0,3,9,29,77,77,60,0,451
2397,1,60,0,0,2,5,10,32,98,58,60,0,409
2398,0,60,0,0,0,12,3,31,84,84,60,0,463
2398,1,60,0,0,2,13,3,34,110,70,60,0,448
2399,0,60,0,0,0,2,2,20,64,64,60,0,381
2399,1,60,0,0,3,4,2,24,98,58,60,0,409
2399,4,60,0,0,6,4,4,26,110,70,60,0,476
2399,5,60,0,0,9,6,4,30,141,61,60,0,486
2400,0,60,0,0,0,2,0,31,51,51,60,0,263
2400,1,60,0,0,2,4,0,34,98,58,60,0,358
2401,0,60,0,0,0,2,0,31,64,64,60,0,335
2401,1,60,0,0,2,4,0,34,98,58,60,0,360
2402,0,60,0,0,0,3,0,32,64,64,60,0,310
2402,1,60,0,0,2,5,0,35,110,70,60,0,399
2403,0,60,0,0,0,2,0,31,51,51,60,0,265
2403,1,60,0,0,2,4,0,34,98,58,60,0,360
2404,0,60,0,0,0,2,0,31,51,51,60,0,263
2404,1,60,0,0,2,4,0,34,98,58,60,0,358
2405,0,60,0,0,0,2,1,32,64,64,60,0,335
2405,1,60,0,0,2,4,1,35,98,58,60,0,360
2406,0,60,0,0,0,3,0,32,64,64,60,0,310
2406,1,60,0,0,2,5,0,35,110,70,60,0,399
2407,0,60,0,0,0,2,0,31,51,51,60,0,265
2407,1,60,0,0,2,4,0,34,98,58,60,0,360
2408,0,60,0,0,0,2,0,18,51,51,60,0,284
2408,1,60,0,0,3,4,0,22,98,58,60,0,381
2408,4,60,0,0,3,4,0,22,98,54,60,0,401
2408,5,60,0,0,6,6,0,26,141,57,60,0,478
2409,0,60,0,0,0,4,1,21,64,64,60,0,378
2409,1,60,0,0,3,4,1,23,98,58,60,0,409
2409,4,60,0,0,9,8,3,29,132,65,60,0,484
2409,5,60,0,0,9,6,3,29,141,65,60,0,502
2410,0,60,0,0,0,12,0,28,64,64,60,0,353
2410,1,60,0,0,2,13,0,31,110,70,60,0,448
2411,0,60,0,0,0,2,0,18,51,51,60,0,308
2411,1,60,0,0,3,4,0,22,98,58,60,0,409
2411,4,60,0,0,3,4,0,22,98,58,60,0,409
2411,5,60,0,0,6,6,0,26,141,61,60,0,486
2412,0,60,0,0,0,2,1,19,51,51,60,0,284
2412,1,60,0,0,3,4,1,23,98,58,60,0,381
2412,4,60,0,0,6,4,3,25,98,54,60,0,401
2412,5,60,0,0,9,6,3,29,141,57,60,0,478
2413,0,60,0,0,0,3,8,28,64,64,60,0,378
2413,1,60,0,0,2,5,9,31,98,58,60,0,409
2414,0,60,0,0,0,11,1,29,64,64,60,0,353
2414,1,60,0,0,2,12,1,32,110,70,60,0,448
2415,0,60,0,0,0,2,1,19,51,51,60,0,308
2415,1,60,0,0,3,4,1,23,98,58,60,0,409
2415,4,60,0,0,6,4,3,25,98,58,60,0,409
2415,5,60,0,0,9,6,3,29,141,61,60,0,486
2416,0,60,0,0,0,2,0,32,64,64,60,0,306
2416,1,60,0,0,2,4,0,35,110,70,60,0,395
2417,0,60,0,0,0,2,0,32,84,84,60,0,417
2417,1,60,0,0,2,4,0,35,110,70,60,0,399
2418,0,60,0,0,0,3,0,33,77,77,60,0,355
2418,1,60,0,0,2,5,0,36,122,82,60,0,438
2419,0,60,0,0,0,2,0,32,64,64,60,0,310
2419,1,60,0,0,2,4,0,35,110,70,60,0,399
2420,0,60,0,0,0,3,0,32,64,64,60,0,306
2420,1,60,0,0,2,5,0,35,110,70,60,0,395
2421,0,60,0,0,0,3,1,33,84,84,60,0,417
2421,1,60,0,0,2,5,1,36,110,70,60,0,399
2422,0,60,0,0,0,4,0,33,77,77,60,0,355
2422,1,60,0,0,2,6,0,36,122,82,60,0,438
2423,0,60,0,0,0,3,0,32,64,64,60,0,310
2423,1,60,0,0,2,5,0,35,110,70,60,0,399
2424,0,60,0,0,0,2,1,19,64,64,60,0,343
2424,1,60,0,0,3,4,1,23,110,70,60,0,434
2424,4,60,0,0,3,4,1,23,98,54,60,0,401
2424,5,60,0,0,6,6,1,27,141,57,60,0,478
2425,0,60,0,0,0,4,2,22,84,84,60,0,488
2425,1,60,0,0,3,4,2,24,110,70,60,0,476
2425,4,60,0,0,9,8,4,30,132,65,60,0,484
2425,5,60,0,0,9,6,4,30,141,65,60,0,502
2426,0,60,0,0,0,13,2,30,77,77,60,0,426
2426,1,60,0,0,2,14,2,33,122,82,60,0,515
2427,0,60,0,0,0,2,1,19,64,64,60,0,381
2427,1,60,0,0,3,4,1,23,110,70,60,0,476
2427,4,60,0,0,3,4,1,23,98,58,60,0,409
2427,5,60,0,0,6,6,1,27,141,61,60,0,486
2428,0,60,0,0,0,2,1,19,64,64,60,0,343
2428,1,60,0,0,3,4,1,23,110,70,60,0,434
2428,4,60,0,0,6,4,3,25,98,54,60,0,401
2428,5,60,0,0,9,6,3,29,141,57,60,0,478
2429,0,60,0,0,0,4,9,29,84,84,60,0,488
2429,1,60,0,0,2,6,10,32,110,70,60,0,476
2430,0,60,0,0,0,11,1,29,77,77,60,0,426
2430,1,60,0,0,2,12,1,32,122,82,60,0,515
2431,0,60,0,0,0,2,1,19,64,64,60,0,381
2431,1,60,0,0,3,4,1,23,110,70,60,0,476
2431,4,60,0,0,6,4,3,25,98,58,60,0,409
2431,5,60,0,0,9,6,3,29,141,61,60,0,486
2432,0,60,0,0,0,2,0,18,51,51,60,0,282
2432,1,60,0,0,3,4,0,22,98,58,60,0,379
2432,2,60,0,0,3,4,0,22,98,54,60,0,399
2432,3,60,0,0,6,6,0,26,141,57,60,0,476
2433,0,60,0,0,0,2,0,18,64,64,60,0,355
2433,1,60,0,0,3,4,0,22,98,58,60,0,381
2433,2,60,0,0,3,4,0,22,110,66,60,0,468
2433,3,60,0,0,6,6,0,26,141,57,60,0,478
2434,0,60,0,0,0,2,0,18,64,64,60,0,343
2434,1,60,0,0,3,4,0,22,110,70,60,0,434
2434,2,60,0,0,3,4,0,22,98,54,60,0,401
2434,3,60,0,0,6,6,0,26,141,57,60,0,478
2435,0,60,0,0,0,2,0,18,51,51,60,0,284
2435,1,60,0,0,3,4,0,22,98,58,60,0,381
2435,2,60,0,0,3,4,0,22,98,54,60,0,401
2435,3,60,0,0,6,6,0,26,141,57,60,0,478
2436,0,60,0,0,0,2,0,18,51,51,60,0,282
2436,1,60,0,0,3,4,0,22,98,58,60,0,379
2436,2,60,0,0,3,4,0,22,98,54,60,0,399
2436,3,60,0,0,6,6,0,26,141,57,60,0,476
2437,0,60,0,0,0,2,1,19,64,64,60,0,355
2437,1,60,0,0,3,4,1,23,98,58,60,0,381
2437,2,60,0,0,3,4,1,23,110,66,60,0,468
2437,3,60,0,0,6,6,1,27,141,57,60,0,478
2438,0,60,0,0,0,2,1,19,64,64,60,0,343
2438,1,60,0,0,3,4,1,23,110,70,60,0,434
2438,2,60,0,0,3,4,1,23,98,54,60,0,401
2438,3,60,0,0,6,6,1,27,141,57,60,0,478
2439,0,60,0,0,0,2,0,18,51,51,60,0,284
2439,1,60,0,0,3,4,0,22,98,58,60,0,381
2439,2,60,0,0,3,4,0,22,98,54,60,0,401
2439,3,60,0,0,6,6,0,26,141,57,60,0,478
2440,0,60,0,0,0,0,0,3,51,51,60,0,303
2440,1,60,0,0,4,0,0,6,98,58,60,0,402
2440,2,60,0,0,4,0,0,6,98,54,60,0,422
2440,3,60,0,0,8,0,0,9,141,57,60,0,501
2440,4,60,0,0,4,0,0,6,98,54,60,0,422
2440,5,60,0,0,8,0,0,9,141,57,60,0,501
2440,6,60,0,0,8,0,0,9,141,53,60,0,525
2440,7,60,0,0,12,0,0,12,180,52,60,0,584
2441,0,60,0,0,0,1,1,5,64,64,60,0,398
2441,1,60,0,0,4,0,1,7,98,58,60,0,430
2441,2,60,0,0,4,1,1,8,110,66,60,0,517
2441,3,60,0,0,8,0,1,10,141,57,60,0,533
2441,4,60,0,0,12,3,4,13,132,65,60,0,507
2441,5,60,0,0,12,0,4,13,141,65,60,0,525
2441,6,60,0,0,16,3,4,16,171,60,60,0,590
2441,7,60,0,0,16,0,4,16,180,60,60,0,608
2442,0,60,0,0,0,1,1,5,64,64,60,0,386
2442,1,60,0,0,4,1,1,8,110,70,60,0,483
2442,2,60,0,0,4,0,1,7,98,54,60,0,450
2442,3,60,0,0,8,0,1,10,141,57,60,0,533
2442,4,60,0,0,12,3,4,13,132,61,60,0,531
2442,5,60,0,0,16,3,4,16,171,60,60,0,590
2442,6,60,0,0,12,0,4,13,141,61,60,0,549
2442,7,60,0,0,16,0,4,16,180,60,60,0,608
2443,0,60,0,0,0,0,0,3,51,51,60,0,327
2443,1,60,0,0,4,0,0,6,98,58,60,0,430
2443,2,60,0,0,4,0,0,6,98,54,60,0,450
2443,3,60,0,0,8,0,0,9,141,57,60,0,533
2443,4,60,0,0,4,0,0,6,98,58,60,0,430
2443,5,60,0,0,8,0,0,9,141,61,60,0,509
2443,6,60,0,0,8,0,0,9,141,57,60,0,533
2443,7,60,0,0,12,0,0,12,180,56,60,0,592
2444,0,60,0,0,0,0,2,5,51,51,60,0,303
2444,1,60,0,0,4,0,2,8,98,58,60,0,402
2444,2,60,0,0,4,0,2,8,98,54,60,0,422
2444,3,60,0,0,8,0,2,11,141,57,60,0,501
2444,4,60,0,0,12,0,8,14,98,54,60,0,422
2444,5,60,0,0,16,0,8,17,141,57,60,0,501
2444,6,60,0,0,16,0,8,17,141,53,60,0,525
2444,7,60,0,0,20,0,8,20,180,52,60,0,584
2445,0,60,0,0,0,2,11,15,64,64,60,0,398
2445,1,60,0,0,3,4,13,19,98,58,60,0,430
2445,2,60,0,0,3,4,12,19,110,66,60,0,517
2445,3,60,0,0,6,6,14,23,141,57,60,0,533
2446,0,60,0,0,0,2,11,15,64,64,60,0,386
2446,1,60,0,0,3,4,12,19,110,70,60,0,483
2446,2,60,0,0,3,4,13,19,98,54,60,0,450
2446,3,60,0,0,6,6,14,23,141,57,60,0,533
2447,0,60,0,0,0,0,2,5,51,51,60,0,327
2447,1,60,0,0,4,0,2,8,98,58,60,0,430
2447,2,60,0,0,4,0,2,8,98,54,60,0,450
2447,3,60,0,0,8,0,2,11,141,57,60,0,533
2447,4,60,0,0,12,0,8,14,98,58,60,0,430
2447,5,60,0,0,16,0,8,17,141,61,60,0,509
2447,6,60,0,0,16,0,8,17,141,57,60,0,533
2447,7,60,0,0,20,0,8,20,180,56,60,0,592
2448,0,60,0,0,0,4,1,21,64,64,60,0,376
2448,1,60,0,0,3,4,1,23,98,58,60,0,407
2448,2,60,0,0,9,8,3,29,132,65,60,0,482
2448,3,60,0,0,9,6,3,29,141,65,60,0,500
2449,0,60,0,0,0,4,1,21,77,77,60,0,451
2449,1,60,0,0,3,4,1,23,98,58,60,0,409
2449,2,60,0,0,9,8,3,29,137,65,60,0,494
2449,3,60,0,0,9,6,3,29,141,65,60,0,502
2450,0,60,0,0,0,4,1,21,84,84,60,0,488
2450,1,60,0,0,3,4,1,23,110,70,60,0,476
2450,2,60,0,0,9,8,3,29,132,65,60,0,484
2450,3,60,0,0,9,6,3,29,141,65,60,0,502
2451,0,60,0,0,0,4,1,21,64,64,60,0,378
2451,1,60,0,0,3,4,1,23,98,58,60,0,409
2451,2,60,0,0,9,8,3,29,132,65,60,0,484
2451,3,60,0,0,9,6,3,29,141,65,60,0,502
2452,0,60,0,0,0,4,1,21,64,64,60,0,376
2452,1,60,0,0,3,4,1,23,98,58,60,0,407
2452,2,60,0,0,9,8,3,29,132,65,60,0,482
2452,3,60,0,0,9,6,3,29,141,65,60,0,500
2453,0,60,0,0,0,4,2,22,77,77,60,0,451
2453,1,60,0,0,3,4,2,24,98,58,60,0,409
2453,2,60,0,0,9,8,4,30,137,65,60,0,494
2453,3,60,0,0,9,6,4,30,141,65,60,0,502
2454,0,60,0,0,0,4,2,22,84,84,60,0,488
2454,1,60,0,0,3,4,2,24,110,70,60,0,476
2454,2,60,0,0,9,8,4,30,132,65,60,0,484
2454,3,60,0,0,9,6,4,30,141,65,60,0,502
2455,0,60,0,0,0,4,1,21,64,64,60,0,378
2455,1,60,0,0,3,4,1,23,98,58,60,0,409
2455,2,60,0,0,9,8,3,29,132,65,60,0,484
2455,3,60,0,0,9,6,3,29,141,65,60,0,502
2456,0,60,0,0,0,1,1,5,64,64,60,0,398
2456,1,60,0,0,4,0,1,7,98,58,60,0,430
2456,2,60,0,0,12,3,4,13,132,65,60,0,507
2456,3,60,0,0,12,0,4,13,141,65,60,0,525
2456,4,60,0,0,4,1,1,8,110,66,60,0,517
2456,5,60,0,0,8,0,1,10,141,57,60,0,533
2456,6,60,0,0,16,3,4,16,171,60,60,0,590
2456,7,60,0,0,16,0,4,16,180,60,60,0,608
2457,0,60,0,0,0,2,2,7,77,77,60,0,497
2457,1,60,0,0,4,0,2,8,98,58,60,0,458
2457,2,60,0,0,12,3,5,14,137,65,60,0,549
2457,3,60,0,0,12,0,5,14,141,65,60,0,557
2457,4,60,0,0,12,3,5,14,137,65,60,0,549
2457,5,60,0,0,12,0,5,14,141,65,60,0,557
2457,6,60,0,0,20,3,8,20,180,68,60,0,632
2457,7,60,0,0,20,0,8,20,180,68,60,0,632
2458,0,60,0,0,0,4,3,9,84,84,60,0,534
2458,1,60,0,0,4,2,3,10,110,70,60,0,525
2458,2,60,0,0,12,3,5,14,132,65,60,0,539
2458,3,60,0,0,12,0,5,14,141,65,60,0,557
2458,4,60,0,0,20,9,8,20,158,68,60,0,588
2458,5,60,0,0,20,6,8,20,171,68,60,0,614
2458,6,60,0,0,20,3,8,20,171,68,60,0,614
2458,7,60,0,0,20,0,8,20,180,68,60,0,632
2459,0,60,0,0,0,1,1,5,64,64,60,0,424
2459,1,60,0,0,4,0,1,7,98,58,60,0,458
2459,2,60,0,0,12,3,4,13,132,65,60,0,539
2459,3,60,0,0,12,0,4,13,141,65,60,0,557
2459,4,60,0,0,4,1,1,8,110,70,60,0,525
2459,5,60,0,0,8,0,1,10,141,61,60,0,541
2459,6,60,0,0,16,3,4,16,171,64,60,0,598
2459,7,60,0,0,16,0,4,16,180,64,60,0,616
2460,0,60,0,0,0,1,3,7,64,64,60,0,398
2460,1,60,0,0,4,0,3,9,98,58,60,0,430
2460,2,60,0,0,12,3,6,15,132,65,60,0,507
2460,3,60,0,0,12,0,6,15,141,65,60,0,525
2460,4,60,0,0,12,1,9,16,110,66,60,0,517
2460,5,60,0,0,16,0,9,18,141,57,60,0,533
2460,6,60,0,0,24,3,12,24,171,60,60,0,590
2460,7,60,0,0,24,0,12,24,180,60,60,0,608
2461,0,60,0,0,0,4,13,18,77,77,60,0,497
2461,1,60,0,0,3,4,14,20,98,58,60,0,458
2461,2,60,0,0,9,8,17,26,137,65,60,0,549
2461,3,60,0,0,9,6,17,26,141,65,60,0,557
2462,0,60,0,0,0,5,13,19,84,84,60,0,534
2462,1,60,0,0,3,5,14,21,110,70,60,0,525
2462,2,60,0,0,10,8,18,27,132,65,60,0,539
2462,3,60,0,0,10,6,18,27,141,65,60,0,557
2463,0,60,0,0,0,1,3,7,64,64,60,0,424
2463,1,60,0,0,4,0,3,9,98,58,60,0,458
2463,2,60,0,0,12,3,6,15,132,65,60,0,539
2463,3,60,0,0,12,0,6,15,141,65,60,0,557
2463,4,60,0,0,12,1,9,16,110,70,60,0,525
2463,5,60,0,0,16,0,9,18,141,61,60,0,541
2463,6,60,0,0,24,3,12,24,171,64,60,0,598
2463,7,60,0,0,24,0,12,24,180,64,60,0,616
2464,0,60,0,0,0,2,0,18,51,51,60,0,306
2464,1,60,0,0,3,4,0,22,98,58,60,0,407
2464,2,60,0,0,3,4,0,22,98,58,60,0,407
2464,3,60,0,0,6,6,0,26,141,61,60,0,484
2465,0,60,0,0,0,2,0,18,64,64,60,0,381
2465,1,60,0,0,3,4,0,22,98,58,60,0,409
2465,2,60,0,0,3,4,0,22,110,70,60,0,476
2465,3,60,0,0,6,6,0,26,141,61,60,0,486
2466,0,60,0,0,0,2,0,18,64,64,60,0,381
2466,1,60,0,0,3,4,0,22,110,70,60,0,476
2466,2,60,0,0,3,4,0,22,98,58,60,0,409
2466,3,60,0,0,6,6,0,26,141,61,60,0,486
2467,0,60,0,0,0,2,0,18,51,51,60,0,308
2467,1,60,0,0,3,4,0,22,98,58,60,0,409
2467,2,60,0,0,3,4,0,22,98,58,60,0,409
2467,3,60,0,0,6,6,0,26,141,61,60,0,486
2468,0,60,0,0,0,2,0,18,51,51,60,0,306
2468,1,60,0,0,3,4,0,22,98,58,60,0,407
2468,2,60,0,0,3,4,0,22,98,58,60,0,407
2468,3,60,0,0,6,6,0,26,141,61,60,0,484
2469,0,60,0,0,0,2,1,19,64,64,60,0,381
2469,1,60,0,0,3,4,1,23,98,58,60,0,409
2469,2,60,0,0,3,4,1,23,110,70,60,0,476
2469,3,60,0,0,6,6,1,27,141,61,60,0,486
2470,0,60,0,0,0,2,1,19,64,64,60,0,381
2470,1,60,0,0,3,4,1,23,110,70,60,0,476
2470,2,60,0,0,3,4,1,23,98,58,60,0,409
2470,3,60,0,0,6,6,1,27,141,61,60,0,486
2471,0,60,0,0,0,2,0,18,51,51,60,0,308
2471,1,60,0,0,3,4,0,22,98,58,60,0,409
2471,2,60,0,0,3,4,0,22,98,58,60,0,409
2471,3,60,0,0,6,6,0,26,141,61,60,0,486
2472,0,60,0,0,0,0,0,3,51,51,60,0,327
2472,1,60,0,0,4,0,0,6,98,58,60,0,430
2472,2,60,0,0,4,0,0,6,98,58,60,0,430
2472,3,60,0,0,8,0,0,9,141,61,60,0,509
2472,4,60,0,0,4,0,0,6,98,54,60,0,450
2472,5,60,0,0,8,0,0,9,141,57,60,0,533
2472,6,60,0,0,8,0,0,9,141,57,60,0,533
2472,7,60,0,0,12,0,0,12,180,56,60,0,592
2473,0,60,0,0,0,1,1,5,64,64,60,0,424
2473,1,60,0,0,4,0,1,7,98,58,60,0,458
2473,2,60,0,0,4,1,1,8,110,70,60,0,525
2473,3,60,0,0,8,0,1,10,141,61,60,0,541
2473,4,60,0,0,12,3,4,13,132,65,60,0,539
2473,5,60,0,0,12,0,4,13,141,65,60,0,557
2473,6,60,0,0,16,3,4,16,171,64,60,0,598
2473,7,60,0,0,16,0,4,16,180,64,60,0,616
2474,0,60,0,0,0,1,1,5,64,64,60,0,424
2474,1,60,0,0,4,1,1,8,110,70,60,0,525
2474,2,60,0,0,4,0,1,7,98,58,60,0,458
2474,3,60,0,0,8,0,1,10,141,61,60,0,541
2474,4,60,0,0,12,3,4,13,132,65,60,0,539
2474,5,60,0,0,16,3,4,16,171,64,60,0,598
2474,6,60,0,0,12,0,4,13,141,65,60,0,557
2474,7,60,0,0,16,0,4,16,180,64,60,0,616
2475,0,60,0,0,0,0,0,3,51,51,60,0,351
2475,1,60,0,0,4,0,0,6,98,58,60,0,458
2475,2,60,0,0,4,0,0,6,98,58,60,0,458
2475,3,60,0,0,8,0,0,9,141,61,60,0,541
2475,4,60,0,0,4,0,0,6,98,58,60,0,458
2475,5,60,0,0,8,0,0,9,141,61,60,0,541
2475,6,60,0,0,8,0,0,9,141,61,60,0,541
2475,7,60,0,0,12,0,0,12,180,60,60,0,600
2476,0,60,0,0,0,0,2,5,51,51,60,0,327
2476,1,60,0,0,4,0,2,8,98,58,60,0,430
2476,2,60,0,0,4,0,2,8,98,58,60,0,430
2476,3,60,0,0,8,0,2,11,141,61,60,0,509
2476,4,60,0,0,12,0,8,14,98,54,60,0,450
2476,5,60,0,0,16,0,8,17,141,57,60,0,533
2476,6,60,0,0,16,0,8,17,141,57,60,0,533
2476,7,60,0,0,20,0,8,20,180,56,60,0,592
2477,0,60,0,0,0,2,11,15,64,64,60,0,424
2477,1,60,0,0,3,4,13,19,98,58,60,0,458
2477,2,60,0,0,3,4,12,19,110,70,60,0,525
2477,3,60,0,0,6,6,14,23,141,61,60,0,541
2478,0,60,0,0,0,2,11,15,64,64,60,0,424
2478,1,60,0,0,3,4,12,19,110,70,60,0,525
2478,2,60,0,0,3,4,13,19,98,58,60,0,458
2478,3,60,0,0,6,6,14,23,141,61,60,0,541
2479,0,60,0,0,0,0,2,5,51,51,60,0,351
2479,1,60,0,0,4,0,2,8,98,58,60,0,458
2479,2,60,0,0,4,0,2,8,98,58,60,0,458
2479,3,60,0,0,8,0,2,11,141,61,60,0,541
2479,4,60,0,0,12,0,8,14,98,58,60,0,458
2479,5,60,0,0,16,0,8,17,141,61,60,0,541
2479,6,60,0,0,16,0,8,17,141,61,60,0,541
2479,7,60,0,0,20,0,8,20,180,60,60,0,600
2480,0,60,0,0,0,11,0,28,64,64,60,0,349
2480,1,60,0,0,2,12,0,31,110,70,60,0,444
2481,0,60,0,0,0,11,0,28,84,84,60,0,463
2481,1,60,0,0,2,12,0,31,110,70,60,0,448
2482,0,60,0,0,0,11,0,28,77,77,60,0,426
2482,1,60,0,0,2,12,0,31,122,82,60,0,515
2483,0,60,0,0,0,11,0,28,64,64,60,0,353
2483,1,60,0,0,2,12,0,31,110,70,60,0,448
2484,0,60,0,0,0,12,0,28,64,64,60,0,349
2484,1,60,0,0,2,13,0,31,110,70,60,0,444
2485,0,60,0,0,0,13,2,30,84,84,60,0,463
2485,1,60,0,0,2,14,2,33,110,70,60,0,448
2486,0,60,0,0,0,13,2,30,77,77,60,0,426
2486,1,60,0,0,2,14,2,33,122,82,60,0,515
2487,0,60,0,0,0,12,0,28,64,64,60,0,353
2487,1,60,0,0,2,13,0,31,110,70,60,0,448
2488,0,60,0,0,0,1,1,5,64,64,60,0,386
2488,1,60,0,0,4,1,1,8,110,70,60,0,483
2488,2,60,0,0,12,3,4,13,132,61,60,0,531
2488,3,60,0,0,16,3,4,16,171,60,60,0,590
2488,4,60,0,0,4,0,1,7,98,54,60,0,450
2488,5,60,0,0,8,0,1,10,141,57,60,0,533
2488,6,60,0,0,12,0,4,13,141,61,60,0,549
2488,7,60,0,0,16,0,4,16,180,60,60,0,608
2489,0,60,0,0,0,4,3,9,84,84,60,0,534
2489,1,60,0,0,4,2,3,10,110,70,60,0,525
2489,2,60,0,0,20,9,8,20,158,68,60,0,588
2489,3,60,0,0,20,6,8,20,171,68,60,0,614
2489,4,60,0,0,12,3,5,14,132,65,60,0,539
2489,5,60,0,0,12,0,5,14,141,65,60,0,557
2489,6,60,0,0,20,3,8,20,171,68,60,0,614
2489,7,60,0,0,20,0,8,20,180,68,60,0,632
2490,0,60,0,0,0,4,4,9,77,77,60,0,497
2490,1,60,0,0,4,4,4,12,122,82,60,0,592
2490,2,60,0,0,16,6,8,17,132,69,60,0,555
2490,3,60,0,0,20,6,8,20,171,68,60,0,614
2490,4,60,0,0,16,6,8,17,132,69,60,0,555
2490,5,60,0,0,20,6,8,20,171,68,60,0,614
2490,6,60,0,0,16,0,8,17,141,69,60,0,573
2490,7,60,0,0,20,0,8,20,180,68,60,0,632
2491,0,60,0,0,0,1,1,5,64,64,60,0,424
2491,1,60,0,0,4,1,1,8,110,70,60,0,525
2491,2,60,0,0,12,3,4,13,132,65,60,0,539
2491,3,60,0,0,16,3,4,16,171,64,60,0,598
2491,4,60,0,0,4,0,1,7,98,58,60,0,458
2491,5,60,0,0,8,0,1,10,141,61,60,0,541
2491,6,60,0,0,12,0,4,13,141,65,60,0,557
2491,7,60,0,0,16,0,4,16,180,64,60,0,616
2492,0,60,0,0,0,3,4,8,64,64,60,0,386
2492,1,60,0,0,4,3,4,11,110,70,60,0,483
2492,2,60,0,0,16,9,8,17,132,61,60,0,531
2492,3,60,0,0,20,9,8,20,171,60,60,0,590
2492,4,60,0,0,12,0,8,14,98,54,60,0,450
2492,5,60,0,0,16,0,8,17,141,57,60,0,533
2492,6,60,0,0,16,0,8,17,141,61,60,0,549
2492,7,60,0,0,20,0,8,20,180,60,60,0,608
2493,0,60,0,0,0,9,16,22,84,84,60,0,534
2493,1,60,0,0,2,10,18,25,110,70,60,0,525
2494,0,60,0,0,0,9,17,22,77,77,60,0,497
2494,1,60,0,0,2,10,17,25,122,82,60,0,592
2495,0,60,0,0,0,3,4,8,64,64,60,0,424
2495,1,60,0,0,4,3,4,11,110,70,60,0,525
2495,2,60,0,0,16,9,8,17,132,65,60,0,539
2495,3,60,0,0,20,9,8,20,171,64,60,0,598
2495,4,60,0,0,12,0,8,14,98,58,60,0,458
2495,5,60,0,0,16,0,8,17,141,61,60,0,541
2495,6,60,0,0,16,0,8,17,141,65,60,0,557
2495,7,60,0,0,20,0,8,20,180,64,60,0,616
2496,0,60,0,0,0,1,1,19,51,51,60,0,282
2496,1,60,0,0,3,3,1,23,98,58,60,0,379
2496,2,60,0,0,6,1,3,25,98,54,60,0,399
2496,3,60,0,0,9,3,3,29,141,57,60,0,476
2497,0,60,0,0,0,1,1,19,64,64,60,0,355
2497,1,60,0,0,3,3,1,23,98,58,60,0,381
2497,2,60,0,0,6,1,3,25,110,66,60,0,468
2497,3,60,0,0,9,3,3,29,141,57,60,0,478
2498,0,60,0,0,0,1,1,19,64,64,60,0,343
2498,1,60,0,0,3,3,1,23,110,70,60,0,434
2498,2,60,0,0,6,1,3,25,98,54,60,0,401
2498,3,60,0,0,9,3,3,29,141,57,60,0,478
2499,0,60,0,0,0,1,1,19,51,51,60,0,284
2499,1,60,0,0,3,3,1,23,98,58,60,0,381
2499,2,60,0,0,6,1,3,25,98,54,60,0,401
2499,3,60,0,0,9,3,3,29,141,57,60,0,478
2500,0,60,0,0,0,2,1,19,51,51,60,0,282
2500,1,60,0,0,3,4,1,23,98,58,60,0,379
2500,2,60,0,0,6,4,3,25,98,54,60,0,399
2500,3,60,0,0,9,6,3,29,141,57,60,0,476
2501,0,60,0,0,0,2,2,20,64,64,60,0,355
2501,1,60,0,0,3,4,2,24,98,58,60,0,381
2501,2,60,0,0,6,4,4,26,110,66,60,0,468
2501,3,60,0,0,9,6,4,30,141,57,60,0,478
2502,0,60,0,0,0,2,1,19,64,64,60,0,343
2502,1,60,0,0,3,4,1,23,110,70,60,0,434
2502,2,60,0,0,6,4,3,25,98,54,60,0,401
2502,3,60,0,0,9,6,3,29,141,57,60,0,478
2503,0,60,0,0,0,2,1,19,51,51,60,0,284
2503,1,60,0,0,3,4,1,23,98,58,60,0,381
2503,2,60,0,0,6,4,3,25,98,54,60,0,401
2503,3,60,0,0,9,6,3,29,141,57,60,0,478
2504,0,60,0,0,0,0,2,5,51,51,60,0,303
2504,1,60,0,0,4,0,2,8,98,58,60,0,402
2504,2,60,0,0,12,0,8,14,98,54,60,0,422
2504,3,60,0,0,16,0,8,17,141,57,60,0,501
2504,4,60,0,0,4,0,2,8,98,54,60,0,422
2504,5,60,0,0,8,0,2,11,141,57,60,0,501
2504,6,60,0,0,16,0,8,17,141,53,60,0,525
2504,7,60,0,0,20,0,8,20,180,52,60,0,584
2505,0,60,0,0,0,1,3,7,64,64,60,0,398
2505,1,60,0,0,4,0,3,9,98,58,60,0,430
2505,2,60,0,0,12,1,9,16,110,66,60,0,517
2505,3,60,0,0,16,0,9,18,141,57,60,0,533
2505,4,60,0,0,12,3,6,15,132,65,60,0,507
2505,5,60,0,0,12,0,6,15,141,65,60,0,525
2505,6,60,0,0,24,3,12,24,171,60,60,0,590
2505,7,60,0,0,24,0,12,24,180,60,60,0,608
2506,0,60,0,0,0,3,4,8,64,64,60,0,386
2506,1,60,0,0,4,3,4,11,110,70,60,0,483
2506,2,60,0,0,12,0,8,14,98,54,60,0,450
2506,3,60,0,0,16,0,8,17,141,57,60,0,533
2506,4,60,0,0,16,9,8,17,132,61,60,0,531
2506,5,60,0,0,20,9,8,20,171,60,60,0,590
2506,6,60,0,0,16,0,8,17,141,61,60,0,549
2506,7,60,0,0,20,0,8,20,180,60,60,0,608
2507,0,60,0,0,0,0,2,5,51,51,60,0,327
2507,1,60,0,0,4,0,2,8,98,58,60,0,430
2507,2,60,0,0,12,0,8,14,98,54,60,0,450
2507,3,60,0,0,16,0,8,17,141,57,60,0,533
2507,4,60,0,0,4,0,2,8,98,58,60,0,430
2507,5,60,0,0,8,0,2,11,141,61,60,0,509
2507,6,60,0,0,16,0,8,17,141,57,60,0,533
2507,7,60,0,0,20,0,8,20,180,56,60,0,592
2508,0,60,0,0,0,0,2,5,51,51,60,0,303
2508,1,60,0,0,4,0,2,8,98,58,60,0,402
2508,2,60,0,0,8,0,5,11,98,54,60,0,422
2508,3,60,0,0,12,0,5,14,141,57,60,0,501
2508,4,60,0,0,8,0,5,11,98,54,60,0,422
2508,5,60,0,0,12,0,5,14,141,57,60,0,501
2508,6,60,0,0,16,0,8,17,141,53,60,0,525
2508,7,60,0,0,20,0,8,20,180,52,60,0,584
2509,0,60,0,0,0,2,11,15,64,64,60,0,398
2509,1,60,0,0,3,4,13,19,98,58,60,0,430
2509,2,60,0,0,6,4,14,21,110,66,60,0,517
2509,3,60,0,0,9,6,16,25,141,57,60,0,533
2510,0,60,0,0,0,2,4,8,64,64,60,0,386
2510,1,60,0,0,4,2,4,11,110,70,60,0,483
2510,2,60,0,0,8,0,6,12,98,54,60,0,450
2510,3,60,0,0,12,0,6,15,141,57,60,0,533
2510,4,60,0,4,20,6,12,21,132,61,60,0,531
2510,5,60,0,4,24,6,12,24,171,60,60,0,590
2510,6,60,0,4,20,0,12,21,141,61,60,0,549
2510,7,60,0,4,24,0,12,24,180,60,60,0,608
2511,0,60,0,0,0,0,2,5,51,51,60,0,327
2511,1,60,0,0,4,0,2,8,98,58,60,0,430
2511,2,60,0,0,8,0,5,11,98,54,60,0,450
2511,3,60,0,0,12,0,5,14,141,57,60,0,533
2511,4,60,0,0,8,0,5,11,98,58,60,0,430
2511,5,60,0,0,12,0,5,14,141,61,60,0,509
2511,6,60,0,0,16,0,8,17,141,57,60,0,533
2511,7,60,0,0,20,0,8,20,180,56,60,0,592
2512,0,60,0,0,0,2,8,28,64,64,60,0,376
2512,1,60,0,0,2,4,9,31,98,58,60,0,407
2513,0,60,0,0,0,2,8,28,77,77,60,0,451
2513,1,60,0,0,2,4,9,31,98,58,60,0,409
2514,0,60,0,0,0,3,9,29,84,84,60,0,488
2514,1,60,0,0,2,5,10,32,110,70,60,0,476
2515,0,60,0,0,0,2,8,28,64,64,60,0,378
2515,1,60,0,0,2,4,9,31,98,58,60,0,409
2516,0,60,0,0,0,3,8,28,64,64,60,0,376
2516,1,60,0,0,2,5,9,31,98,58,60,0,407
2517,0,60,0,0,0,3,9,29,77,77,60,0,451
2517,1,60,0,0,2,5,10,32,98,58,60,0,409
2518,0,60,0,0,0,4,9,29,84,84,60,0,488
2518,1,60,0,0,2,6,10,32,110,70,60,0,476
2519,0,60,0,0,0,3,8,28,64,64,60,0,378
2519,1,60,0,0,2,5,9,31,98,58,60,0,409
2520,0,60,0,0,0,2,11,15,64,64,60,0,398
2520,1,60,0,0,3,4,13,19,98,58,60,0,430
2520,4,60,0,0,3,4,12,19,110,66,60,0,517
2520,5,60,0,0,6,6,14,23,141,57,60,0,533
2521,0,60,0,0,0,4,13,18,77,77,60,0,497
2521,1,60,0,0,3,4,14,20,98,58,60,0,458
2521,4,60,0,0,9,8,17,26,137,65,60,0,549
2521,5,60,0,0,9,6,17,26,141,65,60,0,557
2522,0,60,0,0,0,9,16,22,84,84,60,0,534
2522,1,60,0,0,2,10,18,25,110,70,60,0,525
2523,0,60,0,0,0,2,11,15,64,64,60,0,424
2523,1,60,0,0,3,4,13,19,98,58,60,0,458
2523,4,60,0,0,3,4,12,19,110,70,60,0,525
2523,5,60,0,0,6,6,14,23,141,61,60,0,541
2524,0,60,0,0,0,2,11,15,64,64,60,0,398
2524,1,60,0,0,3,4,13,19,98,58,60,0,430
2524,4,60,0,0,6,4,14,21,110,66,60,0,517
2524,5,60,0,0,9,6,16,25,141,57,60,0,533
2525,0,60,0,0,0,4,20,25,77,77,60,0,497
2525,1,60,0,0,2,6,22,28,98,58,60,0,458
2526,0,60,0,0,0,8,16,22,84,84,60,0,534
2526,1,60,0,0,2,9,18,25,110,70,60,0,525
2527,0,60,0,0,0,2,11,15,64,64,60,0,424
2527,1,60,0,0,3,4,13,19,98,58,60,0,458
2527,4,60,0,0,6,4,14,21,110,70,60,0,525
2527,5,60,0,0,9,6,16,25,141,61,60,0,541
2528,0,60,0,0,0,1,1,19,51,51,60,0,306
2528,1,60,0,0,3,3,1,23,98,58,60,0,407
2528,2,60,0,0,6,1,3,25,98,58,60,0,407
2528,3,60,0,0,9,3,3,29,141,61,60,0,484
2529,0,60,0,0,0,1,1,19,64,64,60,0,381
2529,1,60,0,0,3,3,1,23,98,58,60,0,409
2529,2,60,0,0,6,1,3,25,110,70,60,0,476
2529,3,60,0,0,9,3,3,29,141,61,60,0,486
2530,0,60,0,0,0,1,1,19,64,64,60,0,381
2530,1,60,0,0,3,3,1,23,110,70,60,0,476
2530,2,60,0,0,6,1,3,25,98,58,60,0,409
2530,3,60,0,0,9,3,3,29,141,61,60,0,486
2531,0,60,0,0,0,1,1,19,51,51,60,0,308
2531,1,60,0,0,3,3,1,23,98,58,60,0,409
2531,2,60,0,0,6,1,3,25,98,58,60,0,409
2531,3,60,0,0,9,3,3,29,141,61,60,0,486
2532,0,60,0,0,0,2,1,19,51,51,60,0,306
2532,1,60,0,0,3,4,1,23,98,58,60,0,407
2532,2,60,0,0,6,4,3,25,98,58,60,0,407
2532,3,60,0,0,9,6,3,29,141,61,60,0,484
2533,0,60,0,0,0,2,2,20,64,64,60,0,381
2533,1,60,0,0,3,4,2,24,98,58,60,0,409
2533,2,60,0,0,6,4,4,26,110,70,60,0,476
2533,3,60,0,0,9,6,4,30,141,61,60,0,486
2534,0,60,0,0,0,2,1,19,64,64,60,0,381
2534,1,60,0,0,3,4,1,23,110,70,60,0,476
2534,2,60,0,0,6,4,3,25,98,58,60,0,409
2534,3,60,0,0,9,6,3,29,141,61,60,0,486
2535,0,60,0,0,0,2,1,19,51,51,60,0,308
2535,1,60,0,0,3,4,1,23,98,58,60,0,409
2535,2,60,0,0,6,4,3,25,98,58,60,0,409
2535,3,60,0,0,9,6,3,29,141,61,60,0,486
2536,0,60,0,0,0,0,2,5,51,51,60,0,327
2536,1,60,0,0,4,0,2,8,98,58,60,0,430
2536,2,60,0,0,12,0,8,14,98,58,60,0,430
2536,3,60,0,0,16,0,8,17,141,61,60,0,509
2536,4,60,0,0,4,0,2,8,98,54,60,0,450
2536,5,60,0,0,8,0,2,11,141,57,60,0,533
2536,6,60,0,0,16,0,8,17,141,57,60,0,533
2536,7,60,0,0,20,0,8,20,180,56,60,0,592
2537,0,60,0,0,0,1,3,7,64,64,60,0,424
2537,1,60,0,0,4,0,3,9,98,58,60,0,458
2537,2,60,0,0,12,1,9,16,110,70,60,0,525
2537,3,60,0,0,16,0,9,18,141,61,60,0,541
2537,4,60,0,0,12,3,6,15,132,65,60,0,539
2537,5,60,0,0,12,0,6,15,141,65,60,0,557
2537,6,60,0,0,24,3,12,24,171,64,60,0,598
2537,7,60,0,0,24,0,12,24,180,64,60,0,616
2538,0,60,0,0,0,3,4,8,64,64,60,0,424
2538,1,60,0,0,4,3,4,11,110,70,60,0,525
2538,2,60,0,0,12,0,8,14,98,58,60,0,458
2538,3,60,0,0,16,0,8,17,141,61,60,0,541
2538,4,60,0,0,16,9,8,17,132,65,60,0,539
2538,5,60,0,0,20,9,8,20,171,64,60,0,598
2538,6,60,0,0,16,0,8,17,141,65,60,0,557
2538,7,60,0,0,20,0,8,20,180,64,60,0,616
2539,0,60,0,0,0,0,2,5,51,51,60,0,351
2539,1,60,0,0,4,0,2,8,98,58,60,0,458
2539,2,60,0,0,12,0,8,14,98,58,60,0,458
2539,3,60,0,0,16,0,8,17,141,61,60,0,541
2539,4,60,0,0,4,0,2,8,98,58,60,0,458
2539,5,60,0,0,8,0,2,11,141,61,60,0,541
2539,6,60,0,0,16,0,8,17,141,61,60,0,541
2539,7,60,0,0,20,0,8,20,180,60,60,0,600
2540,0,60,0,0,0,0,2,5,51,51,60,0,327
2540,1,60,0,0,4,0,2,8,98,58,60,0,430
2540,2,60,0,0,8,0,5,11,98,58,60,0,430
2540,3,60,0,0,12,0,5,14,141,61,60,0,509
2540,4,60,0,0,8,0,5,11,98,54,60,0,450
2540,5,60,0,0,12,0,5,14,141,57,60,0,533
2540,6,60,0,0,16,0,8,17,141,57,60,0,533
2540,7,60,0,0,20,0,8,20,180,56,60,0,592
2541,0,60,0,0,0,2,11,15,64,64,60,0,424
2541,1,60,0,0,3,4,13,19,98,58,60,0,458
2541,2,60,0,0,6,4,14,21,110,70,60,0,525
2541,3,60,0,0,9,6,16,25,141,61,60,0,541
2542,0,60,0,0,0,2,4,8,64,64,60,0,424
2542,1,60,0,0,4,2,4,11,110,70,60,0,525
2542,2,60,0,0,8,0,6,12,98,58,60,0,458
2542,3,60,0,0,12,0,6,15,141,61,60,0,541
2542,4,60,0,4,20,6,12,21,132,65,60,0,539
2542,5,60,0,4,24,6,12,24,171,64,60,0,598
2542,6,60,0,4,20,0,12,21,141,65,60,0,557
2542,7,60,0,4,24,0,12,24,180,64,60,0,616
2543,0,60,0,0,0,0,2,5,51,51,60,0,351
2543,1,60,0,0,4,0,2,8,98,58,60,0,458
2543,2,60,0,0,8,0,5,11,98,58,60,0,458
2543,3,60,0,0,12,0,5,14,141,61,60,0,541
2543,4,60,0,0,8,0,5,11,98,58,60,0,458
2543,5,60,0,0,12,0,5,14,141,61,60,0,541
2543,6,60,0,0,16,0,8,17,141,61,60,0,541
2543,7,60,0,0,20,0,8,20,180,60,60,0,600
2544,0,60,0,0,0,4,2,30,64,64,60,0,349
2544,1,60,0,0,2,6,2,33,110,70,60,0,444
2545,0,60,0,0,0,4,2,30,84,84,60,0,463
2545,1,60,0,0,2,6,2,33,110,70,60,0,448
2546,0,60,0,0,0,5,3,31,77,77,60,0,426
2546,1,60,0,0,2,7,3,34,122,82,60,0,515
2547,0,60,0,0,0,4,2,30,64,64,60,0,353
2547,1,60,0,0,2,6,2,33,110,70,60,0,448
2548,0,60,0,0,0,11,1,29,64,64,60,0,349
2548,1,60,0,0,2,12,1,32,110,70,60,0,444
2549,0,60,0,0,0,12,3,31,84,84,60,0,463
2549,1,60,0,0,2,13,3,34,110,70,60,0,448
2550,0,60,0,0,0,11,1,29,77,77,60,0,426
2550,1,60,0,0,2,12,1,32,122,82,60,0,515
2551,0,60,0,0,0,11,1,29,64,64,60,0,353
2551,1,60,0,0,2,12,1,32,110,70,60,0,448
2552,0,60,0,0,0,2,11,15,64,64,60,0,386
2552,1,60,0,0,3,4,12,19,110,70,60,0,483
2552,4,60,0,0,3,4,13,19,98,54,60,0,450
2552,5,60,0,0,6,6,14,23,141,57,60,0,533
2553,0,60,0,0,0,5,13,19,84,84,60,0,534
2553,1,60,0,0,3,5,14,21,110,70,60,0,525
2553,4,60,0,0,10,8,18,27,132,65,60,0,539
2553,5,60,0,0,10,6,18,27,141,65,60,0,557
2554,0,60,0,0,0,9,17,22,77,77,60,0,497
2554,1,60,0,0,2,10,17,25,122,82,60,0,592
2555,0,60,0,0,0,2,11,15,64,64,60,0,424
2555,1,60,0,0,3,4,12,19,110,70,60,0,525
2555,4,60,0,0,3,4,13,19,98,58,60,0,458
2555,5,60,0,0,6,6,14,23,141,61,60,0,541
2556,0,60,0,0,0,2,4,8,64,64,60,0,386
2556,1,60,0,0,4,2,4,11,110,70,60,0,483
2556,2,60,0,4,20,6,12,21,132,61,60,0,531
2556,3,60,0,4,24,6,12,24,171,60,60,0,590
2556,4,60,0,0,8,0,6,12,98,54,60,0,450
2556,5,60,0,0,12,0,6,15,141,57,60,0,533
2556,6,60,0,4,20,0,12,21,141,61,60,0,549
2556,7,60,0,4,24,0,12,24,180,60,60,0,608
2557,0,60,0,0,0,8,16,22,84,84,60,0,534
2557,1,60,0,0,2,9,18,25,110,70,60,0,525
2558,0,60,0,0,0,6,8,13,77,77,60,0,497
2558,1,60,0,0,4,6,8,16,122,82,60,0,592
2558,2,60,0,8,24,9,16,25,132,69,60,0,555
2558,3,60,0,8,28,9,16,28,171,68,60,0,614
2558,4,60,0,8,24,9,16,25,132,69,60,0,555
2558,5,60,0,8,28,9,16,28,171,68,60,0,614
2558,6,60,0,8,24,0,16,25,141,69,60,0,573
2558,7,60,0,8,28,0,16,28,180,68,60,0,632
2559,0,60,0,0,0,2,4,8,64,64,60,0,424
2559,1,60,0,0,4,2,4,11,110,70,60,0,525
2559,2,60,0,4,20,6,12,21,132,65,60,0,539
2559,3,60,0,4,24,6,12,24,171,64,60,0,598
2559,4,60,0,0,8,0,6,12,98,58,60,0,458
2559,5,60,0,0,12,0,6,15,141,61,60,0,541
2559,6,60,0,4,20,0,12,21,141,65,60,0,557
2559,7,60,0,4,24,0,12,24,180,64,60,0,616
2560,0,60,0,0,0,10,0,40,64,64,60,0,301
2561,0,60,0,0,0,11,0,41,84,84,60,0,395
2562,0,60,0,0,0,11,0,41,77,77,60,0,346
2563,0,60,0,0,0,10,0,40,64,64,60,0,303
2564,0,60,0,0,0,10,0,40,64,64,60,0,301
2565,0,60,0,0,0,10,0,41,84,84,60,0,395
2566,0,60,0,0,0,10,0,41,77,77,60,0,346
2567,0,60,0,0,0,10,0,40,64,64,60,0,303
2568,0,60,0,0,0,11,0,28,64,64,60,0,323
2568,4,60,0,0,2,12,0,31,110,66,60,0,436
2569,0,60,0,0,0,16,0,34,84,84,60,0,441
2570,0,60,0,0,0,20,0,38,77,77,60,0,392
2571,0,60,0,0,0,11,0,28,64,64,60,0,349
2571,4,60,0,0,2,12,0,31,110,70,60,0,444
2572,0,60,0,0,0,9,0,28,64,64,60,0,323
2572,4,60,0,0,2,6,0,31,110,66,60,0,436
2573,0,60,0,0,0,12,5,39,84,84,60,0,441
2574,0,60,0,0,0,12,1,39,77,77,60,0,392
2575,0,60,0,0,0,9,0,28,64,64,60,0,349
2575,4,60,0,0,2,6,0,31,110,70,60,0,444
2576,0,60,0,0,0,10,0,40,77,77,60,0,375
2577,0,60,0,0,0,11,0,41,97,97,60,0,471
2578,0,60,0,0,0,11,0,41,97,97,60,0,459
2579,0,60,0,0,0,10,0,40,77,77,60,0,377
2580,0,60,0,0,0,10,0,40,77,77,60,0,375
2581,0,60,0,0,0,10,0,41,97,97,60,0,471
2582,0,60,0,0,0,10,0,41,97,97,60,0,459
2583,0,60,0,0,0,10,0,40,77,77,60,0,377
2584,0,60,0,0,0,11,0,28,77,77,60,0,398
2584,4,60,0,0,2,12,0,31,122,78,60,0,507
2585,0,60,0,0,0,16,0,34,97,97,60,0,520
2586,0,60,0,0,0,20,0,38,97,97,60,0,508
2587,0,60,0,0,0,11,0,28,77,77,60,0,426
2587,4,60,0,0,2,12,0,31,122,82,60,0,515
2588,0,60,0,0,0,9,0,28,77,77,60,0,398
2588,4,60,0,0,2,6,0,31,122,78,60,0,507
2589,0,60,0,0,0,12,5,39,97,97,60,0,520
2590,0,60,0,0,0,12,1,39,97,97,60,0,508
2591,0,60,0,0,0,9,0,28,77,77,60,0,426
2591,4,60,0,0,2,6,0,31,122,82,60,0,515
2592,0,60,0,0,0,10,0,40,64,64,60,0,305
2593,0,60,0,0,0,11,0,41,84,84,60,0,401
2594,0,60,0,0,0,11,0,41,77,77,60,0,352
2595,0,60,0,0,0,10,0,40,64,64,60,0,307
2596,0,60,0,0,0,10,0,40,64,64,60,0,305
2597,0,60,0,0,0,10,0,41,84,84,60,0,401
2598,0,60,0,0,0,10,0,41,77,77,60,0,352
2599,0,60,0,0,0,10,0,40,64,64,60,0,307
2600,0,60,0,0,0,11,0,28,64,64,60,0,327
2600,4,60,0,0,2,12,0,31,110,66,60,0,440
2601,0,60,0,0,0,16,0,34,84,84,60,0,447
2602,0,60,0,0,0,20,0,38,77,77,60,0,398
2603,0,60,0,0,0,11,0,28,64,64,60,0,353
2603,4,60,0,0,2,12,0,31,110,70,60,0,448
2604,0,60,0,0,0,9,0,28,64,64,60,0,327
2604,4,60,0,0,2,6,0,31,110,66,60,0,440
2605,0,60,0,0,0,12,5,39,84,84,60,0,447
2606,0,60,0,0,0,12,1,39,77,77,60,0,398
2607,0,60,0,0,0,9,0,28,64,64,60,0,353
2607,4,60,0,0,2,6,0,31,110,70,60,0,448
2608,0,60,0,0,0,12,0,42,84,84,60,0,370
2609,0,60,0,0,0,13,0,43,111,111,60,0,507
2610,0,60,0,0,0,13,0,43,97,97,60,0,421
2611,0,60,0,0,0,12,0,42,84,84,60,0,376
2612,0,60,0,0,0,12,0,42,84,84,60,0,370
2613,0,60,0,0,0,12,0,43,111,111,60,0,507
2614,0,60,0,0,0,12,0,43,97,97,60,0,421
2615,0,60,0,0,0,12,0,42,84,84,60,0,376
2616,0,60,0,0,0,11,0,28,84,84,60,0,419
2616,4,60,0,0,2,12,0,31,110,66,60,0,440
2617,0,60,0,0,0,16,0,34,111,111,60,0,594
2618,0,60,0,0,0,20,0,38,97,97,60,0,508
2619,0,60,0,0,0,11,0,28,84,84,60,0,463
2619,4,60,0,0,2,12,0,31,110,70,60,0,448
2620,0,60,0,0,0,9,0,28,84,84,60,0,419
2620,4,60,0,0,2,6,0,31,110,66,60,0,440
2621,0,60,0,0,0,14,7,41,111,111,60,0,594
2622,0,60,0,0,0,14,3,41,97,97,60,0,508
2623,0,60,0,0,0,9,0,28,84,84,60,0,463
2623,4,60,0,0,2,6,0,31,110,70,60,0,448
2624,0,60,0,0,0,11,0,40,64,64,60,0,301
2625,0,60,0,0,0,12,0,41,84,84,60,0,395
2626,0,60,0,0,0,12,0,41,77,77,60,0,346
2627,0,60,0,0,0,11,0,40,64,64,60,0,303
2628,0,60,0,0,0,11,0,40,64,64,60,0,301
2629,0,60,0,0,0,11,0,41,84,84,60,0,395
2630,0,60,0,0,0,12,0,41,77,77,60,0,346
2631,0,60,0,0,0,11,0,40,64,64,60,0,303
2632,0,60,0,0,0,12,0,28,64,64,60,0,323
2632,4,60,0,0,2,13,0,31,110,66,60,0,436
2633,0,60,0,0,0,17,0,34,84,84,60,0,441
2634,0,60,0,0,0,22,0,38,77,77,60,0,392
2635,0,60,0,0,0,12,0,28,64,64,60,0,349
2635,4,60,0,0,2,13,0,31,110,70,60,0,444
2636,0,60,0,0,0,11,0,28,64,64,60,0,323
2636,4,60,0,0,2,10,0,31,110,66,60,0,436
2637,0,60,0,0,0,14,5,39,84,84,60,0,441
2638,0,60,0,0,0,20,0,38,77,77,60,0,392
2639,0,60,0,0,0,11,0,28,64,64,60,0,349
2639,4,60,0,0,2,10,0,31,110,70,60,0,444
2640,0,60,0,0,0,12,2,42,77,77,60,0,375
2641,0,60,0,0,0,13,2,43,97,97,60,0,471
2642,0,60,0,0,0,13,2,43,97,97,60,0,459
2643,0,60,0,0,0,12,2,42,77,77,60,0,377
2644,0,60,0,0,0,12,2,42,77,77,60,0,375
2645,0,60,0,0,0,12,2,43,97,97,60,0,471
2646,0,60,0,0,0,13,2,43,97,97,60,0,459
2647,0,60,0,0,0,12,2,42,77,77,60,0,377
2648,0,60,0,0,0,13,2,30,77,77,60,0,398
2648,4,60,0,0,2,14,2,33,122,78,60,0,507
2649,0,60,0,0,0,19,3,37,97,97,60,0,520
2650,0,60,0,0,0,24,3,41,97,97,60,0,508
2651,0,60,0,0,0,13,2,30,77,77,60,0,426
2651,4,60,0,0,2,14,2,33,122,82,60,0,515
2652,0,60,0,0,0,12,2,30,77,77,60,0,398
2652,4,60,0,0,2,11,2,33,122,78,60,0,507
2653,0,60,0,0,0,15,7,41,97,97,60,0,520
2654,0,60,0,0,0,22,3,41,97,97,60,0,508
2655,0,60,0,0,0,12,2,30,77,77,60,0,426
2655,4,60,0,0,2,11,2,33,122,82,60,0,515
2656,0,60,0,0,0,11,0,40,64,64,60,0,305
2657,0,60,0,0,0,12,0,41,84,84,60,0,401
2658,0,60,0,0,0,12,0,41,77,77,60,0,352
2659,0,60,0,0,0,11,0,40,64,64,60,0,307
2660,0,60,0,0,0,11,0,40,64,64,60,0,305
2661,0,60,0,0,0,11,0,41,84,84,60,0,401
2662,0,60,0,0,0,12,0,41,77,77,60,0,352
2663,0,60,0,0,0,11,0,40,64,64,60,0,307
2664,0,60,0,0,0,12,0,28,64,64,60,0,327
2664,4,60,0,0,2,13,0,31,110,66,60,0,440
2665,0,60,0,0,0,17,0,34,84,84,60,0,447
2666,0,60,0,0,0,22,0,38,77,77,60,0,398
2667,0,60,0,0,0,12,0,28,64,64,60,0,353
2667,4,60,0,0,2,13,0,31,110,70,60,0,448
2668,0,60,0,0,0,11,0,28,64,64,60,0,327
2668,4,60,0,0,2,10,0,31,110,66,60,0,440
2669,0,60,0,0,0,14,5,39,84,84,60,0,447
2670,0,60,0,0,0,20,0,38,77,77,60,0,398
2671,0,60,0,0,0,11,0,28,64,64,60,0,353
2671,4,60,0,0,2,10,0,31,110,70,60,0,448
2672,0,60,0,0,0,12,0,42,84,84,60,0,370
2673,0,60,0,0,0,13,0,43,111,111,60,0,507
2674,0,60,0,0,0,13,0,43,97,97,60,0,421
2675,0,60,0,0,0,12,0,42,84,84,60,0,376
2676,0,60,0,0,0,13,0,42,84,84,60,0,370
2677,0,60,0,0,0,13,0,43,111,111,60,0,507
2678,0,60,0,0,0,14,0,43,97,97,60,0,421
2679,0,60,0,0,0,13,0,42,84,84,60,0,376
2680,0,60,0,0,0,13,2,30,84,84,60,0,419
2680,4,60,0,0,2,14,2,33,110,66,60,0,440
2681,0,60,0,0,0,19,3,37,111,111,60,0,594
2682,0,60,0,0,0,24,3,41,97,97,60,0,508
2683,0,60,0,0,0,13,2,30,84,84,60,0,463
2683,4,60,0,0,2,14,2,33,110,70,60,0,448
2684,0,60,0,0,0,11,0,28,84,84,60,0,419
2684,4,60,0,0,2,10,0,31,110,66,60,0,440
2685,0,60,0,0,0,16,7,41,111,111,60,0,594
2686,0,60,0,0,0,20,0,38,97,97,60,0,508
2687,0,60,0,0,0,11,0,28,84,84,60,0,463
2687,4,60,0,0,2,10,0,31,110,70,60,0,448
2688,0,60,0,0,0,4,1,21,64,64,60,0,338
2688,1,60,0,0,9,8,3,29,132,61,60,0,474
2688,2,60,0,0,3,4,1,23,98,54,60,0,399
2688,3,60,0,0,9,6,3,29,141,61,60,0,492
2689,0,60,0,0,0,4,1,21,84,84,60,0,444
2689,1,60,0,0,9,8,3,29,132,61,60,0,476
2689,2,60,0,0,3,4,1,23,110,66,60,0,468
2689,3,60,0,0,9,6,3,29,141,61,60,0,494
2690,0,60,0,0,0,4,1,21,77,77,60,0,399
2690,1,60,0,0,9,8,3,29,137,61,60,0,486
2690,2,60,0,0,3,4,1,23,98,54,60,0,401
2690,3,60,0,0,9,6,3,29,141,61,60,0,494
2691,0,60,0,0,0,4,1,21,64,64,60,0,340
2691,1,60,0,0,9,8,3,29,132,61,60,0,476
2691,2,60,0,0,3,4,1,23,98,54,60,0,401
2691,3,60,0,0,9,6,3,29,141,61,60,0,494
2692,0,60,0,0,0,4,1,21,64,64,60,0,338
2692,1,60,0,0,9,8,3,29,132,61,60,0,474
2692,2,60,0,0,3,4,1,23,98,54,60,0,399
2692,3,60,0,0,9,6,3,29,141,61,60,0,492
2693,0,60,0,0,0,4,2,22,84,84,60,0,444
2693,1,60,0,0,9,8,4,30,132,61,60,0,476
2693,2,60,0,0,3,4,2,24,110,66,60,0,468
2693,3,60,0,0,9,6,4,30,141,61,60,0,494
2694,0,60,0,0,0,4,2,22,77,77,60,0,399
2694,1,60,0,0,9,8,4,30,137,61,60,0,486
2694,2,60,0,0,3,4,2,24,98,54,60,0,401
2694,3,60,0,0,9,6,4,30,141,61,60,0,494
2695,0,60,0,0,0,4,1,21,64,64,60,0,340
2695,1,60,0,0,9,8,3,29,132,61,60,0,476
2695,2,60,0,0,3,4,1,23,98,54,60,0,401
2695,3,60,0,0,9,6,3,29,141,61,60,0,494
2696,0,60,0,0,0,1,1,5,64,64,60,0,360
2696,1,60,0,0,12,3,4,13,132,61,60,0,499
2696,2,60,0,0,4,0,1,7,98,54,60,0,422
2696,3,60,0,0,12,0,4,13,141,61,60,0,517
2696,4,60,0,0,4,1,1,8,110,66,60,0,475
2696,5,60,0,0,16,3,4,16,171,56,60,0,582
2696,6,60,0,0,8,0,1,10,141,53,60,0,525
2696,7,60,0,0,16,0,4,16,180,56,60,0,600
2697,0,60,0,0,0,4,3,9,84,84,60,0,490
2697,1,60,0,0,12,3,5,14,132,61,60,0,531
2697,2,60,0,0,4,2,3,10,110,66,60,0,517
2697,3,60,0,0,12,0,5,14,141,61,60,0,549
2697,4,60,0,0,20,9,8,20,158,64,60,0,580
2697,5,60,0,0,20,3,8,20,171,64,60,0,606
2697,6,60,0,0,20,6,8,20,171,64,60,0,606
2697,7,60,0,0,20,0,8,20,180,64,60,0,624
2698,0,60,0,0,0,2,2,7,77,77,60,0,445
2698,1,60,0,0,12,3,5,14,137,61,60,0,541
2698,2,60,0,0,4,0,2,8,98,54,60,0,450
2698,3,60,0,0,12,0,5,14,141,61,60,0,549
2698,4,60,0,0,12,3,5,14,137,61,60,0,541
2698,5,60,0,0,20,3,8,20,180,64,60,0,624
2698,6,60,0,0,12,0,5,14,141,61,60,0,549
2698,7,60,0,0,20,0,8,20,180,64,60,0,624
2699,0,60,0,0,0,1,1,5,64,64,60,0,386
2699,1,60,0,0,12,3,4,13,132,61,60,0,531
2699,2,60,0,0,4,0,1,7,98,54,60,0,450
2699,3,60,0,0,12,0,4,13,141,61,60,0,549
2699,4,60,0,0,4,1,1,8,110,70,60,0,483
2699,5,60,0,0,16,3,4,16,171,60,60,0,590
2699,6,60,0,0,8,0,1,10,141,57,60,0,533
2699,7,60,0,0,16,0,4,16,180,60,60,0,608
2700,0,60,0,0,0,1,3,7,64,64,60,0,360
2700,1,60,0,0,12,3,6,15,132,61,60,0,499
2700,2,60,0,0,4,0,3,9,98,54,60,0,422
2700,3,60,0,0,12,0,6,15,141,61,60,0,517
2700,4,60,0,0,12,1,9,16,110,66,60,0,475
2700,5,60,0,0,24,3,12,24,171,56,60,0,582
2700,6,60,0,0,16,0,9,18,141,53,60,0,525
2700,7,60,0,0,24,0,12,24,180,56,60,0,600
2701,0,60,0,0,0,5,13,19,84,84,60,0,490
2701,1,60,0,0,10,8,18,27,132,61,60,0,531
2701,2,60,0,0,3,5,14,21,110,66,60,0,517
2701,3,60,0,0,10,6,18,27,141,61,60,0,549
2702,0,60,0,0,0,4,13,18,77,77,60,0,445
2702,1,60,0,0,9,8,17,26,137,61,60,0,541
2702,2,60,0,0,3,4,14,20,98,54,60,0,450
2702,3,60,0,0,9,6,17,26,141,61,60,0,549
2703,0,60,0,0,0,1,3,7,64,64,60,0,386
2703,1,60,0,0,12,3,6,15,132,61,60,0,531
2703,2,60,0,0,4,0,3,9,98,54,60,0,450
2703,3,60,0,0,12,0,6,15,141,61,60,0,549
2703,4,60,0,0,12,1,9,16,110,70,60,0,483
2703,5,60,0,0,24,3,12,24,171,60,60,0,590
2703,6,60,0,0,16,0,9,18,141,57,60,0,533
2703,7,60,0,0,24,0,12,24,180,60,60,0,608
2704,0,60,0,0,0,8,4,26,77,77,60,0,446
2704,1,60,0,0,12,10,6,32,132,69,60,0,498
2704,2,60,0,0,12,10,6,32,132,69,60,0,498
2704,3,60,0,0,12,6,6,32,141,69,60,0,516
2705,0,60,0,0,0,8,4,26,97,97,60,0,558
2705,1,60,0,0,12,10,6,32,132,69,60,0,500
2705,2,60,0,0,12,10,6,32,137,69,60,0,510
2705,3,60,0,0,12,6,6,32,141,69,60,0,518
2706,0,60,0,0,0,8,4,26,97,97,60,0,558
2706,1,60,0,0,12,10,6,32,137,69,60,0,510
2706,2,60,0,0,12,10,6,32,132,69,60,0,500
2706,3,60,0,0,12,6,6,32,141,69,60,0,518
2707,0,60,0,0,0,8,4,26,77,77,60,0,448
2707,1,60,0,0,12,10,6,32,132,69,60,0,500
2707,2,60,0,0,12,10,6,32,132,69,60,0,500
2707,3,60,0,0,12,6,6,32,141,69,60,0,518
2708,0,60,0,0,0,8,4,26,77,77,60,0,446
2708,1,60,0,0,12,10,6,32,132,69,60,0,498
2708,2,60,0,0,12,10,6,32,132,69,60,0,498
2708,3,60,0,0,12,6,6,32,141,69,60,0,516
2709,0,60,0,0,0,8,5,27,97,97,60,0,558
2709,1,60,0,0,12,10,7,33,132,69,60,0,500
2709,2,60,0,0,12,10,7,33,137,69,60,0,510
2709,3,60,0,0,12,6,7,33,141,69,60,0,518
2710,0,60,0,0,0,8,5,27,97,97,60,0,558
2710,1,60,0,0,12,10,7,33,137,69,60,0,510
2710,2,60,0,0,12,10,7,33,132,69,60,0,500
2710,3,60,0,0,12,6,7,33,141,69,60,0,518
2711,0,60,0,0,0,8,4,26,77,77,60,0,448
2711,1,60,0,0,12,10,6,32,132,69,60,0,500
2711,2,60,0,0,12,10,6,32,132,69,60,0,500
2711,3,60,0,0,12,6,6,32,141,69,60,0,518
2712,0,60,0,0,0,4,4,9,77,77,60,0,469
2712,1,60,0,0,16,6,8,17,132,69,60,0,523
2712,2,60,0,0,16,6,8,17,132,69,60,0,523
2712,3,60,0,0,16,0,8,17,141,69,60,0,541
2712,4,60,0,0,4,4,4,12,122,78,60,0,584
2712,5,60,0,0,20,6,8,20,171,64,60,0,606
2712,6,60,0,0,20,6,8,20,171,64,60,0,606
2712,7,60,0,0,20,0,8,20,180,64,60,0,624
2713,0,60,0,0,0,8,7,14,97,97,60,0,607
2713,1,60,0,0,16,6,9,18,132,69,60,0,555
2713,2,60,0,0,16,6,9,18,137,69,60,0,565
2713,3,60,0,0,16,0,9,18,141,69,60,0,573
2713,4,60,0,0,24,12,12,24,163,72,60,0,614
2713,5,60,0,0,24,6,12,24,171,72,60,0,630
2713,6,60,0,0,24,6,12,24,180,72,60,0,648
2713,7,60,0,0,24,0,12,24,180,72,60,0,648
2714,0,60,0,0,0,8,7,14,97,97,60,0,607
2714,1,60,0,0,16,6,9,18,137,69,60,0,565
2714,2,60,0,0,16,6,9,18,132,69,60,0,555
2714,3,60,0,0,16,0,9,18,141,69,60,0,573
2714,4,60,0,0,24,12,12,24,163,72,60,0,614
2714,5,60,0,0,24,6,12,24,180,72,60,0,648
2714,6,60,0,0,24,6,12,24,171,72,60,0,630
2714,7,60,0,0,24,0,12,24,180,72,60,0,648
2715,0,60,0,0,0,4,4,9,77,77,60,0,497
2715,1,60,0,0,16,6,8,17,132,69,60,0,555
2715,2,60,0,0,16,6,8,17,132,69,60,0,555
2715,3,60,0,0,16,0,8,17,141,69,60,0,573
2715,4,60,0,0,4,4,4,12,122,82,60,0,592
2715,5,60,0,0,20,6,8,20,171,68,60,0,614
2715,6,60,0,0,20,6,8,20,171,68,60,0,614
2715,7,60,0,0,20,0,8,20,180,68,60,0,632
2716,0,60,0,0,0,4,6,11,77,77,60,0,469
2716,1,60,0,0,16,6,10,19,132,69,60,0,523
2716,2,60,0,0,16,6,10,19,132,69,60,0,523
2716,3,60,0,0,16,0,10,19,141,69,60,0,541
2716,4,60,0,0,12,4,12,20,122,78,60,0,584
2716,5,60,0,0,28,6,16,28,171,64,60,0,606
2716,6,60,0,0,28,6,16,28,171,64,60,0,606
2716,7,60,0,0,28,0,16,28,180,64,60,0,624
2717,0,60,0,0,0,9,17,24,97,97,60,0,607
2717,1,60,0,0,13,10,21,30,132,69,60,0,555
2717,2,60,0,0,13,11,21,30,137,69,60,0,565
2717,3,60,0,0,13,6,21,30,141,69,60,0,573
2718,0,60,0,0,0,9,17,24,97,97,60,0,607
2718,1,60,0,0,13,11,21,30,137,69,60,0,565
2718,2,60,0,0,13,10,21,30,132,69,60,0,555
2718,3,60,0,0,13,6,21,30,141,69,60,0,573
2719,0,60,0,0,0,4,6,11,77,77,60,0,497
2719,1,60,0,0,16,6,10,19,132,69,60,0,555
2719,2,60,0,0,16,6,10,19,132,69,60,0,555
2719,3,60,0,0,16,0,10,19,141,69,60,0,573
2719,4,60,0,0,12,4,12,20,122,82,60,0,592
2719,5,60,0,0,28,6,16,28,171,68,60,0,614
2719,6,60,0,0,28,6,16,28,171,68,60,0,614
2719,7,60,0,0,28,0,16,28,180,68,60,0,632
2720,0,60,0,0,0,4,1,21,64,64,60,0,376
2720,1,60,0,0,9,8,3,29,132,65,60,0,482
2720,2,60,0,0,3,4,1,23,98,58,60,0,407
2720,3,60,0,0,9,6,3,29,141,65,60,0,500
2721,0,60,0,0,0,4,1,21,84,84,60,0,488
2721,1,60,0,0,9,8,3,29,132,65,60,0,484
2721,2,60,0,0,3,4,1,23,110,70,60,0,476
2721,3,60,0,0,9,6,3,29,141,65,60,0,502
2722,0,60,0,0,0,4,1,21,77,77,60,0,451
2722,1,60,0,0,9,8,3,29,137,65,60,0,494
2722,2,60,0,0,3,4,1,23,98,58,60,0,409
2722,3,60,0,0,9,6,3,29,141,65,60,0,502
2723,0,60,0,0,0,4,1,21,64,64,60,0,378
2723,1,60,0,0,9,8,3,29,132,65,60,0,484
2723,2,60,0,0,3,4,1,23,98,58,60,0,409
2723,3,60,0,0,9,6,3,29,141,65,60,0,502
2724,0,60,0,0,0,4,1,21,64,64,60,0,376
2724,1,60,0,0,9,8,3,29,132,65,60,0,482
2724,2,60,0,0,3,4,1,23,98,58,60,0,407
2724,3,60,0,0,9,6,3,29,141,65,60,0,500
2725,0,60,0,0,0,4,2,22,84,84,60,0,488
2725,1,60,0,0,9,8,4,30,132,65,60,0,484
2725,2,60,0,0,3,4,2,24,110,70,60,0,476
2725,3,60,0,0,9,6,4,30,141,65,60,0,502
2726,0,60,0,0,0,4,2,22,77,77,60,0,451
2726,1,60,0,0,9,8,4,30,137,65,60,0,494
2726,2,60,0,0,3,4,2,24,98,58,60,0,409
2726,3,60,0,0,9,6,4,30,141,65,60,0,502
2727,0,60,0,0,0,4,1,21,64,64,60,0,378
2727,1,60,0,0,9,8,3,29,132,65,60,0,484
2727,2,60,0,0,3,4,1,23,98,58,60,0,409
2727,3,60,0,0,9,6,3,29,141,65,60,0,502
2728,0,60,0,0,0,1,1,5,64,64,60,0,398
2728,1,60,0,0,12,3,4,13,132,65,60,0,507
2728,2,60,0,0,4,0,1,7,98,58,60,0,430
2728,3,60,0,0,12,0,4,13,141,65,60,0,525
2728,4,60,0,0,4,1,1,8,110,66,60,0,517
2728,5,60,0,0,16,3,4,16,171,60,60,0,590
2728,6,60,0,0,8,0,1,10,141,57,60,0,533
2728,7,60,0,0,16,0,4,16,180,60,60,0,608
2729,0,60,0,0,0,4,3,9,84,84,60,0,534
2729,1,60,0,0,12,3,5,14,132,65,60,0,539
2729,2,60,0,0,4,2,3,10,110,70,60,0,525
2729,3,60,0,0,12,0,5,14,141,65,60,0,557
2729,4,60,0,0,20,9,8,20,158,68,60,0,588
2729,5,60,0,0,20,3,8,20,171,68,60,0,614
2729,6,60,0,0,20,6,8,20,171,68,60,0,614
2729,7,60,0,0,20,0,8,20,180,68,60,0,632
2730,0,60,0,0,0,2,2,7,77,77,60,0,497
2730,1,60,0,0,12,3,5,14,137,65,60,0,549
2730,2,60,0,0,4,0,2,8,98,58,60,0,458
2730,3,60,0,0,12,0,5,14,141,65,60,0,557
2730,4,60,0,0,12,3,5,14,137,65,60,0,549
2730,5,60,0,0,20,3,8,20,180,68,60,0,632
2730,6,60,0,0,12,0,5,14,141,65,60,0,557
2730,7,60,0,0,20,0,8,20,180,68,60,0,632
2731,0,60,0,0,0,1,1,5,64,64,60,0,424
2731,1,60,0,0,12,3,4,13,132,65,60,0,539
2731,2,60,0,0,4,0,1,7,98,58,60,0,458
2731,3,60,0,0,12,0,4,13,141,65,60,0,557
2731,4,60,0,0,4,1,1,8,110,70,60,0,525
2731,5,60,0,0,16,3,4,16,171,64,60,0,598
2731,6,60,0,0,8,0,1,10,141,61,60,0,541
2731,7,60,0,0,16,0,4,16,180,64,60,0,616
2732,0,60,0,0,0,1,3,7,64,64,60,0,398
2732,1,60,0,0,12,3,6,15,132,65,60,0,507
2732,2,60,0,0,4,0,3,9,98,58,60,0,430
2732,3,60,0,0,12,0,6,15,141,65,60,0,525
2732,4,60,0,0,12,1,9,16,110,66,60,0,517
2732,5,60,0,0,24,3,12,24,171,60,60,0,590
2732,6,60,0,0,16,0,9,18,141,57,60,0,533
2732,7,60,0,0,24,0,12,24,180,60,60,0,608
2733,0,60,0,0,0,5,13,19,84,84,60,0,534
2733,1,60,0,0,10,8,18,27,132,65,60,0,539
2733,2,60,0,0,3,5,14,21,110,70,60,0,525
2733,3,60,0,0,10,6,18,27,141,65,60,0,557
2734,0,60,0,0,0,4,13,18,77,77,60,0,497
2734,1,60,0,0,9,8,17,26,137,65,60,0,549
2734,2,60,0,0,3,4,14,20,98,58,60,0,458
2734,3,60,0,0,9,6,17,26,141,65,60,0,557
2735,0,60,0,0,0,1,3,7,64,64,60,0,424
2735,1,60,0,0,12,3,6,15,132,65,60,0,539
2735,2,60,0,0,4,0,3,9,98,58,60,0,458
2735,3,60,0,0,12,0,6,15,141,65,60,0,557
2735,4,60,0,0,12,1,9,16,110,70,60,0,525
2735,5,60,0,0,24,3,12,24,171,64,60,0,598
2735,6,60,0,0,16,0,9,18,141,61,60,0,541
2735,7,60,0,0,24,0,12,24,180,64,60,0,616
2736,0,60,0,0,0,16,0,34,84,84,60,0,441
2737,0,60,0,0,0,16,0,34,111,111,60,0,594
2738,0,60,0,0,0,16,0,34,97,97,60,0,520
2739,0,60,0,0,0,16,0,34,84,84,60,0,447
2740,0,60,0,0,0,17,0,34,84,84,60,0,441
2741,0,60,0,0,0,19,3,37,111,111,60,0,594
2742,0,60,0,0,0,19,3,37,97,97,60,0,520
2743,0,60,0,0,0,17,0,34,84,84,60,0,447
2744,0,60,0,0,0,4,3,9,84,84,60,0,490
2744,1,60,0,0,20,9,8,20,158,64,60,0,580
2744,2,60,0,0,12,3,5,14,132,61,60,0,531
2744,3,60,0,0,20,3,8,20,171,64,60,0,606
2744,4,60,0,0,4,2,3,10,110,66,60,0,517
2744,5,60,0,0,20,6,8,20,171,64,60,0,606
2744,6,60,0,0,12,0,5,14,141,61,60,0,549
2744,7,60,0,0,20,0,8,20,180,64,60,0,624
2745,0,60,0,0,0,12,9,18,111,111,60,0,681
2745,1,60,0,0,24,12,12,24,158,72,60,0,604
2745,2,60,0,0,24,12,12,24,158,72,60,0,604
2745,3,60,0,0,24,6,12,24,171,72,60,0,630
2745,4,60,0,0,24,12,12,24,158,72,60,0,604
2745,5,60,0,0,24,6,12,24,171,72,60,0,630
2745,6,60,0,0,24,6,12,24,171,72,60,0,630
2745,7,60,0,0,24,0,12,24,180,72,60,0,648
2746,0,60,0,0,0,8,7,14,97,97,60,0,607
2746,1,60,0,0,24,12,12,24,163,72,60,0,614
2746,2,60,0,0,16,6,9,18,132,69,60,0,555
2746,3,60,0,0,24,6,12,24,171,72,60,0,630
2746,4,60,0,0,16,6,9,18,137,69,60,0,565
2746,5,60,0,0,24,6,12,24,180,72,60,0,648
2746,6,60,0,0,16,0,9,18,141,69,60,0,573
2746,7,60,0,0,24,0,12,24,180,72,60,0,648
2747,0,60,0,0,0,4,3,9,84,84,60,0,534
2747,1,60,0,0,20,9,8,20,158,68,60,0,588
2747,2,60,0,0,12,3,5,14,132,65,60,0,539
2747,3,60,0,0,20,3,8,20,171,68,60,0,614
2747,4,60,0,0,4,2,3,10,110,70,60,0,525
2747,5,60,0,0,20,6,8,20,171,68,60,0,614
2747,6,60,0,0,12,0,5,14,141,65,60,0,557
2747,7,60,0,0,20,0,8,20,180,68,60,0,632
2748,0,60,0,0,0,7,7,13,84,84,60,0,490
2748,1,60,0,0,24,12,12,24,158,64,60,0,580
2748,2,60,0,0,16,9,9,18,132,61,60,0,531
2748,3,60,0,0,24,9,12,24,171,64,60,0,606
2748,4,60,0,0,12,1,9,16,110,66,60,0,517
2748,5,60,0,0,24,3,12,24,171,64,60,0,606
2748,6,60,0,0,16,0,9,18,141,61,60,0,549
2748,7,60,0,0,24,0,12,24,180,64,60,0,624
2749,0,60,0,0,0,14,19,28,111,111,60,0,681
2750,0,60,0,0,0,11,18,25,97,97,60,0,607
2751,0,60,0,0,0,7,7,13,84,84,60,0,534
2751,1,60,0,0,24,12,12,24,158,68,60,0,588
2751,2,60,0,0,16,9,9,18,132,65,60,0,539
2751,3,60,0,0,24,9,12,24,171,68,60,0,614
2751,4,60,0,0,12,1,9,16,110,70,60,0,525
2751,5,60,0,0,24,3,12,24,171,68,60,0,614
2751,6,60,0,0,16,0,9,18,141,65,60,0,557
2751,7,60,0,0,24,0,12,24,180,68,60,0,632
2752,0,60,0,0,0,4,2,22,64,64,60,0,338
2752,1,60,0,0,9,9,3,29,132,61,60,0,474
2752,2,60,0,0,6,1,3,25,98,54,60,0,399
2752,3,60,0,0,9,3,3,29,141,61,60,0,492
2753,0,60,0,0,0,4,2,22,84,84,60,0,444
2753,1,60,0,0,9,9,3,29,132,61,60,0,476
2753,2,60,0,0,6,1,3,25,110,66,60,0,468
2753,3,60,0,0,9,3,3,29,141,61,60,0,494
2754,0,60,0,0,0,4,2,22,77,77,60,0,399
2754,1,60,0,0,9,9,3,29,137,61,60,0,486
2754,2,60,0,0,6,1,3,25,98,54,60,0,401
2754,3,60,0,0,9,3,3,29,141,61,60,0,494
2755,0,60,0,0,0,4,2,22,64,64,60,0,340
2755,1,60,0,0,9,9,3,29,132,61,60,0,476
2755,2,60,0,0,6,1,3,25,98,54,60,0,401
2755,3,60,0,0,9,3,3,29,141,61,60,0,494
2756,0,60,0,0,0,5,2,22,64,64,60,0,338
2756,1,60,0,0,9,10,3,29,132,61,60,0,474
2756,2,60,0,0,6,4,3,25,98,54,60,0,399
2756,3,60,0,0,9,6,3,29,141,61,60,0,492
2757,0,60,0,0,0,5,3,23,84,84,60,0,444
2757,1,60,0,0,9,10,4,30,132,61,60,0,476
2757,2,60,0,0,6,4,4,26,110,66,60,0,468
2757,3,60,0,0,9,6,4,30,141,61,60,0,494
2758,0,60,0,0,0,5,2,22,77,77,60,0,399
2758,1,60,0,0,9,10,3,29,137,61,60,0,486
2758,2,60,0,0,6,4,3,25,98,54,60,0,401
2758,3,60,0,0,9,6,3,29,141,61,60,0,494
2759,0,60,0,0,0,5,2,22,64,64,60,0,340
2759,1,60,0,0,9,10,3,29,132,61,60,0,476
2759,2,60,0,0,6,4,3,25,98,54,60,0,401
2759,3,60,0,0,9,6,3,29,141,61,60,0,494
2760,0,60,0,0,0,3,4,8,64,64,60,0,360
2760,1,60,0,0,16,9,8,17,132,61,60,0,499
2760,2,60,0,0,12,0,8,14,98,54,60,0,422
2760,3,60,0,0,16,0,8,17,141,61,60,0,517
2760,4,60,0,0,4,3,4,11,110,66,60,0,475
2760,5,60,0,0,20,9,8,20,171,56,60,0,582
2760,6,60,0,0,16,0,8,17,141,53,60,0,525
2760,7,60,0,0,20,0,8,20,180,56,60,0,600
2761,0,60,0,0,0,7,7,13,84,84,60,0,490
2761,1,60,0,0,16,9,9,18,132,61,60,0,531
2761,2,60,0,0,12,1,9,16,110,66,60,0,517
2761,3,60,0,0,16,0,9,18,141,61,60,0,549
2761,4,60,0,0,24,12,12,24,158,64,60,0,580
2761,5,60,0,0,24,9,12,24,171,64,60,0,606
2761,6,60,0,0,24,3,12,24,171,64,60,0,606
2761,7,60,0,0,24,0,12,24,180,64,60,0,624
2762,0,60,0,0,0,6,6,11,77,77,60,0,445
2762,1,60,0,0,16,9,8,17,137,61,60,0,541
2762,2,60,0,0,12,0,8,14,98,54,60,0,450
2762,3,60,0,0,16,0,8,17,141,61,60,0,549
2762,4,60,0,0,16,9,8,17,137,61,60,0,541
2762,5,60,0,0,20,9,8,20,180,64,60,0,624
2762,6,60,0,0,16,0,8,17,141,61,60,0,549
2762,7,60,0,0,20,0,8,20,180,64,60,0,624
2763,0,60,0,0,0,3,4,8,64,64,60,0,386
2763,1,60,0,0,16,9,8,17,132,61,60,0,531
2763,2,60,0,0,12,0,8,14,98,54,60,0,450
2763,3,60,0,0,16,0,8,17,141,61,60,0,549
2763,4,60,0,0,4,3,4,11,110,70,60,0,483
2763,5,60,0,0,20,9,8,20,171,60,60,0,590
2763,6,60,0,0,16,0,8,17,141,57,60,0,533
2763,7,60,0,0,20,0,8,20,180,60,60,0,608
2764,0,60,0,0,0,2,3,7,64,64,60,0,360
2764,1,60,0,0,12,6,5,14,132,61,60,0,499
2764,2,60,0,0,8,0,5,11,98,54,60,0,422
2764,3,60,0,0,12,0,5,14,141,61,60,0,517
2764,4,60,0,0,8,2,6,13,110,66,60,0,475
2764,5,60,0,0,20,6,8,20,171,56,60,0,582
2764,6,60,0,0,16,0,8,17,141,53,60,0,525
2764,7,60,0,0,20,0,8,20,180,56,60,0,600
2765,0,60,0,0,0,5,12,18,84,84,60,0,490
2765,1,60,0,0,9,10,16,25,132,61,60,0,531
2765,2,60,0,0,6,4,14,21,110,66,60,0,517
2765,3,60,0,0,9,6,16,25,141,61,60,0,549
2766,0,60,0,0,0,4,5,10,77,77,60,0,445
2766,1,60,0,0,12,6,6,15,137,61,60,0,541
2766,2,60,0,0,8,0,6,12,98,54,60,0,450
2766,3,60,0,0,12,0,6,15,141,61,60,0,549
2766,4,60,0,4,20,6,12,21,137,61,60,0,541
2766,5,60,0,4,24,6,12,24,180,64,60,0,624
2766,6,60,0,4,20,0,12,21,141,61,60,0,549
2766,7,60,0,4,24,0,12,24,180,64,60,0,624
2767,0,60,0,0,0,2,3,7,64,64,60,0,386
2767,1,60,0,0,12,6,5,14,132,61,60,0,531
2767,2,60,0,0,8,0,5,11,98,54,60,0,450
2767,3,60,0,0,12,0,5,14,141,61,60,0,549
2767,4,60,0,0,8,2,6,13,110,70,60,0,483
2767,5,60,0,0,20,6,8,20,171,60,60,0,590
2767,6,60,0,0,16,0,8,17,141,57,60,0,533
2767,7,60,0,0,20,0,8,20,180,60,60,0,608
2768,0,60,0,0,0,8,12,34,77,77,60,0,446
2769,0,60,0,0,0,9,13,35,97,97,60,0,558
2770,0,60,0,0,0,9,13,35,97,97,60,0,558
2771,0,60,0,0,0,8,12,34,77,77,60,0,448
2772,0,60,0,0,0,9,12,34,77,77,60,0,446
2773,0,60,0,0,0,9,13,35,97,97,60,0,558
2774,0,60,0,0,0,10,13,35,97,97,60,0,558
2775,0,60,0,0,0,9,12,34,77,77,60,0,448
2776,0,60,0,0,0,9,17,22,77,77,60,0,469
2776,4,60,0,0,2,10,17,25,122,78,60,0,584
2777,0,60,0,0,0,11,18,25,97,97,60,0,607
2778,0,60,0,0,0,16,22,29,97,97,60,0,607
2779,0,60,0,0,0,9,17,22,77,77,60,0,497
2779,4,60,0,0,2,10,17,25,122,82,60,0,592
2780,0,60,0,0,0,7,15,20,77,77,60,0,469
2780,4,60,0,0,2,6,15,23,122,78,60,0,584
2781,0,60,0,0,0,11,25,32,97,97,60,0,607
2782,0,60,0,0,0,13,20,27,97,97,60,0,607
2783,0,60,0,0,0,7,15,20,77,77,60,0,497
2783,4,60,0,0,2,6,15,23,122,82,60,0,592
2784,0,60,0,0,0,4,2,22,64,64,60,0,376
2784,1,60,0,0,9,9,3,29,132,65,60,0,482
2784,2,60,0,0,6,1,3,25,98,58,60,0,407
2784,3,60,0,0,9,3,3,29,141,65,60,0,500
2785,0,60,0,0,0,4,2,22,84,84,60,0,488
2785,1,60,0,0,9,9,3,29,132,65,60,0,484
2785,2,60,0,0,6,1,3,25,110,70,60,0,476
2785,3,60,0,0,9,3,3,29,141,65,60,0,502
2786,0,60,0,0,0,4,2,22,77,77,60,0,451
2786,1,60,0,0,9,9,3,29,137,65,60,0,494
2786,2,60,0,0,6,1,3,25,98,58,60,0,409
2786,3,60,0,0,9,3,3,29,141,65,60,0,502
2787,0,60,0,0,0,4,2,22,64,64,60,0,378
2787,1,60,0,0,9,9,3,29,132,65,60,0,484
2787,2,60,0,0,6,1,3,25,98,58,60,0,409
2787,3,60,0,0,9,3,3,29,141,65,60,0,502
2788,0,60,0,0,0,5,2,22,64,64,60,0,376
2788,1,60,0,0,9,10,3,29,132,65,60,0,482
2788,2,60,0,0,6,4,3,25,98,58,60,0,407
2788,3,60,0,0,9,6,3,29,141,65,60,0,500
2789,0,60,0,0,0,5,3,23,84,84,60,0,488
2789,1,60,0,0,9,10,4,30,132,65,60,0,484
2789,2,60,0,0,6,4,4,26,110,70,60,0,476
2789,3,60,0,0,9,6,4,30,141,65,60,0,502
2790,0,60,0,0,0,5,2,22,77,77,60,0,451
2790,1,60,0,0,9,10,3,29,137,65,60,0,494
2790,2,60,0,0,6,4,3,25,98,58,60,0,409
2790,3,60,0,0,9,6,3,29,141,65,60,0,502
2791,0,60,0,0,0,5,2,22,64,64,60,0,378
2791,1,60,0,0,9,10,3,29,132,65,60,0,484
2791,2,60,0,0,6,4,3,25,98,58,60,0,409
2791,3,60,0,0,9,6,3,29,141,65,60,0,502
2792,0,60,0,0,0,3,4,8,64,64,60,0,398
2792,1,60,0,0,16,9,8,17,132,65,60,0,507
2792,2,60,0,0,12,0,8,14,98,58,60,0,430
2792,3,60,0,0,16,0,8,17,141,65,60,0,525
2792,4,60,0,0,4,3,4,11,110,66,60,0,517
2792,5,60,0,0,20,9,8,20,171,60,60,0,590
2792,6,60,0,0,16,0,8,17,141,57,60,0,533
2792,7,60,0,0,20,0,8,20,180,60,60,0,608
2793,0,60,0,0,0,7,7,13,84,84,60,0,534
2793,1,60,0,0,16,9,9,18,132,65,60,0,539
2793,2,60,0,0,12,1,9,16,110,70,60,0,525
2793,3,60,0,0,16,0,9,18,141,65,60,0,557
2793,4,60,0,0,24,12,12,24,158,68,60,0,588
2793,5,60,0,0,24,9,12,24,171,68,60,0,614
2793,6,60,0,0,24,3,12,24,171,68,60,0,614
2793,7,60,0,0,24,0,12,24,180,68,60,0,632
2794,0,60,0,0,0,6,6,11,77,77,60,0,497
2794,1,60,0,0,16,9,8,17,137,65,60,0,549
2794,2,60,0,0,12,0,8,14,98,58,60,0,458
2794,3,60,0,0,16,0,8,17,141,65,60,0,557
2794,4,60,0,0,16,9,8,17,137,65,60,0,549
2794,5,60,0,0,20,9,8,20,180,68,60,0,632
2794,6,60,0,0,16,0,8,17,141,65,60,0,557
2794,7,60,0,0,20,0,8,20,180,68,60,0,632
2795,0,60,0,0,0,3,4,8,64,64,60,0,424
2795,1,60,0,0,16,9,8,17,132,65,60,0,539
2795,2,60,0,0,12,0,8,14,98,58,60,0,458
2795,3,60,0,0,16,0,8,17,141,65,60,0,557
2795,4,60,0,0,4,3,4,11,110,70,60,0,525
2795,5,60,0,0,20,9,8,20,171,64,60,0,598
2795,6,60,0,0,16,0,8,17,141,61,60,0,541
2795,7,60,0,0,20,0,8,20,180,64,60,0,616
2796,0,60,0,0,0,2,3,7,64,64,60,0,398
2796,1,60,0,0,12,6,5,14,132,65,60,0,507
2796,2,60,0,0,8,0,5,11,98,58,60,0,430
2796,3,60,0,0,12,0,5,14,141,65,60,0,525
2796,4,60,0,0,8,2,6,13,110,66,60,0,517
2796,5,60,0,0,20,6,8,20,171,60,60,0,590
2796,6,60,0,0,16,0,8,17,141,57,60,0,533
2796,7,60,0,0,20,0,8,20,180,60,60,0,608
2797,0,60,0,0,0,5,12,18,84,84,60,0,534
2797,1,60,0,0,9,10,16,25,132,65,60,0,539
2797,2,60,0,0,6,4,14,21,110,70,60,0,525
2797,3,60,0,0,9,6,16,25,141,65,60,0,557
2798,0,60,0,0,0,4,5,10,77,77,60,0,497
2798,1,60,0,0,12,6,6,15,137,65,60,0,549
2798,2,60,0,0,8,0,6,12,98,58,60,0,458
2798,3,60,0,0,12,0,6,15,141,65,60,0,557
2798,4,60,0,4,20,6,12,21,137,65,60,0,549
2798,5,60,0,4,24,6,12,24,180,68,60,0,632
2798,6,60,0,4,20,0,12,21,141,65,60,0,557
2798,7,60,0,4,24,0,12,24,180,68,60,0,632
2799,0,60,0,0,0,2,3,7,64,64,60,0,424
2799,1,60,0,0,12,6,5,14,132,65,60,0,539
2799,2,60,0,0,8,0,5,11,98,58,60,0,458
2799,3,60,0,0,12,0,5,14,141,65,60,0,557
2799,4,60,0,0,8,2,6,13,110,70,60,0,525
2799,5,60,0,0,20,6,8,20,171,64,60,0,598
2799,6,60,0,0,16,0,8,17,141,61,60,0,541
2799,7,60,0,0,20,0,8,20,180,64,60,0,616
2800,0,60,0,0,0,12,4,38,84,84,60,0,441
2801,0,60,0,0,0,13,5,39,111,111,60,0,594
2802,0,60,0,0,0,13,5,39,97,97,60,0,520
2803,0,60,0,0,0,12,4,38,84,84,60,0,447
2804,0,60,0,0,0,18,2,36,84,84,60,0,441
2805,0,60,0,0,0,20,5,39,111,111,60,0,594
2806,0,60,0,0,0,18,2,36,97,97,60,0,520
2807,0,60,0,0,0,18,2,36,84,84,60,0,447
2808,0,60,0,0,0,9,16,22,84,84,60,0,490
2808,4,60,0,0,2,10,18,25,110,66,60,0,517
2809,0,60,0,0,0,14,19,28,111,111,60,0,681
2810,0,60,0,0,0,16,22,29,97,97,60,0,607
2811,0,60,0,0,0,9,16,22,84,84,60,0,534
2811,4,60,0,0,2,10,18,25,110,70,60,0,525
2812,0,60,0,0,0,7,7,13,84,84,60,0,490
2812,1,60,0,4,24,15,12,24,158,64,60,0,580
2812,2,60,0,4,20,6,12,21,132,61,60,0,531
2812,3,60,0,4,24,6,12,24,171,64,60,0,606
2812,4,60,0,0,8,3,8,15,110,66,60,0,517
2812,5,60,0,4,24,9,12,24,171,64,60,0,606
2812,6,60,0,4,20,0,12,21,141,61,60,0,549
2812,7,60,0,4,24,0,12,24,180,64,60,0,624
2813,0,60,0,0,0,13,18,27,111,111,60,0,681
2814,0,60,0,0,0,12,12,19,97,97,60,0,607
2814,1,60,0,8,28,18,16,28,163,72,60,0,614
2814,2,60,0,8,24,9,16,25,132,69,60,0,555
2814,3,60,0,8,28,9,16,28,171,72,60,0,630
2814,4,60,0,8,24,9,16,25,137,69,60,0,565
2814,5,60,0,8,28,9,16,28,180,72,60,0,648
2814,6,60,0,8,24,0,16,25,141,69,60,0,573
2814,7,60,0,8,28,0,16,28,180,72,60,0,648
2815,0,60,0,0,0,7,7,13,84,84,60,0,534
2815,1,60,0,4,24,15,12,24,158,68,60,0,588
2815,2,60,0,4,20,6,12,21,132,65,60,0,539
2815,3,60,0,4,24,6,12,24,171,68,60,0,614
2815,4,60,0,0,8,3,8,15,110,70,60,0,525
2815,5,60,0,4,24,9,12,24,171,68,60,0,614
2815,6,60,0,4,20,0,12,21,141,65,60,0,557
2815,7,60,0,4,24,0,12,24,180,68,60,0,632
2816,0,60,0,0,0,10,0,40,64,64,60,0,301
2817,0,60,0,0,0,10,0,40,77,77,60,0,375
2818,0,60,0,0,0,12,0,42,84,84,60,0,370
2819,0,60,0,0,0,10,0,40,64,64,60,0,305
2820,0,60,0,0,0,11,0,40,64,64,60,0,301
2821,0,60,0,0,0,12,2,42,77,77,60,0,375
2822,0,60,0,0,0,12,0,42,84,84,60,0,370
2823,0,60,0,0,0,11,0,40,64,64,60,0,305
2824,0,60,0,0,0,4,1,21,64,64,60,0,338
2824,1,60,0,0,9,8,3,29,132,61,60,0,474
2824,4,60,0,0,3,4,1,23,98,54,60,0,399
2824,5,60,0,0,9,6,3,29,141,61,60,0,492
2825,0,60,0,0,0,8,4,26,77,77,60,0,446
2825,1,60,0,0,12,10,6,32,132,69,60,0,498
2825,4,60,0,0,12,10,6,32,132,69,60,0,498
2825,5,60,0,0,12,6,6,32,141,69,60,0,516
2826,0,60,0,0,0,16,0,34,84,84,60,0,441
2827,0,60,0,0,0,4,1,21,64,64,60,0,376
2827,1,60,0,0,9,8,3,29,132,65,60,0,482
2827,4,60,0,0,3,4,1,23,98,58,60,0,407
2827,5,60,0,0,9,6,3,29,141,65,60,0,500
2828,0,60,0,0,0,4,2,22,64,64,60,0,338
2828,1,60,0,0,9,9,3,29,132,61,60,0,474
2828,4,60,0,0,6,1,3,25,98,54,60,0,399
2828,5,60,0,0,9,3,3,29,141,61,60,0,492
2829,0,60,0,0,0,8,12,34,77,77,60,0,446
2830,0,60,0,0,0,12,4,38,84,84,60,0,441
2831,0,60,0,0,0,4,2,22,64,64,60,0,376
2831,1,60,0,0,9,9,3,29,132,65,60,0,482
2831,4,60,0,0,6,1,3,25,98,58,60,0,407
2831,5,60,0,0,9,3,3,29,141,65,60,0,500
2832,0,60,0,0,0,11,0,41,84,84,60,0,395
2833,0,60,0,0,0,11,0,41,97,97,60,0,471
2834,0,60,0,0,0,13,0,43,111,111,60,0,507
2835,0,60,0,0,0,11,0,41,84,84,60,0,401
2836,0,60,0,0,0,12,0,41,84,84,60,0,395
2837,0,60,0,0,0,13,2,43,97,97,60,0,471
2838,0,60,0,0,0,13,0,43,111,111,60,0,507
2839,0,60,0,0,0,12,0,41,84,84,60,0,401
2840,0,60,0,0,0,4,1,21,84,84,60,0,444
2840,1,60,0,0,9,8,3,29,132,61,60,0,476
2840,4,60,0,0,3,4,1,23,110,66,60,0,468
2840,5,60,0,0,9,6,3,29,141,61,60,0,494
2841,0,60,0,0,0,8,4,26,97,97,60,0,558
2841,1,60,0,0,12,10,6,32,132,69,60,0,500
2841,4,60,0,0,12,10,6,32,137,69,60,0,510
2841,5,60,0,0,12,6,6,32,141,69,60,0,518
2842,0,60,0,0,0,16,0,34,111,111,60,0,594
2843,0,60,0,0,0,4,1,21,84,84,60,0,488
2843,1,60,0,0,9,8,3,29,132,65,60,0,484
2843,4,60,0,0,3,4,1,23,110,70,60,0,476
2843,5,60,0,0,9,6,3,29,141,65,60,0,502
2844,0,60,0,0,0,4,2,22,84,84,60,0,444
2844,1,60,0,0,9,9,3,29,132,61,60,0,476
2844,4,60,0,0,6,1,3,25,110,66,60,0,468
2844,5,60,0,0,9,3,3,29,141,61,60,0,494
2845,0,60,0,0,0,9,13,35,97,97,60,0,558
2846,0,60,0,0,0,13,5,39,111,111,60,0,594
2847,0,60,0,0,0,4,2,22,84,84,60,0,488
2847,1,60,0,0,9,9,3,29,132,65,60,0,484
2847,4,60,0,0,6,1,3,25,110,70,60,0,476
2847,5,60,0,0,9,3,3,29,141,65,60,0,502
2848,0,60,0,0,0,10,0,40,64,64,60,0,303
2849,0,60,0,0,0,10,0,40,77,77,60,0,377
2850,0,60,0,0,0,12,0,42,84,84,60,0,376
2851,0,60,0,0,0,10,0,40,64,64,60,0,307
2852,0,60,0,0,0,11,0,40,64,64,60,0,303
2853,0,60,0,0,0,12,2,42,77,77,60,0,377
2854,0,60,0,0,0,12,0,42,84,84,60,0,376
2855,0,60,0,0,0,11,0,40,64,64,60,0,307
2856,0,60,0,0,0,4,1,21,64,64,60,0,340
2856,1,60,0,0,9,8,3,29,132,61,60,0,476
2856,4,60,0,0,3,4,1,23,98,54,60,0,401
2856,5,60,0,0,9,6,3,29,141,61,60,0,494
2857,0,60,0,0,0,8,4,26,77,77,60,0,448
2857,1,60,0,0,12,10,6,32,132,69,60,0,500
2857,4,60,0,0,12,10,6,32,132,69,60,0,500
2857,5,60,0,0,12,6,6,32,141,69,60,0,518
2858,0,60,0,0,0,16,0,34,84,84,60,0,447
2859,0,60,0,0,0,4,1,21,64,64,60,0,378
2859,1,60,0,0,9,8,3,29,132,65,60,0,484
2859,4,60,0,0,3,4,1,23,98,58,60,0,409
2859,5,60,0,0,9,6,3,29,141,65,60,0,502
2860,0,60,0,0,0,4,2,22,64,64,60,0,340
2860,1,60,0,0,9,9,3,29,132,61,60,0,476
2860,4,60,0,0,6,1,3,25,98,54,60,0,401
2860,5,60,0,0,9,3,3,29,141,61,60,0,494
2861,0,60,0,0,0,8,12,34,77,77,60,0,448
2862,0,60,0,0,0,12,4,38,84,84,60,0,447
2863,0,60,0,0,0,4,2,22,64,64,60,0,378
2863,1,60,0,0,9,9,3,29,132,65,60,0,484
2863,4,60,0,0,6,1,3,25,98,58,60,0,409
2863,5,60,0,0,9,3,3,29,141,65,60,0,502
2864,0,60,0,0,0,11,0,41,77,77,60,0,346
2865,0,60,0,0,0,11,0,41,97,97,60,0,459
2866,0,60,0,0,0,13,0,43,97,97,60,0,421
2867,0,60,0,0,0,11,0,41,77,77,60,0,352
2868,0,60,0,0,0,12,0,41,77,77,60,0,346
2869,0,60,0,0,0,13,2,43,97,97,60,0,459
2870,0,60,0,0,0,13,0,43,97,97,60,0,421
2871,0,60,0,0,0,12,0,41,77,77,60,0,352
2872,0,60,0,0,0,4,1,21,77,77,60,0,399
2872,1,60,0,0,9,8,3,29,137,61,60,0,486
2872,4,60,0,0,3,4,1,23,98,54,60,0,401
2872,5,60,0,0,9,6,3,29,141,61,60,0,494
2873,0,60,0,0,0,8,4,26,97,97,60,0,558
2873,1,60,0,0,12,10,6,32,137,69,60,0,510
2873,4,60,0,0,12,10,6,32,132,69,60,0,500
2873,5,60,0,0,12,6,6,32,141,69,60,0,518
2874,0,60,0,0,0,16,0,34,97,97,60,0,520
2875,0,60,0,0,0,4,1,21,77,77,60,0,451
2875,1,60,0,0,9,8,3,29,137,65,60,0,494
2875,4,60,0,0,3,4,1,23,98,58,60,0,409
2875,5,60,0,0,9,6,3,29,141,65,60,0,502
2876,0,60,0,0,0,4,2,22,77,77,60,0,399
2876,1,60,0,0,9,9,3,29,137,61,60,0,486
2876,4,60,0,0,6,1,3,25,98,54,60,0,401
2876,5,60,0,0,9,3,3,29,141,61,60,0,494
2877,0,60,0,0,0,9,13,35,97,97,60,0,558
2878,0,60,0,0,0,13,5,39,97,97,60,0,520
2879,0,60,0,0,0,4,2,22,77,77,60,0,451
2879,1,60,0,0,9,9,3,29,137,65,60,0,494
2879,4,60,0,0,6,1,3,25,98,58,60,0,409
2879,5,60,0,0,9,3,3,29,141,65,60,0,502
2880,0,60,0,0,0,10,0,40,64,64,60,0,301
2881,0,60,0,0,0,10,0,40,77,77,60,0,375
2882,0,60,0,0,0,12,0,42,84,84,60,0,370
2883,0,60,0,0,0,10,0,40,64,64,60,0,305
2884,0,60,0,0,0,11,0,40,64,64,60,0,301
2885,0,60,0,0,0,12,2,42,77,77,60,0,375
2886,0,60,0,0,0,13,0,42,84,84,60,0,370
2887,0,60,0,0,0,11,0,40,64,64,60,0,305
2888,0,60,0,0,0,4,1,21,64,64,60,0,338
2888,1,60,0,0,9,8,3,29,132,61,60,0,474
2888,4,60,0,0,3,4,1,23,98,54,60,0,399
2888,5,60,0,0,9,6,3,29,141,61,60,0,492
2889,0,60,0,0,0,8,4,26,77,77,60,0,446
2889,1,60,0,0,12,10,6,32,132,69,60,0,498
2889,4,60,0,0,12,10,6,32,132,69,60,0,498
2889,5,60,0,0,12,6,6,32,141,69,60,0,516
2890,0,60,0,0,0,17,0,34,84,84,60,0,441
2891,0,60,0,0,0,4,1,21,64,64,60,0,376
2891,1,60,0,0,9,8,3,29,132,65,60,0,482
2891,4,60,0,0,3,4,1,23,98,58,60,0,407
2891,5,60,0,0,9,6,3,29,141,65,60,0,500
2892,0,60,0,0,0,5,2,22,64,64,60,0,338
2892,1,60,0,0,9,10,3,29,132,61,60,0,474
2892,4,60,0,0,6,4,3,25,98,54,60,0,399
2892,5,60,0,0,9,6,3,29,141,61,60,0,492
2893,0,60,0,0,0,9,12,34,77,77,60,0,446
2894,0,60,0,0,0,18,2,36,84,84,60,0,441
2895,0,60,0,0,0,5,2,22,64,64,60,0,376
2895,1,60,0,0,9,10,3,29,132,65,60,0,482
2895,4,60,0,0,6,4,3,25,98,58,60,0,407
2895,5,60,0,0,9,6,3,29,141,65,60,0,500
2896,0,60,0,0,0,10,0,41,84,84,60,0,395
2897,0,60,0,0,0,10,0,41,97,97,60,0,471
2898,0,60,0,0,0,12,0,43,111,111,60,0,507
2899,0,60,0,0,0,10,0,41,84,84,60,0,401
2900,0,60,0,0,0,11,0,41,84,84,60,0,395
2901,0,60,0,0,0,12,2,43,97,97,60,0,471
2902,0,60,0,0,0,13,0,43,111,111,60,0,507
2903,0,60,0,0,0,11,0,41,84,84,60,0,401
2904,0,60,0,0,0,4,2,22,84,84,60,0,444
2904,1,60,0,0,9,8,4,30,132,61,60,0,476
2904,4,60,0,0,3,4,2,24,110,66,60,0,468
2904,5,60,0,0,9,6,4,30,141,61,60,0,494
2905,0,60,0,0,0,8,5,27,97,97,60,0,558
2905,1,60,0,0,12,10,7,33,132,69,60,0,500
2905,4,60,0,0,12,10,7,33,137,69,60,0,510
2905,5,60,0,0,12,6,7,33,141,69,60,0,518
2906,0,60,0,0,0,19,3,37,111,111,60,0,594
2907,0,60,0,0,0,4,2,22,84,84,60,0,488
2907,1,60,0,0,9,8,4,30,132,65,60,0,484
2907,4,60,0,0,3,4,2,24,110,70,60,0,476
2907,5,60,0,0,9,6,4,30,141,65,60,0,502
2908,0,60,0,0,0,5,3,23,84,84,60,0,444
2908,1,60,0,0,9,10,4,30,132,61,60,0,476
2908,4,60,0,0,6,4,4,26,110,66,60,0,468
2908,5,60,0,0,9,6,4,30,141,61,60,0,494
2909,0,60,0,0,0,9,13,35,97,97,60,0,558
2910,0,60,0,0,0,20,5,39,111,111,60,0,594
2911,0,60,0,0,0,5,3,23,84,84,60,0,488
2911,1,60,0,0,9,10,4,30,132,65,60,0,484
2911,4,60,0,0,6,4,4,26,110,70,60,0,476
2911,5,60,0,0,9,6,4,30,141,65,60,0,502
2912,0,60,0,0,0,10,0,40,64,64,60,0,303
2913,0,60,0,0,0,10,0,40,77,77,60,0,377
2914,0,60,0,0,0,12,0,42,84,84,60,0,376
2915,0,60,0,0,0,10,0,40,64,64,60,0,307
2916,0,60,0,0,0,11,0,40,64,64,60,0,303
2917,0,60,0,0,0,12,2,42,77,77,60,0,377
2918,0,60,0,0,0,13,0,42,84,84,60,0,376
2919,0,60,0,0,0,11,0,40,64,64,60,0,307
2920,0,60,0,0,0,4,1,21,64,64,60,0,340
2920,1,60,0,0,9,8,3,29,132,61,60,0,476
2920,4,60,0,0,3,4,1,23,98,54,60,0,401
2920,5,60,0,0,9,6,3,29,141,61,60,0,494
2921,0,60,0,0,0,8,4,26,77,77,60,0,448
2921,1,60,0,0,12,10,6,32,132,69,60,0,500
2921,4,60,0,0,12,10,6,32,132,69,60,0,500
2921,5,60,0,0,12,6,6,32,141,69,60,0,518
2922,0,60,0,0,0,17,0,34,84,84,60,0,447
2923,0,60,0,0,0,4,1,21,64,64,60,0,378
2923,1,60,0,0,9,8,3,29,132,65,60,0,484
2923,4,60,0,0,3,4,1,23,98,58,60,0,409
2923,5,60,0,0,9,6,3,29,141,65,60,0,502
2924,0,60,0,0,0,5,2,22,64,64,60,0,340
2924,1,60,0,0,9,10,3,29,132,61,60,0,476
2924,4,60,0,0,6,4,3,25,98,54,60,0,401
2924,5,60,0,0,9,6,3,29,141,61,60,0,494
2925,0,60,0,0,0,9,12,34,77,77,60,0,448
2926,0,60,0,0,0,18,2,36,84,84,60,0,447
2927,0,60,0,0,0,5,2,22,64,64,60,0,378
2927,1,60,0,0,9,10,3,29,132,65,60,0,484
2927,4,60,0,0,6,4,3,25,98,58,60,0,409
2927,5,60,0,0,9,6,3,29,141,65,60,0,502
2928,0,60,0,0,0,10,0,41,77,77,60,0,346
2929,0,60,0,0,0,10,0,41,97,97,60,0,459
2930,0,60,0,0,0,12,0,43,97,97,60,0,421
2931,0,60,0,0,0,10,0,41,77,77,60,0,352
2932,0,60,0,0,0,12,0,41,77,77,60,0,346
2933,0,60,0,0,0,13,2,43,97,97,60,0,459
2934,0,60,0,0,0,14,0,43,97,97,60,0,421
2935,0,60,0,0,0,12,0,41,77,77,60,0,352
2936,0,60,0,0,0,4,2,22,77,77,60,0,399
2936,1,60,0,0,9,8,4,30,137,61,60,0,486
2936,4,60,0,0,3,4,2,24,98,54,60,0,401
2936,5,60,0,0,9,6,4,30,141,61,60,0,494
2937,0,60,0,0,0,8,5,27,97,97,60,0,558
2937,1,60,0,0,12,10,7,33,137,69,60,0,510
2937,4,60,0,0,12,10,7,33,132,69,60,0,500
2937,5,60,0,0,12,6,7,33,141,69,60,0,518
2938,0,60,0,0,0,19,3,37,97,97,60,0,520
2939,0,60,0,0,0,4,2,22,77,77,60,0,451
2939,1,60,0,0,9,8,4,30,137,65,60,0,494
2939,4,60,0,0,3,4,2,24,98,58,60,0,409
2939,5,60,0,0,9,6,4,30,141,65,60,0,502
2940,0,60,0,0,0,5,2,22,77,77,60,0,399
2940,1,60,0,0,9,10,3,29,137,61,60,0,486
2940,4,60,0,0,6,4,3,25,98,54,60,0,401
2940,5,60,0,0,9,6,3,29,141,61,60,0,494
2941,0,60,0,0,0,10,13,35,97,97,60,0,558
2942,0,60,0,0,0,18,2,36,97,97,60,0,520
2943,0,60,0,0,0,5,2,22,77,77,60,0,451
2943,1,60,0,0,9,10,3,29,137,65,60,0,494
2943,4,60,0,0,6,4,3,25,98,58,60,0,409
2943,5,60,0,0,9,6,3,29,141,65,60,0,502
2944,0,60,0,0,0,11,0,28,64,64,60,0,323
2944,2,60,0,0,2,12,0,31,110,66,60,0,436
2945,0,60,0,0,0,11,0,28,77,77,60,0,398
2945,2,60,0,0,2,12,0,31,122,78,60,0,507
2946,0,60,0,0,0,11,0,28,84,84,60,0,419
2946,2,60,0,0,2,12,0,31,110,66,60,0,440
2947,0,60,0,0,0,11,0,28,64,64,60,0,327
2947,2,60,0,0,2,12,0,31,110,66,60,0,440
2948,0,60,0,0,0,12,0,28,64,64,60,0,323
2948,2,60,0,0,2,13,0,31,110,66,60,0,436
2949,0,60,0,0,0,13,2,30,77,77,60,0,398
2949,2,60,0,0,2,14,2,33,122,78,60,0,507
2950,0,60,0,0,0,13,2,30,84,84,60,0,419
2950,2,60,0,0,2,14,2,33,110,66,60,0,440
2951,0,60,0,0,0,12,0,28,64,64,60,0,327
2951,2,60,0,0,2,13,0,31,110,66,60,0,440
2952,0,60,0,0,0,1,1,5,64,64,60,0,360
2952,1,60,0,0,12,3,4,13,132,61,60,0,499
2952,2,60,0,0,4,1,1,8,110,66,60,0,475
2952,3,60,0,0,16,3,4,16,171,56,60,0,582
2952,4,60,0,0,4,0,1,7,98,54,60,0,422
2952,5,60,0,0,12,0,4,13,141,61,60,0,517
2952,6,60,0,0,8,0,1,10,141,53,60,0,525
2952,7,60,0,0,16,0,4,16,180,56,60,0,600
2953,0,60,0,0,0,4,4,9,77,77,60,0,469
2953,1,60,0,0,16,6,8,17,132,69,60,0,523
2953,2,60,0,0,4,4,4,12,122,78,60,0,584
2953,3,60,0,0,20,6,8,20,171,64,60,0,606
2953,4,60,0,0,16,6,8,17,132,69,60,0,523
2953,5,60,0,0,16,0,8,17,141,69,60,0,541
2953,6,60,0,0,20,6,8,20,171,64,60,0,606
2953,7,60,0,0,20,0,8,20,180,64,60,0,624
2954,0,60,0,0,0,4,3,9,84,84,60,0,490
2954,1,60,0,0,20,9,8,20,158,64,60,0,580
2954,2,60,0,0,4,2,3,10,110,66,60,0,517
2954,3,60,0,0,20,6,8,20,171,64,60,0,606
2954,4,60,0,0,12,3,5,14,132,61,60,0,531
2954,5,60,0,0,20,3,8,20,171,64,60,0,606
2954,6,60,0,0,12,0,5,14,141,61,60,0,549
2954,7,60,0,0,20,0,8,20,180,64,60,0,624
2955,0,60,0,0,0,1,1,5,64,64,60,0,398
2955,1,60,0,0,12,3,4,13,132,65,60,0,507
2955,2,60,0,0,4,1,1,8,110,66,60,0,517
2955,3,60,0,0,16,3,4,16,171,60,60,0,590
2955,4,60,0,0,4,0,1,7,98,58,60,0,430
2955,5,60,0,0,12,0,4,13,141,65,60,0,525
2955,6,60,0,0,8,0,1,10,141,57,60,0,533
2955,7,60,0,0,16,0,4,16,180,60,60,0,608
2956,0,60,0,0,0,3,4,8,64,64,60,0,360
2956,1,60,0,0,16,9,8,17,132,61,60,0,499
2956,2,60,0,0,4,3,4,11,110,66,60,0,475
2956,3,60,0,0,20,9,8,20,171,56,60,0,582
2956,4,60,0,0,12,0,8,14,98,54,60,0,422
2956,5,60,0,0,16,0,8,17,141,61,60,0,517
2956,6,60,0,0,16,0,8,17,141,53,60,0,525
2956,7,60,0,0,20,0,8,20,180,56,60,0,600
2957,0,60,0,0,0,9,17,22,77,77,60,0,469
2957,2,60,0,0,2,10,17,25,122,78,60,0,584
2958,0,60,0,0,0,9,16,22,84,84,60,0,490
2958,2,60,0,0,2,10,18,25,110,66,60,0,517
2959,0,60,0,0,0,3,4,8,64,64,60,0,398
2959,1,60,0,0,16,9,8,17,132,65,60,0,507
2959,2,60,0,0,4,3,4,11,110,66,60,0,517
2959,3,60,0,0,20,9,8,20,171,60,60,0,590
2959,4,60,0,0,12,0,8,14,98,58,60,0,430
2959,5,60,0,0,16,0,8,17,141,65,60,0,525
2959,6,60,0,0,16,0,8,17,141,57,60,0,533
2959,7,60,0,0,20,0,8,20,180,60,60,0,608
2960,0,60,0,0,0,16,0,34,84,84,60,0,441
2961,0,60,0,0,0,16,0,34,97,97,60,0,520
2962,0,60,0,0,0,16,0,34,111,111,60,0,594
2963,0,60,0,0,0,16,0,34,84,84,60,0,447
2964,0,60,0,0,0,17,0,34,84,84,60,0,441
2965,0,60,0,0,0,19,3,37,97,97,60,0,520
2966,0,60,0,0,0,19,3,37,111,111,60,0,594
2967,0,60,0,0,0,17,0,34,84,84,60,0,447
2968,0,60,0,0,0,4,3,9,84,84,60,0,490
2968,1,60,0,0,12,3,5,14,132,61,60,0,531
2968,2,60,0,0,20,9,8,20,158,64,60,0,580
2968,3,60,0,0,20,3,8,20,171,64,60,0,606
2968,4,60,0,0,4,2,3,10,110,66,60,0,517
2968,5,60,0,0,12,0,5,14,141,61,60,0,549
2968,6,60,0,0,20,6,8,20,171,64,60,0,606
2968,7,60,0,0,20,0,8,20,180,64,60,0,624
2969,0,60,0,0,0,8,7,14,97,97,60,0,607
2969,1,60,0,0,16,6,9,18,132,69,60,0,555
2969,2,60,0,0,24,12,12,24,163,72,60,0,614
2969,3,60,0,0,24,6,12,24,171,72,60,0,630
2969,4,60,0,0,16,6,9,18,137,69,60,0,565
2969,5,60,0,0,16,0,9,18,141,69,60,0,573
2969,6,60,0,0,24,6,12,24,180,72,60,0,648
2969,7,60,0,0,24,0,12,24,180,72,60,0,648
2970,0,60,0,0,0,12,9,18,111,111,60,0,681
2970,1,60,0,0,24,12,12,24,158,72,60,0,604
2970,2,60,0,0,24,12,12,24,158,72,60,0,604
2970,3,60,0,0,24,6,12,24,171,72,60,0,630
2970,4,60,0,0,24,12,12,24,158,72,60,0,604
2970,5,60,0,0,24,6,12,24,171,72,60,0,630
2970,6,60,0,0,24,6,12,24,171,72,60,0,630
2970,7,60,0,0,24,0,12,24,180,72,60,0,648
2971,0,60,0,0,0,4,3,9,84,84,60,0,534
2971,1,60,0,0,12,3,5,14,132,65,60,0,539
2971,2,60,0,0,20,9,8,20,158,68,60,0,588
2971,3,60,0,0,20,3,8,20,171,68,60,0,614
2971,4,60,0,0,4,2,3,10,110,70,60,0,525
2971,5,60,0,0,12,0,5,14,141,65,60,0,557
2971,6,60,0,0,20,6,8,20,171,68,60,0,614
2971,7,60,0,0,20,0,8,20,180,68,60,0,632
2972,0,60,0,0,0,7,7,13,84,84,60,0,490
2972,1,60,0,0,16,9,9,18,132,61,60,0,531
2972,2,60,0,0,24,12,12,24,158,64,60,0,580
2972,3,60,0,0,24,9,12,24,171,64,60,0,606
2972,4,60,0,0,12,1,9,16,110,66,60,0,517
2972,5,60,0,0,16,0,9,18,141,61,60,0,549
2972,6,60,0,0,24,3,12,24,171,64,60,0,606
2972,7,60,0,0,24,0,12,24,180,64,60,0,624
2973,0,60,0,0,0,11,18,25,97,97,60,0,607
2974,0,60,0,0,0,14,19,28,111,111,60,0,681
2975,0,60,0,0,0,7,7,13,84,84,60,0,534
2975,1,60,0,0,16,9,9,18,132,65,60,0,539
2975,2,60,0,0,24,12,12,24,158,68,60,0,588
2975,3,60,0,0,24,9,12,24,171,68,60,0,614
2975,4,60,0,0,12,1,9,16,110,70,60,0,525
2975,5,60,0,0,16,0,9,18,141,65,60,0,557
2975,6,60,0,0,24,3,12,24,171,68,60,0,614
2975,7,60,0,0,24,0,12,24,180,68,60,0,632
2976,0,60,0,0,0,11,0,28,64,64,60,0,349
2976,2,60,0,0,2,12,0,31,110,70,60,0,444
2977,0,60,0,0,0,11,0,28,77,77,60,0,426
2977,2,60,0,0,2,12,0,31,122,82,60,0,515
2978,0,60,0,0,0,11,0,28,84,84,60,0,463
2978,2,60,0,0,2,12,0,31,110,70,60,0,448
2979,0,60,0,0,0,11,0,28,64,64,60,0,353
2979,2,60,0,0,2,12,0,31,110,70,60,0,448
2980,0,60,0,0,0,12,0,28,64,64,60,0,349
2980,2,60,0,0,2,13,0,31,110,70,60,0,444
2981,0,60,0,0,0,13,2,30,77,77,60,0,426
2981,2,60,0,0,2,14,2,33,122,82,60,0,515
2982,0,60,0,0,0,13,2,30,84,84,60,0,463
2982,2,60,0,0,2,14,2,33,110,70,60,0,448
2983,0,60,0,0,0,12,0,28,64,64,60,0,353
2983,2,60,0,0,2,13,0,31,110,70,60,0,448
2984,0,60,0,0,0,1,1,5,64,64,60,0,386
2984,1,60,0,0,12,3,4,13,132,61,60,0,531
2984,2,60,0,0,4,1,1,8,110,70,60,0,483
2984,3,60,0,0,16,3,4,16,171,60,60,0,590
2984,4,60,0,0,4,0,1,7,98,54,60,0,450
2984,5,60,0,0,12,0,4,13,141,61,60,0,549
2984,6,60,0,0,8,0,1,10,141,57,60,0,533
2984,7,60,0,0,16,0,4,16,180,60,60,0,608
2985,0,60,0,0,0,4,4,9,77,77,60,0,497
2985,1,60,0,0,16,6,8,17,132,69,60,0,555
2985,2,60,0,0,4,4,4,12,122,82,60,0,592
2985,3,60,0,0,20,6,8,20,171,68,60,0,614
2985,4,60,0,0,16,6,8,17,132,69,60,0,555
2985,5,60,0,0,16,0,8,17,141,69,60,0,573
2985,6,60,0,0,20,6,8,20,171,68,60,0,614
2985,7,60,0,0,20,0,8,20,180,68,60,0,632
2986,0,60,0,0,0,4,3,9,84,84,60,0,534
2986,1,60,0,0,20,9,8,20,158,68,60,0,588
2986,2,60,0,0,4,2,3,10,110,70,60,0,525
2986,3,60,0,0,20,6,8,20,171,68,60,0,614
2986,4,60,0,0,12,3,5,14,132,65,60,0,539
2986,5,60,0,0,20,3,8,20,171,68,60,0,614
2986,6,60,0,0,12,0,5,14,141,65,60,0,557
2986,7,60,0,0,20,0,8,20,180,68,60,0,632
2987,0,60,0,0,0,1,1,5,64,64,60,0,424
2987,1,60,0,0,12,3,4,13,132,65,60,0,539
2987,2,60,0,0,4,1,1,8,110,70,60,0,525
2987,3,60,0,0,16,3,4,16,171,64,60,0,598
2987,4,60,0,0,4,0,1,7,98,58,60,0,458
2987,5,60,0,0,12,0,4,13,141,65,60,0,557
2987,6,60,0,0,8,0,1,10,141,61,60,0,541
2987,7,60,0,0,16,0,4,16,180,64,60,0,616
2988,0,60,0,0,0,3,4,8,64,64,60,0,386
2988,1,60,0,0,16,9,8,17,132,61,60,0,531
2988,2,60,0,0,4,3,4,11,110,70,60,0,483
2988,3,60,0,0,20,9,8,20,171,60,60,0,590
2988,4,60,0,0,12,0,8,14,98,54,60,0,450
2988,5,60,0,0,16,0,8,17,141,61,60,0,549
2988,6,60,0,0,16,0,8,17,141,57,60,0,533
2988,7,60,0,0,20,0,8,20,180,60,60,0,608
2989,0,60,0,0,0,9,17,22,77,77,60,0,497
2989,2,60,0,0,2,10,17,25,122,82,60,0,592
2990,0,60,0,0,0,9,16,22,84,84,60,0,534
2990,2,60,0,0,2,10,18,25,110,70,60,0,525
2991,0,60,0,0,0,3,4,8,64,64,60,0,424
2991,1,60,0,0,16,9,8,17,132,65,60,0,539
2991,2,60,0,0,4,3,4,11,110,70,60,0,525
2991,3,60,0,0,20,9,8,20,171,64,60,0,598
2991,4,60,0,0,12,0,8,14,98,58,60,0,458
2991,5,60,0,0,16,0,8,17,141,65,60,0,557
2991,6,60,0,0,16,0,8,17,141,61,60,0,541
2991,7,60,0,0,20,0,8,20,180,64,60,0,616
2992,0,60,0,0,0,20,0,38,77,77,60,0,392
2993,0,60,0,0,0,20,0,38,97,97,60,0,508
2994,0,60,0,0,0,20,0,38,97,97,60,0,508
2995,0,60,0,0,0,20,0,38,77,77,60,0,398
2996,0,60,0,0,0,22,0,38,77,77,60,0,392
2997,0,60,0,0,0,24,3,41,97,97,60,0,508
2998,0,60,0,0,0,24,3,41,97,97,60,0,508
2999,0,60,0,0,0,22,0,38,77,77,60,0,398
3000,0,60,0,0,0,2,2,7,77,77,60,0,445
3000,1,60,0,0,12,3,5,14,137,61,60,0,541
3000,2,60,0,0,12,3,5,14,137,61,60,0,541
3000,3,60,0,0,20,3,8,20,180,64,60,0,624
3000,4,60,0,0,4,0,2,8,98,54,60,0,450
3000,5,60,0,0,12,0,5,14,141,61,60,0,549
3000,6,60,0,0,12,0,5,14,141,61,60,0,549
3000,7,60,0,0,20,0,8,20,180,64,60,0,624
3001,0,60,0,0,0,8,7,14,97,97,60,0,607
3001,1,60,0,0,16,6,9,18,137,69,60,0,565
3001,2,60,0,0,24,12,12,24,163,72,60,0,614
3001,3,60,0,0,24,6,12,24,180,72,60,0,648
3001,4,60,0,0,16,6,9,18,132,69,60,0,555
3001,5,60,0,0,16,0,9,18,141,69,60,0,573
3001,6,60,0,0,24,6,12,24,171,72,60,0,630
3001,7,60,0,0,24,0,12,24,180,72,60,0,648
3002,0,60,0,0,0,8,7,14,97,97,60,0,607
3002,1,60,0,0,24,12,12,24,163,72,60,0,614
3002,2,60,0,0,16,6,9,18,137,69,60,0,565
3002,3,60,0,0,24,6,12,24,180,72,60,0,648
3002,4,60,0,0,16,6,9,18,132,69,60,0,555
3002,5,60,0,0,24,6,12,24,171,72,60,0,630
3002,6,60,0,0,16,0,9,18,141,69,60,0,573
3002,7,60,0,0,24,0,12,24,180,72,60,0,648
3003,0,60,0,0,0,2,2,7,77,77,60,0,497
3003,1,60,0,0,12,3,5,14,137,65,60,0,549
3003,2,60,0,0,12,3,5,14,137,65,60,0,549
3003,3,60,0,0,20,3,8,20,180,68,60,0,632
3003,4,60,0,0,4,0,2,8,98,58,60,0,458
3003,5,60,0,0,12,0,5,14,141,65,60,0,557
3003,6,60,0,0,12,0,5,14,141,65,60,0,557
3003,7,60,0,0,20,0,8,20,180,68,60,0,632
3004,0,60,0,0,0,6,6,11,77,77,60,0,445
3004,1,60,0,0,16,9,8,17,137,61,60,0,541
3004,2,60,0,0,16,9,8,17,137,61,60,0,541
3004,3,60,0,0,20,9,8,20,180,64,60,0,624
3004,4,60,0,0,12,0,8,14,98,54,60,0,450
3004,5,60,0,0,16,0,8,17,141,61,60,0,549
3004,6,60,0,0,16,0,8,17,141,61,60,0,549
3004,7,60,0,0,20,0,8,20,180,64,60,0,624
3005,0,60,0,0,0,16,22,29,97,97,60,0,607
3006,0,60,0,0,0,16,22,29,97,97,60,0,607
3007,0,60,0,0,0,6,6,11,77,77,60,0,497
3007,1,60,0,0,16,9,8,17,137,65,60,0,549
3007,2,60,0,0,16,9,8,17,137,65,60,0,549
3007,3,60,0,0,20,9,8,20,180,68,60,0,632
3007,4,60,0,0,12,0,8,14,98,58,60,0,458
3007,5,60,0,0,16,0,8,17,141,65,60,0,557
3007,6,60,0,0,16,0,8,17,141,65,60,0,557
3007,7,60,0,0,20,0,8,20,180,68,60,0,632
3008,0,60,0,0,0,9,0,28,64,64,60,0,323
3008,2,60,0,0,2,6,0,31,110,66,60,0,436
3009,0,60,0,0,0,9,0,28,77,77,60,0,398
3009,2,60,0,0,2,6,0,31,122,78,60,0,507
3010,0,60,0,0,0,9,0,28,84,84,60,0,419
3010,2,60,0,0,2,6,0,31,110,66,60,0,440
3011,0,60,0,0,0,9,0,28,64,64,60,0,327
3011,2,60,0,0,2,6,0,31,110,66,60,0,440
3012,0,60,0,0,0,11,0,28,64,64,60,0,323
3012,2,60,0,0,2,10,0,31,110,66,60,0,436
3013,0,60,0,0,0,12,2,30,77,77,60,0,398
3013,2,60,0,0,2,11,2,33,122,78,60,0,507
3014,0,60,0,0,0,11,0,28,84,84,60,0,419
3014,2,60,0,0,2,10,0,31,110,66,60,0,440
3015,0,60,0,0,0,11,0,28,64,64,60,0,327
3015,2,60,0,0,2,10,0,31,110,66,60,0,440
3016,0,60,0,0,0,1,3,7,64,64,60,0,360
3016,1,60,0,0,12,3,6,15,132,61,60,0,499
3016,2,60,0,0,12,1,9,16,110,66,60,0,475
3016,3,60,0,0,24,3,12,24,171,56,60,0,582
3016,4,60,0,0,4,0,3,9,98,54,60,0,422
3016,5,60,0,0,12,0,6,15,141,61,60,0,517
3016,6,60,0,0,16,0,9,18,141,53,60,0,525
3016,7,60,0,0,24,0,12,24,180,56,60,0,600
3017,0,60,0,0,0,4,6,11,77,77,60,0,469
3017,1,60,0,0,16,6,10,19,132,69,60,0,523
3017,2,60,0,0,12,4,12,20,122,78,60,0,584
3017,3,60,0,0,28,6,16,28,171,64,60,0,606
3017,4,60,0,0,16,6,10,19,132,69,60,0,523
3017,5,60,0,0,16,0,10,19,141,69,60,0,541
3017,6,60,0,0,28,6,16,28,171,64,60,0,606
3017,7,60,0,0,28,0,16,28,180,64,60,0,624
3018,0,60,0,0,0,7,7,13,84,84,60,0,490
3018,1,60,0,0,24,12,12,24,158,64,60,0,580
3018,2,60,0,0,12,1,9,16,110,66,60,0,517
3018,3,60,0,0,24,3,12,24,171,64,60,0,606
3018,4,60,0,0,16,9,9,18,132,61,60,0,531
3018,5,60,0,0,24,9,12,24,171,64,60,0,606
3018,6,60,0,0,16,0,9,18,141,61,60,0,549
3018,7,60,0,0,24,0,12,24,180,64,60,0,624
3019,0,60,0,0,0,1,3,7,64,64,60,0,398
3019,1,60,0,0,12,3,6,15,132,65,60,0,507
3019,2,60,0,0,12,1,9,16,110,66,60,0,517
3019,3,60,0,0,24,3,12,24,171,60,60,0,590
3019,4,60,0,0,4,0,3,9,98,58,60,0,430
3019,5,60,0,0,12,0,6,15,141,65,60,0,525
3019,6,60,0,0,16,0,9,18,141,57,60,0,533
3019,7,60,0,0,24,0,12,24,180,60,60,0,608
3020,0,60,0,0,0,2,3,7,64,64,60,0,360
3020,1,60,0,0,12,6,5,14,132,61,60,0,499
3020,2,60,0,0,8,2,6,13,110,66,60,0,475
3020,3,60,0,0,20,6,8,20,171,56,60,0,582
3020,4,60,0,0,8,0,5,11,98,54,60,0,422
3020,5,60,0,0,12,0,5,14,141,61,60,0,517
3020,6,60,0,0,16,0,8,17,141,53,60,0,525
3020,7,60,0,0,20,0,8,20,180,56,60,0,600
3021,0,60,0,0,0,7,15,20,77,77,60,0,469
3021,2,60,0,0,2,6,15,23,122,78,60,0,584
3022,0,60,0,0,0,7,7,13,84,84,60,0,490
3022,1,60,0,4,24,15,12,24,158,64,60,0,580
3022,2,60,0,0,8,3,8,15,110,66,60,0,517
3022,3,60,0,4,24,9,12,24,171,64,60,0,606
3022,4,60,0,4,20,6,12,21,132,61,60,0,531
3022,5,60,0,4,24,6,12,24,171,64,60,0,606
3022,6,60,0,4,20,0,12,21,141,61,60,0,549
3022,7,60,0,4,24,0,12,24,180,64,60,0,624
3023,0,60,0,0,0,2,3,7,64,64,60,0,398
3023,1,60,0,0,12,6,5,14,132,65,60,0,507
3023,2,60,0,0,8,2,6,13,110,66,60,0,517
3023,3,60,0,0,20,6,8,20,171,60,60,0,590
3023,4,60,0,0,8,0,5,11,98,58,60,0,430
3023,5,60,0,0,12,0,5,14,141,65,60,0,525
3023,6,60,0,0,16,0,8,17,141,57,60,0,533
3023,7,60,0,0,20,0,8,20,180,60,60,0,608
3024,0,60,0,0,0,12,5,39,84,84,60,0,441
3025,0,60,0,0,0,12,5,39,97,97,60,0,520
3026,0,60,0,0,0,14,7,41,111,111,60,0,594
3027,0,60,0,0,0,12,5,39,84,84,60,0,447
3028,0,60,0,0,0,14,5,39,84,84,60,0,441
3029,0,60,0,0,0,15,7,41,97,97,60,0,520
3030,0,60,0,0,0,16,7,41,111,111,60,0,594
3031,0,60,0,0,0,14,5,39,84,84,60,0,447
3032,0,60,0,0,0,5,13,19,84,84,60,0,490
3032,1,60,0,0,10,8,18,27,132,61,60,0,531
3032,4,60,0,0,3,5,14,21,110,66,60,0,517
3032,5,60,0,0,10,6,18,27,141,61,60,0,549
3033,0,60,0,0,0,9,17,24,97,97,60,0,607
3033,1,60,0,0,13,10,21,30,132,69,60,0,555
3033,4,60,0,0,13,11,21,30,137,69,60,0,565
3033,5,60,0,0,13,6,21,30,141,69,60,0,573
3034,0,60,0,0,0,14,19,28,111,111,60,0,681
3035,0,60,0,0,0,5,13,19,84,84,60,0,534
3035,1,60,0,0,10,8,18,27,132,65,60,0,539
3035,4,60,0,0,3,5,14,21,110,70,60,0,525
3035,5,60,0,0,10,6,18,27,141,65,60,0,557
3036,0,60,0,0,0,5,12,18,84,84,60,0,490
3036,1,60,0,0,9,10,16,25,132,61,60,0,531
3036,4,60,0,0,6,4,14,21,110,66,60,0,517
3036,5,60,0,0,9,6,16,25,141,61,60,0,549
3037,0,60,0,0,0,11,25,32,97,97,60,0,607
3038,0,60,0,0,0,13,18,27,111,111,60,0,681
3039,0,60,0,0,0,5,12,18,84,84,60,0,534
3039,1,60,0,0,9,10,16,25,132,65,60,0,539
3039,4,60,0,0,6,4,14,21,110,70,60,0,525
3039,5,60,0,0,9,6,16,25,141,65,60,0,557
3040,0,60,0,0,0,9,0,28,64,64,60,0,349
3040,2,60,0,0,2,6,0,31,110,70,60,0,444
3041,0,60,0,0,0,9,0,28,77,77,60,0,426
3041,2,60,0,0,2,6,0,31,122,82,60,0,515
3042,0,60,0,0,0,9,0,28,84,84,60,0,463
3042,2,60,0,0,2,6,0,31,110,70,60,0,448
3043,0,60,0,0,0,9,0,28,64,64,60,0,353
3043,2,60,0,0,2,6,0,31,110,70,60,0,448
3044,0,60,0,0,0,11,0,28,64,64,60,0,349
3044,2,60,0,0,2,10,0,31,110,70,60,0,444
3045,0,60,0,0,0,12,2,30,77,77,60,0,426
3045,2,60,0,0,2,11,2,33,122,82,60,0,515
3046,0,60,0,0,0,11,0,28,84,84,60,0,463
3046,2,60,0,0,2,10,0,31,110,70,60,0,448
3047,0,60,0,0,0,11,0,28,64,64,60,0,353
3047,2,60,0,0,2,10,0,31,110,70,60,0,448
3048,0,60,0,0,0,1,3,7,64,64,60,0,386
3048,1,60,0,0,12,3,6,15,132,61,60,0,531
3048,2,60,0,0,12,1,9,16,110,70,60,0,483
3048,3,60,0,0,24,3,12,24,171,60,60,0,590
3048,4,60,0,0,4,0,3,9,98,54,60,0,450
3048,5,60,0,0,12,0,6,15,141,61,60,0,549
3048,6,60,0,0,16,0,9,18,141,57,60,0,533
3048,7,60,0,0,24,0,12,24,180,60,60,0,608
3049,0,60,0,0,0,4,6,11,77,77,60,0,497
3049,1,60,0,0,16,6,10,19,132,69,60,0,555
3049,2,60,0,0,12,4,12,20,122,82,60,0,592
3049,3,60,0,0,28,6,16,28,171,68,60,0,614
3049,4,60,0,0,16,6,10,19,132,69,60,0,555
3049,5,60,0,0,16,0,10,19,141,69,60,0,573
3049,6,60,0,0,28,6,16,28,171,68,60,0,614
3049,7,60,0,0,28,0,16,28,180,68,60,0,632
3050,0,60,0,0,0,7,7,13,84,84,60,0,534
3050,1,60,0,0,24,12,12,24,158,68,60,0,588
3050,2,60,0,0,12,1,9,16,110,70,60,0,525
3050,3,60,0,0,24,3,12,24,171,68,60,0,614
3050,4,60,0,0,16,9,9,18,132,65,60,0,539
3050,5,60,0,0,24,9,12,24,171,68,60,0,614
3050,6,60,0,0,16,0,9,18,141,65,60,0,557
3050,7,60,0,0,24,0,12,24,180,68,60,0,632
3051,0,60,0,0,0,1,3,7,64,64,60,0,424
3051,1,60,0,0,12,3,6,15,132,65,60,0,539
3051,2,60,0,0,12,1,9,16,110,70,60,0,525
3051,3,60,0,0,24,3,12,24,171,64,60,0,598
3051,4,60,0,0,4,0,3,9,98,58,60,0,458
3051,5,60,0,0,12,0,6,15,141,65,60,0,557
3051,6,60,0,0,16,0,9,18,141,61,60,0,541
3051,7,60,0,0,24,0,12,24,180,64,60,0,616
3052,0,60,0,0,0,2,3,7,64,64,60,0,386
3052,1,60,0,0,12,6,5,14,132,61,60,0,531
3052,2,60,0,0,8,2,6,13,110,70,60,0,483
3052,3,60,0,0,20,6,8,20,171,60,60,0,590
3052,4,60,0,0,8,0,5,11,98,54,60,0,450
3052,5,60,0,0,12,0,5,14,141,61,60,0,549
3052,6,60,0,0,16,0,8,17,141,57,60,0,533
3052,7,60,0,0,20,0,8,20,180,60,60,0,608
3053,0,60,0,0,0,7,15,20,77,77,60,0,497
3053,2,60,0,0,2,6,15,23,122,82,60,0,592
3054,0,60,0,0,0,7,7,13,84,84,60,0,534
3054,1,60,0,4,24,15,12,24,158,68,60,0,588
3054,2,60,0,0,8,3,8,15,110,70,60,0,525
3054,3,60,0,4,24,9,12,24,171,68,60,0,614
3054,4,60,0,4,20,6,12,21,132,65,60,0,539
3054,5,60,0,4,24,6,12,24,171,68,60,0,614
3054,6,60,0,4,20,0,12,21,141,65,60,0,557
3054,7,60,0,4,24,0,12,24,180,68,60,0,632
3055,0,60,0,0,0,2,3,7,64,64,60,0,424
3055,1,60,0,0,12,6,5,14,132,65,60,0,539
3055,2,60,0,0,8,2,6,13,110,70,60,0,525
3055,3,60,0,0,20,6,8,20,171,64,60,0,598
3055,4,60,0,0,8,0,5,11,98,58,60,0,458
3055,5,60,0,0,12,0,5,14,141,65,60,0,557
3055,6,60,0,0,16,0,8,17,141,61,60,0,541
3055,7,60,0,0,20,0,8,20,180,64,60,0,616
3056,0,60,0,0,0,12,1,39,77,77,60,0,392
3057,0,60,0,0,0,12,1,39,97,97,60,0,508
3058,0,60,0,0,0,14,3,41,97,97,60,0,508
3059,0,60,0,0,0,12,1,39,77,77,60,0,398
3060,0,60,0,0,0,20,0,38,77,77,60,0,392
3061,0,60,0,0,0,22,3,41,97,97,60,0,508
3062,0,60,0,0,0,20,0,38,97,97,60,0,508
3063,0,60,0,0,0,20,0,38,77,77,60,0,398
3064,0,60,0,0,0,4,13,18,77,77,60,0,445
3064,1,60,0,0,9,8,17,26,137,61,60,0,541
3064,4,60,0,0,3,4,14,20,98,54,60,0,450
3064,5,60,0,0,9,6,17,26,141,61,60,0,549
3065,0,60,0,0,0,9,17,24,97,97,60,0,607
3065,1,60,0,0,13,11,21,30,137,69,60,0,565
3065,4,60,0,0,13,10,21,30,132,69,60,0,555
3065,5,60,0,0,13,6,21,30,141,69,60,0,573
3066,0,60,0,0,0,11,18,25,97,97,60,0,607
3067,0,60,0,0,0,4,13,18,77,77,60,0,497
3067,1,60,0,0,9,8,17,26,137,65,60,0,549
3067,4,60,0,0,3,4,14,20,98,58,60,0,458
3067,5,60,0,0,9,6,17,26,141,65,60,0,557
3068,0,60,0,0,0,4,5,10,77,77,60,0,445
3068,1,60,0,0,12,6,6,15,137,61,60,0,541
3068,2,60,0,4,20,6,12,21,137,61,60,0,541
3068,3,60,0,4,24,6,12,24,180,64,60,0,624
3068,4,60,0,0,8,0,6,12,98,54,60,0,450
3068,5,60,0,0,12,0,6,15,141,61,60,0,549
3068,6,60,0,4,20,0,12,21,141,61,60,0,549
3068,7,60,0,4,24,0,12,24,180,64,60,0,624
3069,0,60,0,0,0,13,20,27,97,97,60,0,607
3070,0,60,0,0,0,12,12,19,97,97,60,0,607
3070,1,60,0,8,28,18,16,28,163,72,60,0,614
3070,2,60,0,8,24,9,16,25,137,69,60,0,565
3070,3,60,0,8,28,9,16,28,180,72,60,0,648
3070,4,60,0,8,24,9,16,25,132,69,60,0,555
3070,5,60,0,8,28,9,16,28,171,72,60,0,630
3070,6,60,0,8,24,0,16,25,141,69,60,0,573
3070,7,60,0,8,28,0,16,28,180,72,60,0,648
3071,0,60,0,0,0,4,5,10,77,77,60,0,497
3071,1,60,0,0,12,6,6,15,137,65,60,0,549
3071,2,60,0,4,20,6,12,21,137,65,60,0,549
3071,3,60,0,4,24,6,12,24,180,68,60,0,632
3071,4,60,0,0,8,0,6,12,98,58,60,0,458
3071,5,60,0,0,12,0,6,15,141,65,60,0,557
3071,6,60,0,4,20,0,12,21,141,65,60,0,557
3071,7,60,0,4,24,0,12,24,180,68,60,0,632
3072,0,60,0,0,0,0,0,31,51,51,60,0,237
3072,1,60,0,0,2,0,0,34,98,54,60,0,348
3073,0,60,0,0,0,0,0,31,64,64,60,0,295
3073,1,60,0,0,2,0,0,34,98,54,60,0,350
3074,0,60,0,0,0,1,0,32,64,64,60,0,280
3074,1,60,0,0,2,1,0,35,110,66,60,0,387
3075,0,60,0,0,0,0,0,31,51,51,60,0,239
3075,1,60,0,0,2,0,0,34,98,54,60,0,350
3076,0,60,0,0,0,1,0,31,51,51,60,0,237
3076,1,60,0,0,2,2,0,34,98,54,60,0,348
3077,0,60,0,0,0,1,0,31,64,64,60,0,295
3077,1,60,0,0,2,2,0,34,98,54,60,0,350
3078,0,60,0,0,0,1,0,32,64,64,60,0,280
3078,1,60,0,0,2,2,0,35,110,66,60,0,387
3079,0,60,0,0,0,1,0,31,51,51,60,0,239
3079,1,60,0,0,2,2,0,34,98,54,60,0,350
3080,0,60,0,0,0,1,1,19,51,51,60,0,258
3080,1,60,0,0,6,1,3,25,98,54,60,0,371
3080,4,60,0,0,3,3,1,23,98,54,60,0,371
3080,5,60,0,0,9,3,3,29,141,53,60,0,468
3081,0,60,0,0,0,4,2,22,64,64,60,0,338
3081,1,60,0,0,6,1,3,25,98,54,60,0,399
3081,4,60,0,0,9,9,3,29,132,61,60,0,474
3081,5,60,0,0,9,3,3,29,141,61,60,0,492
3082,0,60,0,0,0,9,0,28,64,64,60,0,323
3082,1,60,0,0,2,6,0,31,110,66,60,0,436
3083,0,60,0,0,0,1,1,19,51,51,60,0,282
3083,1,60,0,0,6,1,3,25,98,54,60,0,399
3083,4,60,0,0,3,3,1,23,98,58,60,0,379
3083,5,60,0,0,9,3,3,29,141,57,60,0,476
3084,0,60,0,0,0,0,0,18,51,51,60,0,258
3084,1,60,0,0,3,0,0,22,98,54,60,0,371
3084,4,60,0,0,3,0,0,22,98,54,60,0,371
3084,5,60,0,0,6,0,0,26,141,53,60,0,468
3085,0,60,0,0,0,2,1,21,64,64,60,0,338
3085,1,60,0,0,3,0,1,23,98,54,60,0,399
3085,4,60,0,3,9,4,3,29,132,61,60,0,474
3085,5,60,0,3,9,0,3,29,141,61,60,0,492
3086,0,60,0,0,0,3,1,29,64,64,60,0,323
3086,1,60,0,0,2,4,1,32,110,66,60,0,436
3087,0,60,0,0,0,0,0,18,51,51,60,0,282
3087,1,60,0,0,3,0,0,22,98,54,60,0,399
3087,4,60,0,0,3,0,0,22,98,58,60,0,379
3087,5,60,0,0,6,0,0,26,141,57,60,0,476
3088,0,60,0,0,0,0,0,31,64,64,60,0,295
3088,1,60,0,0,2,0,0,34,98,54,60,0,350
3089,0,60,0,0,0,0,0,31,77,77,60,0,353
3089,1,60,0,0,2,0,0,34,98,54,60,0,352
3090,0,60,0,0,0,1,0,32,84,84,60,0,373
3090,1,60,0,0,2,1,0,35,110,66,60,0,391
3091,0,60,0,0,0,0,0,31,64,64,60,0,297
3091,1,60,0,0,2,0,0,34,98,54,60,0,352
3092,0,60,0,0,0,1,0,31,64,64,60,0,295
3092,1,60,0,0,2,2,0,34,98,54,60,0,350
3093,0,60,0,0,0,1,0,31,77,77,60,0,353
3093,1,60,0,0,2,2,0,34,98,54,60,0,352
3094,0,60,0,0,0,1,0,32,84,84,60,0,373
3094,1,60,0,0,2,2,0,35,110,66,60,0,391
3095,0,60,0,0,0,1,0,31,64,64,60,0,297
3095,1,60,0,0,2,2,0,34,98,54,60,0,352
3096,0,60,0,0,0,1,1,19,64,64,60,0,317
3096,1,60,0,0,6,1,3,25,98,54,60,0,373
3096,4,60,0,0,3,3,1,23,110,66,60,0,426
3096,5,60,0,0,9,3,3,29,141,53,60,0,470
3097,0,60,0,0,0,4,2,22,77,77,60,0,399
3097,1,60,0,0,6,1,3,25,98,54,60,0,401
3097,4,60,0,0,9,9,3,29,137,61,60,0,486
3097,5,60,0,0,9,3,3,29,141,61,60,0,494
3098,0,60,0,0,0,9,0,28,84,84,60,0,419
3098,1,60,0,0,2,6,0,31,110,66,60,0,440
3099,0,60,0,0,0,1,1,19,64,64,60,0,343
3099,1,60,0,0,6,1,3,25,98,54,60,0,401
3099,4,60,0,0,3,3,1,23,110,70,60,0,434
3099,5,60,0,0,9,3,3,29,141,57,60,0,478
3100,0,60,0,0,0,0,0,18,64,64,60,0,317
3100,1,60,0,0,3,0,0,22,98,54,60,0,373
3100,4,60,0,0,3,0,0,22,110,66,60,0,426
3100,5,60,0,0,6,0,0,26,141,53,60,0,470
3101,0,60,0,0,0,2,1,21,77,77,60,0,399
3101,1,60,0,0,3,0,1,23,98,54,60,0,401
3101,4,60,0,3,9,4,3,29,137,61,60,0,486
3101,5,60,0,3,9,0,3,29,141,61,60,0,494
3102,0,60,0,0,0,3,1,29,84,84,60,0,419
3102,1,60,0,0,2,4,1,32,110,66,60,0,440
3103,0,60,0,0,0,0,0,18,64,64,60,0,343
3103,1,60,0,0,3,0,0,22,98,54,60,0,401
3103,4,60,0,0,3,0,0,22,110,70,60,0,434
3103,5,60,0,0,6,0,0,26,141,57,60,0,478
3104,0,60,0,0,0,0,0,31,51,51,60,0,239
3104,1,60,0,0,2,0,0,34,98,54,60,0,350
3105,0,60,0,0,0,0,0,31,64,64,60,0,297
3105,1,60,0,0,2,0,0,34,98,54,60,0,352
3106,0,60,0,0,0,1,0,32,64,64,60,0,284
3106,1,60,0,0,2,1,0,35,110,66,60,0,391
3107,0,60,0,0,0,0,0,31,51,51,60,0,241
3107,1,60,0,0,2,0,0,34,98,54,60,0,352
3108,0,60,0,0,0,1,0,31,51,51,60,0,239
3108,1,60,0,0,2,2,0,34,98,54,60,0,350
3109,0,60,0,0,0,1,0,31,64,64,60,0,297
3109,1,60,0,0,2,2,0,34,98,54,60,0,352
3110,0,60,0,0,0,1,0,32,64,64,60,0,284
3110,1,60,0,0,2,2,0,35,110,66,60,0,391
3111,0,60,0,0,0,1,0,31,51,51,60,0,241
3111,1,60,0,0,2,2,0,34,98,54,60,0,352
3112,0,60,0,0,0,1,1,19,51,51,60,0,260
3112,1,60,0,0,6,1,3,25,98,54,60,0,373
3112,4,60,0,0,3,3,1,23,98,54,60,0,373
3112,5,60,0,0,9,3,3,29,141,53,60,0,470
3113,0,60,0,0,0,4,2,22,64,64,60,0,340
3113,1,60,0,0,6,1,3,25,98,54,60,0,401
3113,4,60,0,0,9,9,3,29,132,61,60,0,476
3113,5,60,0,0,9,3,3,29,141,61,60,0,494
3114,0,60,0,0,0,9,0,28,64,64,60,0,327
3114,1,60,0,0,2,6,0,31,110,66,60,0,440
3115,0,60,0,0,0,1,1,19,51,51,60,0,284
3115,1,60,0,0,6,1,3,25,98,54,60,0,401
3115,4,60,0,0,3,3,1,23,98,58,60,0,381
3115,5,60,0,0,9,3,3,29,141,57,60,0,478
3116,0,60,0,0,0,0,0,18,51,51,60,0,260
3116,1,60,0,0,3,0,0,22,98,54,60,0,373
3116,4,60,0,0,3,0,0,22,98,54,60,0,373
3116,5,60,0,0,6,0,0,26,141,53,60,0,470
3117,0,60,0,0,0,2,1,21,64,64,60,0,340
3117,1,60,0,0,3,0,1,23,98,54,60,0,401
3117,4,60,0,3,9,4,3,29,132,61,60,0,476
3117,5,60,0,3,9,0,3,29,141,61,60,0,494
3118,0,60,0,0,0,3,1,29,64,64,60,0,327
3118,1,60,0,0,2,4,1,32,110,66,60,0,440
3119,0,60,0,0,0,0,0,18,51,51,60,0,284
3119,1,60,0,0,3,0,0,22,98,54,60,0,401
3119,4,60,0,0,3,0,0,22,98,58,60,0,381
3119,5,60,0,0,6,0,0,26,141,57,60,0,478
3120,0,60,0,0,0,1,0,32,64,64,60,0,280
3120,1,60,0,0,2,1,0,35,110,66,60,0,387
3121,0,60,0,0,0,1,0,32,84,84,60,0,373
3121,1,60,0,0,2,1,0,35,110,66,60,0,391
3122,0,60,0,0,0,2,0,33,77,77,60,0,327
3122,1,60,0,0,2,2,0,36,122,78,60,0,430
3123,0,60,0,0,0,1,0,32,64,64,60,0,284
3123,1,60,0,0,2,1,0,35,110,66,60,0,391
3124,0,60,0,0,0,2,0,32,64,64,60,0,280
3124,1,60,0,0,2,3,0,35,110,66,60,0,387
3125,0,60,0,0,0,2,0,32,84,84,60,0,373
3125,1,60,0,0,2,3,0,35,110,66,60,0,391
3126,0,60,0,0,0,2,0,33,77,77,60,0,327
3126,1,60,0,0,2,3,0,36,122,78,60,0,430
3127,0,60,0,0,0,2,0,32,64,64,60,0,284
3127,1,60,0,0,2,3,0,35,110,66,60,0,391
3128,0,60,0,0,0,1,1,19,64,64,60,0,317
3128,1,60,0,0,6,1,3,25,110,66,60,0,426
3128,4,60,0,0,3,3,1,23,98,54,60,0,373
3128,5,60,0,0,9,3,3,29,141,53,60,0,470
3129,0,60,0,0,0,4,2,22,84,84,60,0,444
3129,1,60,0,0,6,1,3,25,110,66,60,0,468
3129,4,60,0,0,9,9,3,29,132,61,60,0,476
3129,5,60,0,0,9,3,3,29,141,61,60,0,494
3130,0,60,0,0,0,9,0,28,77,77,60,0,398
3130,1,60,0,0,2,6,0,31,122,78,60,0,507
3131,0,60,0,0,0,1,1,19,64,64,60,0,355
3131,1,60,0,0,6,1,3,25,110,66,60,0,468
3131,4,60,0,0,3,3,1,23,98,58,60,0,381
3131,5,60,0,0,9,3,3,29,141,57,60,0,478
3132,0,60,0,0,0,0,0,18,64,64,60,0,317
3132,1,60,0,0,3,0,0,22,110,66,60,0,426
3132,4,60,0,0,3,0,0,22,98,54,60,0,373
3132,5,60,0,0,6,0,0,26,141,53,60,0,470
3133,0,60,0,0,0,2,1,21,84,84,60,0,444
3133,1,60,0,0,3,0,1,23,110,66,60,0,468
3133,4,60,0,3,9,4,3,29,132,61,60,0,476
3133,5,60,0,3,9,0,3,29,141,61,60,0,494
3134,0,60,0,0,0,4,2,30,77,77,60,0,398
3134,1,60,0,0,2,5,2,33,122,78,60,0,507
3135,0,60,0,0,0,0,0,18,64,64,60,0,355
3135,1,60,0,0,3,0,0,22,110,66,60,0,468
3135,4,60,0,0,3,0,0,22,98,58,60,0,381
3135,5,60,0,0,6,0,0,26,141,57,60,0,478
3136,0,60,0,0,0,1,0,31,51,51,60,0,237
3136,1,60,0,0,2,2,0,34,98,54,60,0,348
3137,0,60,0,0,0,1,0,31,64,64,60,0,295
3137,1,60,0,0,2,2,0,34,98,54,60,0,350
3138,0,60,0,0,0,2,0,32,64,64,60,0,280
3138,1,60,0,0,2,3,0,35,110,66,60,0,387
3139,0,60,0,0,0,1,0,31,51,51,60,0,239
3139,1,60,0,0,2,2,0,34,98,54,60,0,350
3140,0,60,0,0,0,2,0,31,51,51,60,0,237
3140,1,60,0,0,2,4,0,34,98,54,60,0,348
3141,0,60,0,0,0,2,0,31,64,64,60,0,295
3141,1,60,0,0,2,4,0,34,98,54,60,0,350
3142,0,60,0,0,0,3,0,32,64,64,60,0,280
3142,1,60,0,0,2,5,0,35,110,66,60,0,387
3143,0,60,0,0,0,2,0,31,51,51,60,0,239
3143,1,60,0,0,2,4,0,34,98,54,60,0,350
3144,0,60,0,0,0,2,1,19,51,51,60,0,258
3144,1,60,0,0,6,4,3,25,98,54,60,0,371
3144,4,60,0,0,3,4,1,23,98,54,60,0,371
3144,5,60,0,0,9,6,3,29,141,53,60,0,468
3145,0,60,0,0,0,5,2,22,64,64,60,0,338
3145,1,60,0,0,6,4,3,25,98,54,60,0,399
3145,4,60,0,0,9,10,3,29,132,61,60,0,474
3145,5,60,0,0,9,6,3,29,141,61,60,0,492
3146,0,60,0,0,0,11,0,28,64,64,60,0,323
3146,1,60,0,0,2,10,0,31,110,66,60,0,436
3147,0,60,0,0,0,2,1,19,51,51,60,0,282
3147,1,60,0,0,6,4,3,25,98,54,60,0,399
3147,4,60,0,0,3,4,1,23,98,58,60,0,379
3147,5,60,0,0,9,6,3,29,141,57,60,0,476
3148,0,60,0,0,0,2,0,18,51,51,60,0,258
3148,1,60,0,0,3,4,0,22,98,54,60,0,371
3148,4,60,0,0,3,4,0,22,98,54,60,0,371
3148,5,60,0,0,6,6,0,26,141,53,60,0,468
3149,0,60,0,0,0,4,1,21,64,64,60,0,338
3149,1,60,0,0,3,4,1,23,98,54,60,0,399
3149,4,60,0,3,9,8,3,29,132,61,60,0,474
3149,5,60,0,3,9,6,3,29,141,61,60,0,492
3150,0,60,0,0,0,11,0,28,64,64,60,0,323
3150,1,60,0,0,2,12,0,31,110,66,60,0,436
3151,0,60,0,0,0,2,0,18,51,51,60,0,282
3151,1,60,0,0,3,4,0,22,98,54,60,0,399
3151,4,60,0,0,3,4,0,22,98,58,60,0,379
3151,5,60,0,0,6,6,0,26,141,57,60,0,476
3152,0,60,0,0,0,1,0,31,64,64,60,0,295
3152,1,60,0,0,2,2,0,34,98,54,60,0,350
3153,0,60,0,0,0,1,0,31,77,77,60,0,353
3153,1,60,0,0,2,2,0,34,98,54,60,0,352
3154,0,60,0,0,0,2,0,32,84,84,60,0,373
3154,1,60,0,0,2,3,0,35,110,66,60,0,391
3155,0,60,0,0,0,1,0,31,64,64,60,0,297
3155,1,60,0,0,2,2,0,34,98,54,60,0,352
3156,0,60,0,0,0,2,0,31,64,64,60,0,295
3156,1,60,0,0,2,4,0,34,98,54,60,0,350
3157,0,60,0,0,0,2,0,31,77,77,60,0,353
3157,1,60,0,0,2,4,0,34,98,54,60,0,352
3158,0,60,0,0,0,3,0,32,84,84,60,0,373
3158,1,60,0,0,2,5,0,35,110,66,60,0,391
3159,0,60,0,0,0,2,0,31,64,64,60,0,297
3159,1,60,0,0,2,4,0,34,98,54,60,0,352
3160,0,60,0,0,0,2,1,19,64,64,60,0,317
3160,1,60,0,0,6,4,3,25,98,54,60,0,373
3160,4,60,0,0,3,4,1,23,110,66,60,0,426
3160,5,60,0,0,9,6,3,29,141,53,60,0,470
3161,0,60,0,0,0,5,2,22,77,77,60,0,399
3161,1,60,0,0,6,4,3,25,98,54,60,0,401
3161,4,60,0,0,9,10,3,29,137,61,60,0,486
3161,5,60,0,0,9,6,3,29,141,61,60,0,494
3162,0,60,0,0,0,11,0,28,84,84,60,0,419
3162,1,60,0,0,2,10,0,31,110,66,60,0,440
3163,0,60,0,0,0,2,1,19,64,64,60,0,343
3163,1,60,0,0,6,4,3,25,98,54,60,0,401
3163,4,60,0,0,3,4,1,23,110,70,60,0,434
3163,5,60,0,0,9,6,3,29,141,57,60,0,478
3164,0,60,0,0,0,2,0,18,64,64,60,0,317
3164,1,60,0,0,3,4,0,22,98,54,60,0,373
3164,4,60,0,0,3,4,0,22,110,66,60,0,426
3164,5,60,0,0,6,6,0,26,141,53,60,0,470
3165,0,60,0,0,0,4,1,21,77,77,60,0,399
3165,1,60,0,0,3,4,1,23,98,54,60,0,401
3165,4,60,0,3,9,8,3,29,137,61,60,0,486
3165,5,60,0,3,9,6,3,29,141,61,60,0,494
3166,0,60,0,0,0,11,0,28,84,84,60,0,419
3166,1,60,0,0,2,12,0,31,110,66,60,0,440
3167,0,60,0,0,0,2,0,18,64,64,60,0,343
3167,1,60,0,0,3,4,0,22,98,54,60,0,401
3167,4,60,0,0,3,4,0,22,110,70,60,0,434
3167,5,60,0,0,6,6,0,26,141,57,60,0,478
3168,0,60,0,0,0,1,0,31,51,51,60,0,239
3168,1,60,0,0,2,2,0,34,98,54,60,0,350
3169,0,60,0,0,0,1,0,31,64,64,60,0,297
3169,1,60,0,0,2,2,0,34,98,54,60,0,352
3170,0,60,0,0,0,2,0,32,64,64,60,0,284
3170,1,60,0,0,2,3,0,35,110,66,60,0,391
3171,0,60,0,0,0,1,0,31,51,51,60,0,241
3171,1,60,0,0,2,2,0,34,98,54,60,0,352
3172,0,60,0,0,0,2,0,31,51,51,60,0,239
3172,1,60,0,0,2,4,0,34,98,54,60,0,350
3173,0,60,0,0,0,2,0,31,64,64,60,0,297
3173,1,60,0,0,2,4,0,34,98,54,60,0,352
3174,0,60,0,0,0,3,0,32,64,64,60,0,284
3174,1,60,0,0,2,5,0,35,110,66,60,0,391
3175,0,60,0,0,0,2,0,31,51,51,60,0,241
3175,1,60,0,0,2,4,0,34,98,54,60,0,352
3176,0,60,0,0,0,2,1,19,51,51,60,0,260
3176,1,60,0,0,6,4,3,25,98,54,60,0,373
3176,4,60,0,0,3,4,1,23,98,54,60,0,373
3176,5,60,0,0,9,6,3,29,141,53,60,0,470
3177,0,60,0,0,0,5,2,22,64,64,60,0,340
3177,1,60,0,0,6,4,3,25,98,54,60,0,401
3177,4,60,0,0,9,10,3,29,132,61,60,0,476
3177,5,60,0,0,9,6,3,29,141,61,60,0,494
3178,0,60,0,0,0,11,0,28,64,64,60,0,327
3178,1,60,0,0,2,10,0,31,110,66,60,0,440
3179,0,60,0,0,0,2,1,19,51,51,60,0,284
3179,1,60,0,0,6,4,3,25,98,54,60,0,401
3179,4,60,0,0,3,4,1,23,98,58,60,0,381
3179,5,60,0,0,9,6,3,29,141,57,60,0,478
3180,0,60,0,0,0,2,0,18,51,51,60,0,260
3180,1,60,0,0,3,4,0,22,98,54,60,0,373
3180,4,60,0,0,3,4,0,22,98,54,60,0,373
3180,5,60,0,0,6,6,0,26,141,53,60,0,470
3181,0,60,0,0,0,4,1,21,64,64,60,0,340
3181,1,60,0,0,3,4,1,23,98,54,60,0,401
3181,4,60,0,3,9,8,3,29,132,61,60,0,476
3181,5,60,0,3,9,6,3,29,141,61,60,0,494
3182,0,60,0,0,0,11,0,28,64,64,60,0,327
3182,1,60,0,0,2,12,0,31,110,66,60,0,440
3183,0,60,0,0,0,2,0,18,51,51,60,0,284
3183,1,60,0,0,3,4,0,22,98,54,60,0,401
3183,4,60,0,0,3,4,0,22,98,58,60,0,381
3183,5,60,0,0,6,6,0,26,141,57,60,0,478
3184,0,60,0,0,0,1,0,32,64,64,60,0,280
3184,1,60,0,0,2,2,0,35,110,66,60,0,387
3185,0,60,0,0,0,1,0,32,84,84,60,0,373
3185,1,60,0,0,2,2,0,35,110,66,60,0,391
3186,0,60,0,0,0,2,0,33,77,77,60,0,327
3186,1,60,0,0,2,3,0,36,122,78,60,0,430
3187,0,60,0,0,0,1,0,32,64,64,60,0,284
3187,1,60,0,0,2,2,0,35,110,66,60,0,391
3188,0,60,0,0,0,3,0,32,64,64,60,0,280
3188,1,60,0,0,2,5,0,35,110,66,60,0,387
3189,0,60,0,0,0,3,0,32,84,84,60,0,373
3189,1,60,0,0,2,5,0,35,110,66,60,0,391
3190,0,60,0,0,0,4,0,33,77,77,60,0,327
3190,1,60,0,0,2,6,0,36,122,78,60,0,430
3191,0,60,0,0,0,3,0,32,64,64,60,0,284
3191,1,60,0,0,2,5,0,35,110,66,60,0,391
3192,0,60,0,0,0,2,2,20,64,64,60,0,317
3192,1,60,0,0,6,4,4,26,110,66,60,0,426
3192,4,60,0,0,3,4,2,24,98,54,60,0,373
3192,5,60,0,0,9,6,4,30,141,53,60,0,470
3193,0,60,0,0,0,5,3,23,84,84,60,0,444
3193,1,60,0,0,6,4,4,26,110,66,60,0,468
3193,4,60,0,0,9,10,4,30,132,61,60,0,476
3193,5,60,0,0,9,6,4,30,141,61,60,0,494
3194,0,60,0,0,0,12,2,30,77,77,60,0,398
3194,1,60,0,0,2,11,2,33,122,78,60,0,507
3195,0,60,0,0,0,2,2,20,64,64,60,0,355
3195,1,60,0,0,6,4,4,26,110,66,60,0,468
3195,4,60,0,0,3,4,2,24,98,58,60,0,381
3195,5,60,0,0,9,6,4,30,141,57,60,0,478
3196,0,60,0,0,0,2,0,18,64,64,60,0,317
3196,1,60,0,0,3,4,0,22,110,66,60,0,426
3196,4,60,0,0,3,4,0,22,98,54,60,0,373
3196,5,60,0,0,6,6,0,26,141,53,60,0,470
3197,0,60,0,0,0,4,1,21,84,84,60,0,444
3197,1,60,0,0,3,4,1,23,110,66,60,0,468
3197,4,60,0,3,9,8,3,29,132,61,60,0,476
3197,5,60,0,3,9,6,3,29,141,61,60,0,494
3198,0,60,0,0,0,11,0,28,77,77,60,0,398
3198,1,60,0,0,2,12,0,31,122,78,60,0,507
3199,0,60,0,0,0,2,0,18,64,64,60,0,355
3199,1,60,0,0,3,4,0,22,110,66,60,0,468
3199,4,60,0,0,3,4,0,22,98,58,60,0,381
3199,5,60,0,0,6,6,0,26,141,57,60,0,478
3200,0,60,0,0,0,1,1,19,51,51,60,0,258
3200,1,60,0,0,6,1,3,25,98,54,60,0,371
3200,2,60,0,0,3,3,1,23,98,54,60,0,371
3200,3,60,0,0,9,3,3,29,141,53,60,0,468
3201,0,60,0,0,0,1,1,19,64,64,60,0,317
3201,1,60,0,0,6,1,3,25,98,54,60,0,373
3201,2,60,0,0,3,3,1,23,110,66,60,0,426
3201,3,60,0,0,9,3,3,29,141,53,60,0,470
3202,0,60,0,0,0,1,1,19,64,64,60,0,317
3202,1,60,0,0,6,1,3,25,110,66,60,0,426
3202,2,60,0,0,3,3,1,23,98,54,60,0,373
3202,3,60,0,0,9,3,3,29,141,53,60,0,470
3203,0,60,0,0,0,1,1,19,51,51,60,0,260
3203,1,60,0,0,6,1,3,25,98,54,60,0,373
3203,2,60,0,0,3,3,1,23,98,54,60,0,373
3203,3,60,0,0,9,3,3,29,141,53,60,0,470
3204,0,60,0,0,0,2,1,19,51,51,60,0,258
3204,1,60,0,0,6,4,3,25,98,54,60,0,371
3204,2,60,0,0,3,4,1,23,98,54,60,0,371
3204,3,60,0,0,9,6,3,29,141,53,60,0,468
3205,0,60,0,0,0,2,1,19,64,64,60,0,317
3205,1,60,0,0,6,4,3,25,98,54,60,0,373
3205,2,60,0,0,3,4,1,23,110,66,60,0,426
3205,3,60,0,0,9,6,3,29,141,53,60,0,470
3206,0,60,0,0,0,2,2,20,64,64,60,0,317
3206,1,60,0,0,6,4,4,26,110,66,60,0,426
3206,2,60,0,0,3,4,2,24,98,54,60,0,373
3206,3,60,0,0,9,6,4,30,141,53,60,0,470
3207,0,60,0,0,0,2,1,19,51,51,60,0,260
3207,1,60,0,0,6,4,3,25,98,54,60,0,373
3207,2,60,0,0,3,4,1,23,98,54,60,0,373
3207,3,60,0,0,9,6,3,29,141,53,60,0,470
3208,0,60,0,0,0,0,2,5,51,51,60,0,279
3208,1,60,0,0,12,0,8,14,98,54,60,0,394
3208,2,60,0,0,4,0,2,8,98,54,60,0,394
3208,3,60,0,0,16,0,8,17,141,53,60,0,493
3208,4,60,0,0,4,0,2,8,98,54,60,0,394
3208,5,60,0,0,16,0,8,17,141,53,60,0,493
3208,6,60,0,0,8,0,2,11,141,53,60,0,493
3208,7,60,0,0,20,0,8,20,180,48,60,0,576
3209,0,60,0,0,0,3,4,8,64,64,60,0,360
3209,1,60,0,0,12,0,8,14,98,54,60,0,422
3209,2,60,0,0,4,3,4,11,110,66,60,0,475
3209,3,60,0,0,16,0,8,17,141,53,60,0,525
3209,4,60,0,0,16,9,8,17,132,61,60,0,499
3209,5,60,0,0,16,0,8,17,141,61,60,0,517
3209,6,60,0,0,20,9,8,20,171,56,60,0,582
3209,7,60,0,0,20,0,8,20,180,56,60,0,600
3210,0,60,0,0,0,1,3,7,64,64,60,0,360
3210,1,60,0,0,12,1,9,16,110,66,60,0,475
3210,2,60,0,0,4,0,3,9,98,54,60,0,422
3210,3,60,0,0,16,0,9,18,141,53,60,0,525
3210,4,60,0,0,12,3,6,15,132,61,60,0,499
3210,5,60,0,0,24,3,12,24,171,56,60,0,582
3210,6,60,0,0,12,0,6,15,141,61,60,0,517
3210,7,60,0,0,24,0,12,24,180,56,60,0,600
3211,0,60,0,0,0,0,2,5,51,51,60,0,303
3211,1,60,0,0,12,0,8,14,98,54,60,0,422
3211,2,60,0,0,4,0,2,8,98,54,60,0,422
3211,3,60,0,0,16,0,8,17,141,53,60,0,525
3211,4,60,0,0,4,0,2,8,98,58,60,0,402
3211,5,60,0,0,16,0,8,17,141,57,60,0,501
3211,6,60,0,0,8,0,2,11,141,57,60,0,501
3211,7,60,0,0,20,0,8,20,180,52,60,0,584
3212,0,60,0,0,0,0,2,5,51,51,60,0,279
3212,1,60,0,0,8,0,5,11,98,54,60,0,394
3212,2,60,0,0,4,0,2,8,98,54,60,0,394
3212,3,60,0,0,12,0,5,14,141,53,60,0,493
3212,4,60,0,0,8,0,5,11,98,54,60,0,394
3212,5,60,0,0,16,0,8,17,141,53,60,0,493
3212,6,60,0,0,12,0,5,14,141,53,60,0,493
3212,7,60,0,0,20,0,8,20,180,48,60,0,576
3213,0,60,0,0,0,2,4,8,64,64,60,0,360
3213,1,60,0,0,8,0,6,12,98,54,60,0,422
3213,2,60,0,0,4,2,4,11,110,66,60,0,475
3213,3,60,0,0,12,0,6,15,141,53,60,0,525
3213,4,60,0,4,20,6,12,21,132,61,60,0,499
3213,5,60,0,4,20,0,12,21,141,61,60,0,517
3213,6,60,0,4,24,6,12,24,171,56,60,0,582
3213,7,60,0,4,24,0,12,24,180,56,60,0,600
3214,0,60,0,0,0,2,11,15,64,64,60,0,360
3214,1,60,0,0,6,4,14,21,110,66,60,0,475
3214,2,60,0,0,3,4,13,19,98,54,60,0,422
3214,3,60,0,0,9,6,16,25,141,53,60,0,525
3215,0,60,0,0,0,0,2,5,51,51,60,0,303
3215,1,60,0,0,8,0,5,11,98,54,60,0,422
3215,2,60,0,0,4,0,2,8,98,54,60,0,422
3215,3,60,0,0,12,0,5,14,141,53,60,0,525
3215,4,60,0,0,8,0,5,11,98,58,60,0,402
3215,5,60,0,0,16,0,8,17,141,57,60,0,501
3215,6,60,0,0,12,0,5,14,141,57,60,0,501
3215,7,60,0,0,20,0,8,20,180,52,60,0,584
3216,0,60,0,0,0,4,2,22,64,64,60,0,338
3216,1,60,0,0,6,1,3,25,98,54,60,0,399
3216,2,60,0,0,9,9,3,29,132,61,60,0,474
3216,3,60,0,0,9,3,3,29,141,61,60,0,492
3217,0,60,0,0,0,4,2,22,77,77,60,0,399
3217,1,60,0,0,6,1,3,25,98,54,60,0,401
3217,2,60,0,0,9,9,3,29,137,61,60,0,486
3217,3,60,0,0,9,3,3,29,141,61,60,0,494
3218,0,60,0,0,0,4,2,22,84,84,60,0,444
3218,1,60,0,0,6,1,3,25,110,66,60,0,468
3218,2,60,0,0,9,9,3,29,132,61,60,0,476
3218,3,60,0,0,9,3,3,29,141,61,60,0,494
3219,0,60,0,0,0,4,2,22,64,64,60,0,340
3219,1,60,0,0,6,1,3,25,98,54,60,0,401
3219,2,60,0,0,9,9,3,29,132,61,60,0,476
3219,3,60,0,0,9,3,3,29,141,61,60,0,494
3220,0,60,0,0,0,5,2,22,64,64,60,0,338
3220,1,60,0,0,6,4,3,25,98,54,60,0,399
3220,2,60,0,0,9,10,3,29,132,61,60,0,474
3220,3,60,0,0,9,6,3,29,141,61,60,0,492
3221,0,60,0,0,0,5,2,22,77,77,60,0,399
3221,1,60,0,0,6,4,3,25,98,54,60,0,401
3221,2,60,0,0,9,10,3,29,137,61,60,0,486
3221,3,60,0,0,9,6,3,29,141,61,60,0,494
3222,0,60,0,0,0,5,3,23,84,84,60,0,444
3222,1,60,0,0,6,4,4,26,110,66,60,0,468
3222,2,60,0,0,9,10,4,30,132,61,60,0,476
3222,3,60,0,0,9,6,4,30,141,61,60,0,494
3223,0,60,0,0,0,5,2,22,64,64,60,0,340
3223,1,60,0,0,6,4,3,25,98,54,60,0,401
3223,2,60,0,0,9,10,3,29,132,61,60,0,476
3223,3,60,0,0,9,6,3,29,141,61,60,0,494
3224,0,60,0,0,0,3,4,8,64,64,60,0,360
3224,1,60,0,0,12,0,8,14,98,54,60,0,422
3224,2,60,0,0,16,9,8,17,132,61,60,0,499
3224,3,60,0,0,16,0,8,17,141,61,60,0,517
3224,4,60,0,0,4,3,4,11,110,66,60,0,475
3224,5,60,0,0,16,0,8,17,141,53,60,0,525
3224,6,60,0,0,20,9,8,20,171,56,60,0,582
3224,7,60,0,0,20,0,8,20,180,56,60,0,600
3225,0,60,0,0,0,6,6,11,77,77,60,0,445
3225,1,60,0,0,12,0,8,14,98,54,60,0,450
3225,2,60,0,0,16,9,8,17,137,61,60,0,541
3225,3,60,0,0,16,0,8,17,141,61,60,0,549
3225,4,60,0,0,16,9,8,17,137,61,60,0,541
3225,5,60,0,0,16,0,8,17,141,61,60,0,549
3225,6,60,0,0,20,9,8,20,180,64,60,0,624
3225,7,60,0,0,20,0,8,20,180,64,60,0,624
3226,0,60,0,0,0,7,7,13,84,84,60,0,490
3226,1,60,0,0,12,1,9,16,110,66,60,0,517
3226,2,60,0,0,16,9,9,18,132,61,60,0,531
3226,3,60,0,0,16,0,9,18,141,61,60,0,549
3226,4,60,0,0,24,12,12,24,158,64,60,0,580
3226,5,60,0,0,24,3,12,24,171,64,60,0,606
3226,6,60,0,0,24,9,12,24,171,64,60,0,606
3226,7,60,0,0,24,0,12,24,180,64,60,0,624
3227,0,60,0,0,0,3,4,8,64,64,60,0,386
3227,1,60,0,0,12,0,8,14,98,54,60,0,450
3227,2,60,0,0,16,9,8,17,132,61,60,0,531
3227,3,60,0,0,16,0,8,17,141,61,60,0,549
3227,4,60,0,0,4,3,4,11,110,70,60,0,483
3227,5,60,0,0,16,0,8,17,141,57,60,0,533
3227,6,60,0,0,20,9,8,20,171,60,60,0,590
3227,7,60,0,0,20,0,8,20,180,60,60,0,608
3228,0,60,0,0,0,2,3,7,64,64,60,0,360
3228,1,60,0,0,8,0,5,11,98,54,60,0,422
3228,2,60,0,0,12,6,5,14,132,61,60,0,499
3228,3,60,0,0,12,0,5,14,141,61,60,0,517
3228,4,60,0,0,8,2,6,13,110,66,60,0,475
3228,5,60,0,0,16,0,8,17,141,53,60,0,525
3228,6,60,0,0,20,6,8,20,171,56,60,0,582
3228,7,60,0,0,20,0,8,20,180,56,60,0,600
3229,0,60,0,0,0,4,5,10,77,77,60,0,445
3229,1,60,0,0,8,0,6,12,98,54,60,0,450
3229,2,60,0,0,12,6,6,15,137,61,60,0,541
3229,3,60,0,0,12,0,6,15,141,61,60,0,549
3229,4,60,0,4,20,6,12,21,137,61,60,0,541
3229,5,60,0,4,20,0,12,21,141,61,60,0,549
3229,6,60,0,4,24,6,12,24,180,64,60,0,624
3229,7,60,0,4,24,0,12,24,180,64,60,0,624
3230,0,60,0,0,0,5,12,18,84,84,60,0,490
3230,1,60,0,0,6,4,14,21,110,66,60,0,517
3230,2,60,0,0,9,10,16,25,132,61,60,0,531
3230,3,60,0,0,9,6,16,25,141,61,60,0,549
3231,0,60,0,0,0,2,3,7,64,64,60,0,386
3231,1,60,0,0,8,0,5,11,98,54,60,0,450
3231,2,60,0,0,12,6,5,14,132,61,60,0,531
3231,3,60,0,0,12,0,5,14,141,61,60,0,549
3231,4,60,0,0,8,2,6,13,110,70,60,0,483
3231,5,60,0,0,16,0,8,17,141,57,60,0,533
3231,6,60,0,0,20,6,8,20,171,60,60,0,590
3231,7,60,0,0,20,0,8,20,180,60,60,0,608
3232,0,60,0,0,0,1,1,19,51,51,60,0,282
3232,1,60,0,0,6,1,3,25,98,54,60,0,399
3232,2,60,0,0,3,3,1,23,98,58,60,0,379
3232,3,60,0,0,9,3,3,29,141,57,60,0,476
3233,0,60,0,0,0,1,1,19,64,64,60,0,343
3233,1,60,0,0,6,1,3,25,98,54,60,0,401
3233,2,60,0,0,3,3,1,23,110,70,60,0,434
3233,3,60,0,0,9,3,3,29,141,57,60,0,478
3234,0,60,0,0,0,1,1,19,64,64,60,0,355
3234,1,60,0,0,6,1,3,25,110,66,60,0,468
3234,2,60,0,0,3,3,1,23,98,58,60,0,381
3234,3,60,0,0,9,3,3,29,141,57,60,0,478
3235,0,60,0,0,0,1,1,19,51,51,60,0,284
3235,1,60,0,0,6,1,3,25,98,54,60,0,401
3235,2,60,0,0,3,3,1,23,98,58,60,0,381
3235,3,60,0,0,9,3,3,29,141,57,60,0,478
3236,0,60,0,0,0,2,1,19,51,51,60,0,282
3236,1,60,0,0,6,4,3,25,98,54,60,0,399
3236,2,60,0,0,3,4,1,23,98,58,60,0,379
3236,3,60,0,0,9,6,3,29,141,57,60,0,476
3237,0,60,0,0,0,2,1,19,64,64,60,0,343
3237,1,60,0,0,6,4,3,25,98,54,60,0,401
3237,2,60,0,0,3,4,1,23,110,70,60,0,434
3237,3,60,0,0,9,6,3,29,141,57,60,0,478
3238,0,60,0,0,0,2,2,20,64,64,60,0,355
3238,1,60,0,0,6,4,4,26,110,66,60,0,468
3238,2,60,0,0,3,4,2,24,98,58,60,0,381
3238,3,60,0,0,9,6,4,30,141,57,60,0,478
3239,0,60,0,0,0,2,1,19,51,51,60,0,284
3239,1,60,0,0,6,4,3,25,98,54,60,0,401
3239,2,60,0,0,3,4,1,23,98,58,60,0,381
3239,3,60,0,0,9,6,3,29,141,57,60,0,478
3240,0,60,0,0,0,0,2,5,51,51,60,0,303
3240,1,60,0,0,12,0,8,14,98,54,60,0,422
3240,2,60,0,0,4,0,2,8,98,58,60,0,402
3240,3,60,0,0,16,0,8,17,141,57,60,0,501
3240,4,60,0,0,4,0,2,8,98,54,60,0,422
3240,5,60,0,0,16,0,8,17,141,53,60,0,525
3240,6,60,0,0,8,0,2,11,141,57,60,0,501
3240,7,60,0,0,20,0,8,20,180,52,60,0,584
3241,0,60,0,0,0,3,4,8,64,64,60,0,386
3241,1,60,0,0,12,0,8,14,98,54,60,0,450
3241,2,60,0,0,4,3,4,11,110,70,60,0,483
3241,3,60,0,0,16,0,8,17,141,57,60,0,533
3241,4,60,0,0,16,9,8,17,132,61,60,0,531
3241,5,60,0,0,16,0,8,17,141,61,60,0,549
3241,6,60,0,0,20,9,8,20,171,60,60,0,590
3241,7,60,0,0,20,0,8,20,180,60,60,0,608
3242,0,60,0,0,0,1,3,7,64,64,60,0,398
3242,1,60,0,0,12,1,9,16,110,66,60,0,517
3242,2,60,0,0,4,0,3,9,98,58,60,0,430
3242,3,60,0,0,16,0,9,18,141,57,60,0,533
3242,4,60,0,0,12,3,6,15,132,65,60,0,507
3242,5,60,0,0,24,3,12,24,171,60,60,0,590
3242,6,60,0,0,12,0,6,15,141,65,60,0,525
3242,7,60,0,0,24,0,12,24,180,60,60,0,608
3243,0,60,0,0,0,0,2,5,51,51,60,0,327
3243,1,60,0,0,12,0,8,14,98,54,60,0,450
3243,2,60,0,0,4,0,2,8,98,58,60,0,430
3243,3,60,0,0,16,0,8,17,141,57,60,0,533
3243,4,60,0,0,4,0,2,8,98,58,60,0,430
3243,5,60,0,0,16,0,8,17,141,57,60,0,533
3243,6,60,0,0,8,0,2,11,141,61,60,0,509
3243,7,60,0,0,20,0,8,20,180,56,60,0,592
3244,0,60,0,0,0,0,2,5,51,51,60,0,303
3244,1,60,0,0,8,0,5,11,98,54,60,0,422
3244,2,60,0,0,4,0,2,8,98,58,60,0,402
3244,3,60,0,0,12,0,5,14,141,57,60,0,501
3244,4,60,0,0,8,0,5,11,98,54,60,0,422
3244,5,60,0,0,16,0,8,17,141,53,60,0,525
3244,6,60,0,0,12,0,5,14,141,57,60,0,501
3244,7,60,0,0,20,0,8,20,180,52,60,0,584
3245,0,60,0,0,0,2,4,8,64,64,60,0,386
3245,1,60,0,0,8,0,6,12,98,54,60,0,450
3245,2,60,0,0,4,2,4,11,110,70,60,0,483
3245,3,60,0,0,12,0,6,15,141,57,60,0,533
3245,4,60,0,4,20,6,12,21,132,61,60,0,531
3245,5,60,0,4,20,0,12,21,141,61,60,0,549
3245,6,60,0,4,24,6,12,24,171,60,60,0,590
3245,7,60,0,4,24,0,12,24,180,60,60,0,608
3246,0,60,0,0,0,2,11,15,64,64,60,0,398
3246,1,60,0,0,6,4,14,21,110,66,60,0,517
3246,2,60,0,0,3,4,13,19,98,58,60,0,430
3246,3,60,0,0,9,6,16,25,141,57,60,0,533
3247,0,60,0,0,0,0,2,5,51,51,60,0,327
3247,1,60,0,0,8,0,5,11,98,54,60,0,450
3247,2,60,0,0,4,0,2,8,98,58,60,0,430
3247,3,60,0,0,12,0,5,14,141,57,60,0,533
3247,4,60,0,0,8,0,5,11,98,58,60,0,430
3247,5,60,0,0,16,0,8,17,141,57,60,0,533
3247,6,60,0,0,12,0,5,14,141,61,60,0,509
3247,7,60,0,0,20,0,8,20,180,56,60,0,592
3248,0,60,0,0,0,9,0,28,64,64,60,0,323
3248,1,60,0,0,2,6,0,31,110,66,60,0,436
3249,0,60,0,0,0,9,0,28,84,84,60,0,419
3249,1,60,0,0,2,6,0,31,110,66,60,0,440
3250,0,60,0,0,0,9,0,28,77,77,60,0,398
3250,1,60,0,0,2,6,0,31,122,78,60,0,507
3251,0,60,0,0,0,9,0,28,64,64,60,0,327
3251,1,60,0,0,2,6,0,31,110,66,60,0,440
3252,0,60,0,0,0,11,0,28,64,64,60,0,323
3252,1,60,0,0,2,10,0,31,110,66,60,0,436
3253,0,60,0,0,0,11,0,28,84,84,60,0,419
3253,1,60,0,0,2,10,0,31,110,66,60,0,440
3254,0,60,0,0,0,12,2,30,77,77,60,0,398
3254,1,60,0,0,2,11,2,33,122,78,60,0,507
3255,0,60,0,0,0,11,0,28,64,64,60,0,327
3255,1,60,0,0,2,10,0,31,110,66,60,0,440
3256,0,60,0,0,0,1,3,7,64,64,60,0,360
3256,1,60,0,0,12,1,9,16,110,66,60,0,475
3256,2,60,0,0,12,3,6,15,132,61,60,0,499
3256,3,60,0,0,24,3,12,24,171,56,60,0,582
3256,4,60,0,0,4,0,3,9,98,54,60,0,422
3256,5,60,0,0,16,0,9,18,141,53,60,0,525
3256,6,60,0,0,12,0,6,15,141,61,60,0,517
3256,7,60,0,0,24,0,12,24,180,56,60,0,600
3257,0,60,0,0,0,7,7,13,84,84,60,0,490
3257,1,60,0,0,12,1,9,16,110,66,60,0,517
3257,2,60,0,0,24,12,12,24,158,64,60,0,580
3257,3,60,0,0,24,3,12,24,171,64,60,0,606
3257,4,60,0,0,16,9,9,18,132,61,60,0,531
3257,5,60,0,0,16,0,9,18,141,61,60,0,549
3257,6,60,0,0,24,9,12,24,171,64,60,0,606
3257,7,60,0,0,24,0,12,24,180,64,60,0,624
3258,0,60,0,0,0,4,6,11,77,77,60,0,469
3258,1,60,0,0,12,4,12,20,122,78,60,0,584
3258,2,60,0,0,16,6,10,19,132,69,60,0,523
3258,3,60,0,0,28,6,16,28,171,64,60,0,606
3258,4,60,0,0,16,6,10,19,132,69,60,0,523
3258,5,60,0,0,28,6,16,28,171,64,60,0,606
3258,6,60,0,0,16,0,10,19,141,69,60,0,541
3258,7,60,0,0,28,0,16,28,180,64,60,0,624
3259,0,60,0,0,0,1,3,7,64,64,60,0,398
3259,1,60,0,0,12,1,9,16,110,66,60,0,517
3259,2,60,0,0,12,3,6,15,132,65,60,0,507
3259,3,60,0,0,24,3,12,24,171,60,60,0,590
3259,4,60,0,0,4,0,3,9,98,58,60,0,430
3259,5,60,0,0,16,0,9,18,141,57,60,0,533
3259,6,60,0,0,12,0,6,15,141,65,60,0,525
3259,7,60,0,0,24,0,12,24,180,60,60,0,608
3260,0,60,0,0,0,2,3,7,64,64,60,0,360
3260,1,60,0,0,8,2,6,13,110,66,60,0,475
3260,2,60,0,0,12,6,5,14,132,61,60,0,499
3260,3,60,0,0,20,6,8,20,171,56,60,0,582
3260,4,60,0,0,8,0,5,11,98,54,60,0,422
3260,5,60,0,0,16,0,8,17,141,53,60,0,525
3260,6,60,0,0,12,0,5,14,141,61,60,0,517
3260,7,60,0,0,20,0,8,20,180,56,60,0,600
3261,0,60,0,0,0,7,7,13,84,84,60,0,490
3261,1,60,0,0,8,3,8,15,110,66,60,0,517
3261,2,60,0,4,24,15,12,24,158,64,60,0,580
3261,3,60,0,4,24,9,12,24,171,64,60,0,606
3261,4,60,0,4,20,6,12,21,132,61,60,0,531
3261,5,60,0,4,20,0,12,21,141,61,60,0,549
3261,6,60,0,4,24,6,12,24,171,64,60,0,606
3261,7,60,0,4,24,0,12,24,180,64,60,0,624
3262,0,60,0,0,0,7,15,20,77,77,60,0,469
3262,1,60,0,0,2,6,15,23,122,78,60,0,584
3263,0,60,0,0,0,2,3,7,64,64,60,0,398
3263,1,60,0,0,8,2,6,13,110,66,60,0,517
3263,2,60,0,0,12,6,5,14,132,65,60,0,507
3263,3,60,0,0,20,6,8,20,171,60,60,0,590
3263,4,60,0,0,8,0,5,11,98,58,60,0,430
3263,5,60,0,0,16,0,8,17,141,57,60,0,533
3263,6,60,0,0,12,0,5,14,141,65,60,0,525
3263,7,60,0,0,20,0,8,20,180,60,60,0,608
3264,0,60,0,0,0,0,0,18,51,51,60,0,258
3264,1,60,0,0,3,0,0,22,98,54,60,0,371
3264,2,60,0,0,3,0,0,22,98,54,60,0,371
3264,3,60,0,0,6,0,0,26,141,53,60,0,468
3265,0,60,0,0,0,0,0,18,64,64,60,0,317
3265,1,60,0,0,3,0,0,22,98,54,60,0,373
3265,2,60,0,0,3,0,0,22,110,66,60,0,426
3265,3,60,0,0,6,0,0,26,141,53,60,0,470
3266,0,60,0,0,0,0,0,18,64,64,60,0,317
3266,1,60,0,0,3,0,0,22,110,66,60,0,426
3266,2,60,0,0,3,0,0,22,98,54,60,0,373
3266,3,60,0,0,6,0,0,26,141,53,60,0,470
3267,0,60,0,0,0,0,0,18,51,51,60,0,260
3267,1,60,0,0,3,0,0,22,98,54,60,0,373
3267,2,60,0,0,3,0,0,22,98,54,60,0,373
3267,3,60,0,0,6,0,0,26,141,53,60,0,470
3268,0,60,0,0,0,2,0,18,51,51,60,0,258
3268,1,60,0,0,3,4,0,22,98,54,60,0,371
3268,2,60,0,0,3,4,0,22,98,54,60,0,371
3268,3,60,0,0,6,6,0,26,141,53,60,0,468
3269,0,60,0,0,0,2,0,18,64,64,60,0,317
3269,1,60,0,0,3,4,0,22,98,54,60,0,373
3269,2,60,0,0,3,4,0,22,110,66,60,0,426
3269,3,60,0,0,6,6,0,26,141,53,60,0,470
3270,0,60,0,0,0,2,0,18,64,64,60,0,317
3270,1,60,0,0,3,4,0,22,110,66,60,0,426
3270,2,60,0,0,3,4,0,22,98,54,60,0,373
3270,3,60,0,0,6,6,0,26,141,53,60,0,470
3271,0,60,0,0,0,2,0,18,51,51,60,0,260
3271,1,60,0,0,3,4,0,22,98,54,60,0,373
3271,2,60,0,0,3,4,0,22,98,54,60,0,373
3271,3,60,0,0,6,6,0,26,141,53,60,0,470
3272,0,60,0,0,0,0,2,5,51,51,60,0,279
3272,1,60,0,0,8,0,5,11,98,54,60,0,394
3272,2,60,0,0,8,0,5,11,98,54,60,0,394
3272,3,60,0,0,16,0,8,17,141,53,60,0,493
3272,4,60,0,0,4,0,2,8,98,54,60,0,394
3272,5,60,0,0,12,0,5,14,141,53,60,0,493
3272,6,60,0,0,12,0,5,14,141,53,60,0,493
3272,7,60,0,0,20,0,8,20,180,48,60,0,576
3273,0,60,0,0,0,2,3,7,64,64,60,0,360
3273,1,60,0,0,8,0,5,11,98,54,60,0,422
3273,2,60,0,0,8,2,6,13,110,66,60,0,475
3273,3,60,0,0,16,0,8,17,141,53,60,0,525
3273,4,60,0,0,12,6,5,14,132,61,60,0,499
3273,5,60,0,0,12,0,5,14,141,61,60,0,517
3273,6,60,0,0,20,6,8,20,171,56,60,0,582
3273,7,60,0,0,20,0,8,20,180,56,60,0,600
3274,0,60,0,0,0,2,3,7,64,64,60,0,360
3274,1,60,0,0,8,2,6,13,110,66,60,0,475
3274,2,60,0,0,8,0,5,11,98,54,60,0,422
3274,3,60,0,0,16,0,8,17,141,53,60,0,525
3274,4,60,0,0,12,6,5,14,132,61,60,0,499
3274,5,60,0,0,20,6,8,20,171,56,60,0,582
3274,6,60,0,0,12,0,5,14,141,61,60,0,517
3274,7,60,0,0,20,0,8,20,180,56,60,0,600
3275,0,60,0,0,0,0,2,5,51,51,60,0,303
3275,1,60,0,0,8,0,5,11,98,54,60,0,422
3275,2,60,0,0,8,0,5,11,98,54,60,0,422
3275,3,60,0,0,16,0,8,17,141,53,60,0,525
3275,4,60,0,0,4,0,2,8,98,58,60,0,402
3275,5,60,0,0,12,0,5,14,141,57,60,0,501
3275,6,60,0,0,12,0,5,14,141,57,60,0,501
3275,7,60,0,0,20,0,8,20,180,52,60,0,584
3276,0,60,0,0,0,0,0,3,51,51,60,0,279
3276,1,60,0,0,4,0,0,6,98,54,60,0,394
3276,2,60,0,0,4,0,0,6,98,54,60,0,394
3276,3,60,0,0,8,0,0,9,141,53,60,0,493
3276,4,60,0,0,4,0,0,6,98,54,60,0,394
3276,5,60,0,0,8,0,0,9,141,53,60,0,493
3276,6,60,0,0,8,0,0,9,141,53,60,0,493
3276,7,60,0,0,12,0,0,12,180,48,60,0,576
3277,0,60,0,0,0,1,1,5,64,64,60,0,360
3277,1,60,0,0,4,0,1,7,98,54,60,0,422
3277,2,60,0,0,4,1,1,8,110,66,60,0,475
3277,3,60,0,0,8,0,1,10,141,53,60,0,525
3277,4,60,0,4,12,3,4,13,132,61,60,0,499
3277,5,60,0,4,12,0,4,13,141,61,60,0,517
3277,6,60,0,4,16,3,4,16,171,56,60,0,582
3277,7,60,0,4,16,0,4,16,180,56,60,0,600
3278,0,60,0,0,0,1,1,5,64,64,60,0,360
3278,1,60,0,0,4,1,1,8,110,66,60,0,475
3278,2,60,0,0,4,0,1,7,98,54,60,0,422
3278,3,60,0,0,8,0,1,10,141,53,60,0,525
3278,4,60,0,4,12,3,4,13,132,61,60,0,499
3278,5,60,0,4,16,3,4,16,171,56,60,0,582
3278,6,60,0,4,12,0,4,13,141,61,60,0,517
3278,7,60,0,4,16,0,4,16,180,56,60,0,600
3279,0,60,0,0,0,0,0,3,51,51,60,0,303
3279,1,60,0,0,4,0,0,6,98,54,60,0,422
3279,2,60,0,0,4,0,0,6,98,54,60,0,422
3279,3,60,0,0,8,0,0,9,141,53,60,0,525
3279,4,60,0,0,4,0,0,6,98,58,60,0,402
3279,5,60,0,0,8,0,0,9,141,57,60,0,501
3279,6,60,0,0,8,0,0,9,141,57,60,0,501
3279,7,60,0,0,12,0,0,12,180,52,60,0,584
3280,0,60,0,0,0,2,1,21,64,64,60,0,338
3280,1,60,0,0,3,0,1,23,98,54,60,0,399
3280,2,60,0,3,9,4,3,29,132,61,60,0,474
3280,3,60,0,3,9,0,3,29,141,61,60,0,492
3281,0,60,0,0,0,2,1,21,77,77,60,0,399
3281,1,60,0,0,3,0,1,23,98,54,60,0,401
3281,2,60,0,3,9,4,3,29,137,61,60,0,486
3281,3,60,0,3,9,0,3,29,141,61,60,0,494
3282,0,60,0,0,0,2,1,21,84,84,60,0,444
3282,1,60,0,0,3,0,1,23,110,66,60,0,468
3282,2,60,0,3,9,4,3,29,132,61,60,0,476
3282,3,60,0,3,9,0,3,29,141,61,60,0,494
3283,0,60,0,0,0,2,1,21,64,64,60,0,340
3283,1,60,0,0,3,0,1,23,98,54,60,0,401
3283,2,60,0,3,9,4,3,29,132,61,60,0,476
3283,3,60,0,3,9,0,3,29,141,61,60,0,494
3284,0,60,0,0,0,4,1,21,64,64,60,0,338
3284,1,60,0,0,3,4,1,23,98,54,60,0,399
3284,2,60,0,3,9,8,3,29,132,61,60,0,474
3284,3,60,0,3,9,6,3,29,141,61,60,0,492
3285,0,60,0,0,0,4,1,21,77,77,60,0,399
3285,1,60,0,0,3,4,1,23,98,54,60,0,401
3285,2,60,0,3,9,8,3,29,137,61,60,0,486
3285,3,60,0,3,9,6,3,29,141,61,60,0,494
3286,0,60,0,0,0,4,1,21,84,84,60,0,444
3286,1,60,0,0,3,4,1,23,110,66,60,0,468
3286,2,60,0,3,9,8,3,29,132,61,60,0,476
3286,3,60,0,3,9,6,3,29,141,61,60,0,494
3287,0,60,0,0,0,4,1,21,64,64,60,0,340
3287,1,60,0,0,3,4,1,23,98,54,60,0,401
3287,2,60,0,3,9,8,3,29,132,61,60,0,476
3287,3,60,0,3,9,6,3,29,141,61,60,0,494
3288,0,60,0,0,0,2,4,8,64,64,60,0,360
3288,1,60,0,0,8,0,6,12,98,54,60,0,422
3288,2,60,0,4,20,6,12,21,132,61,60,0,499
3288,3,60,0,4,20,0,12,21,141,61,60,0,517
3288,4,60,0,0,4,2,4,11,110,66,60,0,475
3288,5,60,0,0,12,0,6,15,141,53,60,0,525
3288,6,60,0,4,24,6,12,24,171,56,60,0,582
3288,7,60,0,4,24,0,12,24,180,56,60,0,600
3289,0,60,0,0,0,4,5,10,77,77,60,0,445
3289,1,60,0,0,8,0,6,12,98,54,60,0,450
3289,2,60,0,4,20,6,12,21,137,61,60,0,541
3289,3,60,0,4,20,0,12,21,141,61,60,0,549
3289,4,60,0,0,12,6,6,15,137,61,60,0,541
3289,5,60,0,0,12,0,6,15,141,61,60,0,549
3289,6,60,0,4,24,6,12,24,180,64,60,0,624
3289,7,60,0,4,24,0,12,24,180,64,60,0,624
3290,0,60,0,0,0,7,7,13,84,84,60,0,490
3290,1,60,0,0,8,3,8,15,110,66,60,0,517
3290,2,60,0,4,20,6,12,21,132,61,60,0,531
3290,3,60,0,4,20,0,12,21,141,61,60,0,549
3290,4,60,0,4,24,15,12,24,158,64,60,0,580
3290,5,60,0,4,24,9,12,24,171,64,60,0,606
3290,6,60,0,4,24,6,12,24,171,64,60,0,606
3290,7,60,0,4,24,0,12,24,180,64,60,0,624
3291,0,60,0,0,0,2,4,8,64,64,60,0,386
3291,1,60,0,0,8,0,6,12,98,54,60,0,450
3291,2,60,0,4,20,6,12,21,132,61,60,0,531
3291,3,60,0,4,20,0,12,21,141,61,60,0,549
3291,4,60,0,0,4,2,4,11,110,70,60,0,483
3291,5,60,0,0,12,0,6,15,141,57,60,0,533
3291,6,60,0,4,24,6,12,24,171,60,60,0,590
3291,7,60,0,4,24,0,12,24,180,60,60,0,608
3292,0,60,0,0,0,1,1,5,64,64,60,0,360
3292,1,60,0,0,4,0,1,7,98,54,60,0,422
3292,2,60,0,4,12,3,4,13,132,61,60,0,499
3292,3,60,0,4,12,0,4,13,141,61,60,0,517
3292,4,60,0,0,4,1,1,8,110,66,60,0,475
3292,5,60,0,0,8,0,1,10,141,53,60,0,525
3292,6,60,0,4,16,3,4,16,171,56,60,0,582
3292,7,60,0,4,16,0,4,16,180,56,60,0,600
3293,0,60,0,0,0,2,2,7,77,77,60,0,445
3293,1,60,0,0,4,0,2,8,98,54,60,0,450
3293,2,60,0,3,11,3,4,13,137,61,60,0,541
3293,3,60,0,3,11,0,4,13,141,61,60,0,549
3293,4,60,0,3,11,3,4,13,137,61,60,0,541
3293,5,60,0,3,11,0,4,13,141,61,60,0,549
3293,6,60,0,4,16,3,4,16,180,64,60,0,624
3293,7,60,0,4,16,0,4,16,180,64,60,0,624
3294,0,60,0,0,0,4,3,9,84,84,60,0,490
3294,1,60,0,0,4,2,3,10,110,66,60,0,517
3294,2,60,0,4,12,3,5,14,132,61,60,0,531
3294,3,60,0,4,12,0,5,14,141,61,60,0,549
3294,4,60,0,8,20,9,8,20,158,64,60,0,580
3294,5,60,0,8,20,6,8,20,171,64,60,0,606
3294,6,60,0,8,20,3,8,20,171,64,60,0,606
3294,7,60,0,8,20,0,8,20,180,64,60,0,624
3295,0,60,0,0,0,1,1,5,64,64,60,0,386
3295,1,60,0,0,4,0,1,7,98,54,60,0,450
3295,2,60,0,4,12,3,4,13,132,61,60,0,531
3295,3,60,0,4,12,0,4,13,141,61,60,0,549
3295,4,60,0,0,4,1,1,8,110,70,60,0,483
3295,5,60,0,0,8,0,1,10,141,57,60,0,533
3295,6,60,0,4,16,3,4,16,171,60,60,0,590
3295,7,60,0,4,16,0,4,16,180,60,60,0,608
3296,0,60,0,0,0,0,0,18,51,51,60,0,282
3296,1,60,0,0,3,0,0,22,98,54,60,0,399
3296,2,60,0,0,3,0,0,22,98,58,60,0,379
3296,3,60,0,0,6,0,0,26,141,57,60,0,476
3297,0,60,0,0,0,0,0,18,64,64,60,0,343
3297,1,60,0,0,3,0,0,22,98,54,60,0,401
3297,2,60,0,0,3,0,0,22,110,70,60,0,434
3297,3,60,0,0,6,0,0,26,141,57,60,0,478
3298,0,60,0,0,0,0,0,18,64,64,60,0,355
3298,1,60,0,0,3,0,0,22,110,66,60,0,468
3298,2,60,0,0,3,0,0,22,98,58,60,0,381
3298,3,60,0,0,6,0,0,26,141,57,60,0,478
3299,0,60,0,0,0,0,0,18,51,51,60,0,284
3299,1,60,0,0,3,0,0,22,98,54,60,0,401
3299,2,60,0,0,3,0,0,22,98,58,60,0,381
3299,3,60,0,0,6,0,0,26,141,57,60,0,478
3300,0,60,0,0,0,2,0,18,51,51,60,0,282
3300,1,60,0,0,3,4,0,22,98,54,60,0,399
3300,2,60,0,0,3,4,0,22,98,58,60,0,379
3300,3,60,0,0,6,6,0,26,141,57,60,0,476
3301,0,60,0,0,0,2,0,18,64,64,60,0,343
3301,1,60,0,0,3,4,0,22,98,54,60,0,401
3301,2,60,0,0,3,4,0,22,110,70,60,0,434
3301,3,60,0,0,6,6,0,26,141,57,60,0,478
3302,0,60,0,0,0,2,0,18,64,64,60,0,355
3302,1,60,0,0,3,4,0,22,110,66,60,0,468
3302,2,60,0,0,3,4,0,22,98,58,60,0,381
3302,3,60,0,0,6,6,0,26,141,57,60,0,478
3303,0,60,0,0,0,2,0,18,51,51,60,0,284
3303,1,60,0,0,3,4,0,22,98,54,60,0,401
3303,2,60,0,0,3,4,0,22,98,58,60,0,381
3303,3,60,0,0,6,6,0,26,141,57,60,0,478
3304,0,60,0,0,0,0,2,5,51,51,60,0,303
3304,1,60,0,0,8,0,5,11,98,54,60,0,422
3304,2,60,0,0,8,0,5,11,98,58,60,0,402
3304,3,60,0,0,16,0,8,17,141,57,60,0,501
3304,4,60,0,0,4,0,2,8,98,54,60,0,422
3304,5,60,0,0,12,0,5,14,141,53,60,0,525
3304,6,60,0,0,12,0,5,14,141,57,60,0,501
3304,7,60,0,0,20,0,8,20,180,52,60,0,584
3305,0,60,0,0,0,2,3,7,64,64,60,0,386
3305,1,60,0,0,8,0,5,11,98,54,60,0,450
3305,2,60,0,0,8,2,6,13,110,70,60,0,483
3305,3,60,0,0,16,0,8,17,141,57,60,0,533
3305,4,60,0,0,12,6,5,14,132,61,60,0,531
3305,5,60,0,0,12,0,5,14,141,61,60,0,549
3305,6,60,0,0,20,6,8,20,171,60,60,0,590
3305,7,60,0,0,20,0,8,20,180,60,60,0,608
3306,0,60,0,0,0,2,3,7,64,64,60,0,398
3306,1,60,0,0,8,2,6,13,110,66,60,0,517
3306,2,60,0,0,8,0,5,11,98,58,60,0,430
3306,3,60,0,0,16,0,8,17,141,57,60,0,533
3306,4,60,0,0,12,6,5,14,132,65,60,0,507
3306,5,60,0,0,20,6,8,20,171,60,60,0,590
3306,6,60,0,0,12,0,5,14,141,65,60,0,525
3306,7,60,0,0,20,0,8,20,180,60,60,0,608
3307,0,60,0,0,0,0,2,5,51,51,60,0,327
3307,1,60,0,0,8,0,5,11,98,54,60,0,450
3307,2,60,0,0,8,0,5,11,98,58,60,0,430
3307,3,60,0,0,16,0,8,17,141,57,60,0,533
3307,4,60,0,0,4,0,2,8,98,58,60,0,430
3307,5,60,0,0,12,0,5,14,141,57,60,0,533
3307,6,60,0,0,12,0,5,14,141,61,60,0,509
3307,7,60,0,0,20,0,8,20,180,56,60,0,592
3308,0,60,0,0,0,0,0,3,51,51,60,0,303
3308,1,60,0,0,4,0,0,6,98,54,60,0,422
3308,2,60,0,0,4,0,0,6,98,58,60,0,402
3308,3,60,0,0,8,0,0,9,141,57,60,0,501
3308,4,60,0,0,4,0,0,6,98,54,60,0,422
3308,5,60,0,0,8,0,0,9,141,53,60,0,525
3308,6,60,0,0,8,0,0,9,141,57,60,0,501
3308,7,60,0,0,12,0,0,12,180,52,60,0,584
3309,0,60,0,0,0,1,1,5,64,64,60,0,386
3309,1,60,0,0,4,0,1,7,98,54,60,0,450
3309,2,60,0,0,4,1,1,8,110,70,60,0,483
3309,3,60,0,0,8,0,1,10,141,57,60,0,533
3309,4,60,0,4,12,3,4,13,132,61,60,0,531
3309,5,60,0,4,12,0,4,13,141,61,60,0,549
3309,6,60,0,4,16,3,4,16,171,60,60,0,590
3309,7,60,0,4,16,0,4,16,180,60,60,0,608
3310,0,60,0,0,0,1,1,5,64,64,60,0,398
3310,1,60,0,0,4,1,1,8,110,66,60,0,517
3310,2,60,0,0,4,0,1,7,98,58,60,0,430
3310,3,60,0,0,8,0,1,10,141,57,60,0,533
3310,4,60,0,4,12,3,4,13,132,65,60,0,507
3310,5,60,0,4,16,3,4,16,171,60,60,0,590
3310,6,60,0,4,12,0,4,13,141,65,60,0,525
3310,7,60,0,4,16,0,4,16,180,60,60,0,608
3311,0,60,0,0,0,0,0,3,51,51,60,0,327
3311,1,60,0,0,4,0,0,6,98,54,60,0,450
3311,2,60,0,0,4,0,0,6,98,58,60,0,430
3311,3,60,0,0,8,0,0,9,141,57,60,0,533
3311,4,60,0,0,4,0,0,6,98,58,60,0,430
3311,5,60,0,0,8,0,0,9,141,57,60,0,533
3311,6,60,0,0,8,0,0,9,141,61,60,0,509
3311,7,60,0,0,12,0,0,12,180,56,60,0,592
3312,0,60,0,0,0,3,1,29,64,64,60,0,323
3312,1,60,0,0,2,4,1,32,110,66,60,0,436
3313,0,60,0,0,0,3,1,29,84,84,60,0,419
3313,1,60,0,0,2,4,1,32,110,66,60,0,440
3314,0,60,0,0,0,4,2,30,77,77,60,0,398
3314,1,60,0,0,2,5,2,33,122,78,60,0,507
3315,0,60,0,0,0,3,1,29,64,64,60,0,327
3315,1,60,0,0,2,4,1,32,110,66,60,0,440
3316,0,60,0,0,0,11,0,28,64,64,60,0,323
3316,1,60,0,0,2,12,0,31,110,66,60,0,436
3317,0,60,0,0,0,11,0,28,84,84,60,0,419
3317,1,60,0,0,2,12,0,31,110,66,60,0,440
3318,0,60,0,0,0,11,0,28,77,77,60,0,398
3318,1,60,0,0,2,12,0,31,122,78,60,0,507
3319,0,60,0,0,0,11,0,28,64,64,60,0,327
3319,1,60,0,0,2,12,0,31,110,66,60,0,440
3320,0,60,0,0,0,2,11,15,64,64,60,0,360
3320,1,60,0,0,6,4,14,21,110,66,60,0,475
3320,4,60,0,0,3,4,13,19,98,54,60,0,422
3320,5,60,0,0,9,6,16,25,141,53,60,0,525
3321,0,60,0,0,0,5,12,18,84,84,60,0,490
3321,1,60,0,0,6,4,14,21,110,66,60,0,517
3321,4,60,0,0,9,10,16,25,132,61,60,0,531
3321,5,60,0,0,9,6,16,25,141,61,60,0,549
3322,0,60,0,0,0,7,15,20,77,77,60,0,469
3322,1,60,0,0,2,6,15,23,122,78,60,0,584
3323,0,60,0,0,0,2,11,15,64,64,60,0,398
3323,1,60,0,0,6,4,14,21,110,66,60,0,517
3323,4,60,0,0,3,4,13,19,98,58,60,0,430
3323,5,60,0,0,9,6,16,25,141,57,60,0,533
3324,0,60,0,0,0,1,1,5,64,64,60,0,360
3324,1,60,0,0,4,1,1,8,110,66,60,0,475
3324,2,60,0,4,12,3,4,13,132,61,60,0,499
3324,3,60,0,4,16,3,4,16,171,56,60,0,582
3324,4,60,0,0,4,0,1,7,98,54,60,0,422
3324,5,60,0,0,8,0,1,10,141,53,60,0,525
3324,6,60,0,4,12,0,4,13,141,61,60,0,517
3324,7,60,0,4,16,0,4,16,180,56,60,0,600
3325,0,60,0,0,0,4,3,9,84,84,60,0,490
3325,1,60,0,0,4,2,3,10,110,66,60,0,517
3325,2,60,0,8,20,9,8,20,158,64,60,0,580
3325,3,60,0,8,20,6,8,20,171,64,60,0,606
3325,4,60,0,4,12,3,5,14,132,61,60,0,531
3325,5,60,0,4,12,0,5,14,141,61,60,0,549
3325,6,60,0,8,20,3,8,20,171,64,60,0,606
3325,7,60,0,8,20,0,8,20,180,64,60,0,624
3326,0,60,0,0,0,4,4,9,77,77,60,0,469
3326,1,60,0,0,4,4,4,12,122,78,60,0,584
3326,2,60,0,8,16,6,8,17,132,69,60,0,523
3326,3,60,0,8,20,6,8,20,171,64,60,0,606
3326,4,60,0,8,16,6,8,17,132,69,60,0,523
3326,5,60,0,8,20,6,8,20,171,64,60,0,606
3326,6,60,0,8,16,0,8,17,141,69,60,0,541
3326,7,60,0,8,20,0,8,20,180,64,60,0,624
3327,0,60,0,0,0,1,1,5,64,64,60,0,398
3327,1,60,0,0,4,1,1,8,110,66,60,0,517
3327,2,60,0,4,12,3,4,13,132,65,60,0,507
3327,3,60,0,4,16,3,4,16,171,60,60,0,590
3327,4,60,0,0,4,0,1,7,98,58,60,0,430
3327,5,60,0,0,8,0,1,10,141,57,60,0,533
3327,6,60,0,4,12,0,4,13,141,65,60,0,525
3327,7,60,0,4,16,0,4,16,180,60,60,0,608
3328,0,60,0,0,0,0,0,31,51,51,60,0,261
3328,1,60,0,0,2,0,0,34,98,58,60,0,356
3329,0,60,0,0,0,0,0,31,64,64,60,0,333
3329,1,60,0,0,2,0,0,34,98,58,60,0,358
3330,0,60,0,0,0,1,0,32,64,64,60,0,306
3330,1,60,0,0,2,1,0,35,110,70,60,0,395
3331,0,60,0,0,0,0,0,31,51,51,60,0,263
3331,1,60,0,0,2,0,0,34,98,58,60,0,358
3332,0,60,0,0,0,1,0,31,51,51,60,0,261
3332,1,60,0,0,2,2,0,34,98,58,60,0,356
3333,0,60,0,0,0,1,0,31,64,64,60,0,333
3333,1,60,0,0,2,2,0,34,98,58,60,0,358
3334,0,60,0,0,0,1,0,32,64,64,60,0,306
3334,1,60,0,0,2,2,0,35,110,70,60,0,395
3335,0,60,0,0,0,1,0,31,51,51,60,0,263
3335,1,60,0,0,2,2,0,34,98,58,60,0,358
3336,0,60,0,0,0,1,1,19,51,51,60,0,282
3336,1,60,0,0,6,1,3,25,98,58,60,0,379
3336,4,60,0,0,3,3,1,23,98,54,60,0,399
3336,5,60,0,0,9,3,3,29,141,57,60,0,476
3337,0,60,0,0,0,4,2,22,64,64,60,0,376
3337,1,60,0,0,6,1,3,25,98,58,60,0,407
3337,4,60,0,0,9,9,3,29,132,65,60,0,482
3337,5,60,0,0,9,3,3,29,141,65,60,0,500
3338,0,60,0,0,0,9,0,28,64,64,60,0,349
3338,1,60,0,0,2,6,0,31,110,70,60,0,444
3339,0,60,0,0,0,1,1,19,51,51,60,0,306
3339,1,60,0,0,6,1,3,25,98,58,60,0,407
3339,4,60,0,0,3,3,1,23,98,58,60,0,407
3339,5,60,0,0,9,3,3,29,141,61,60,0,484
3340,0,60,0,0,0,0,0,18,51,51,60,0,282
3340,1,60,0,0,3,0,0,22,98,58,60,0,379
3340,4,60,0,0,3,0,0,22,98,54,60,0,399
3340,5,60,0,0,6,0,0,26,141,57,60,0,476
3341,0,60,0,0,0,2,1,21,64,64,60,0,376
3341,1,60,0,0,3,0,1,23,98,58,60,0,407
3341,4,60,0,3,9,4,3,29,132,65,60,0,482
3341,5,60,0,3,9,0,3,29,141,65,60,0,500
3342,0,60,0,0,0,3,1,29,64,64,60,0,349
3342,1,60,0,0,2,4,1,32,110,70,60,0,444
3343,0,60,0,0,0,0,0,18,51,51,60,0,306
3343,1,60,0,0,3,0,0,22,98,58,60,0,407
3343,4,60,0,0,3,0,0,22,98,58,60,0,407
3343,5,60,0,0,6,0,0,26,141,61,60,0,484
3344,0,60,0,0,0,0,0,31,64,64,60,0,333
3344,1,60,0,0,2,0,0,34,98,58,60,0,358
3345,0,60,0,0,0,0,0,31,77,77,60,0,405
3345,1,60,0,0,2,0,0,34,98,58,60,0,360
3346,0,60,0,0,0,1,0,32,84,84,60,0,417
3346,1,60,0,0,2,1,0,35,110,70,60,0,399
3347,0,60,0,0,0,0,0,31,64,64,60,0,335
3347,1,60,0,0,2,0,0,34,98,58,60,0,360
3348,0,60,0,0,0,1,0,31,64,64,60,0,333
3348,1,60,0,0,2,2,0,34,98,58,60,0,358
3349,0,60,0,0,0,1,0,31,77,77,60,0,405
3349,1,60,0,0,2,2,0,34,98,58,60,0,360
3350,0,60,0,0,0,1,0,32,84,84,60,0,417
3350,1,60,0,0,2,2,0,35,110,70,60,0,399
3351,0,60,0,0,0,1,0,31,64,64,60,0,335
3351,1,60,0,0,2,2,0,34,98,58,60,0,360
3352,0,60,0,0,0,1,1,19,64,64,60,0,355
3352,1,60,0,0,6,1,3,25,98,58,60,0,381
3352,4,60,0,0,3,3,1,23,110,66,60,0,468
3352,5,60,0,0,9,3,3,29,141,57,60,0,478
3353,0,60,0,0,0,4,2,22,77,77,60,0,451
3353,1,60,0,0,6,1,3,25,98,58,60,0,409
3353,4,60,0,0,9,9,3,29,137,65,60,0,494
3353,5,60,0,0,9,3,3,29,141,65,60,0,502
3354,0,60,0,0,0,9,0,28,84,84,60,0,463
3354,1,60,0,0,2,6,0,31,110,70,60,0,448
3355,0,60,0,0,0,1,1,19,64,64,60,0,381
3355,1,60,0,0,6,1,3,25,98,58,60,0,409
3355,4,60,0,0,3,3,1,23,110,70,60,0,476
3355,5,60,0,0,9,3,3,29,141,61,60,0,486
3356,0,60,0,0,0,0,0,18,64,64,60,0,355
3356,1,60,0,0,3,0,0,22,98,58,60,0,381
3356,4,60,0,0,3,0,0,22,110,66,60,0,468
3356,5,60,0,0,6,0,0,26,141,57,60,0,478
3357,0,60,0,0,0,2,1,21,77,77,60,0,451
3357,1,60,0,0,3,0,1,23,98,58,60,0,409
3357,4,60,0,3,9,4,3,29,137,65,60,0,494
3357,5,60,0,3,9,0,3,29,141,65,60,0,502
3358,0,60,0,0,0,3,1,29,84,84,60,0,463
3358,1,60,0,0,2,4,1,32,110,70,60,0,448
3359,0,60,0,0,0,0,0,18,64,64,60,0,381
3359,1,60,0,0,3,0,0,22,98,58,60,0,409
3359,4,60,0,0,3,0,0,22,110,70,60,0,476
3359,5,60,0,0,6,0,0,26,141,61,60,0,486
3360,0,60,0,0,0,0,0,31,51,51,60,0,263
3360,1,60,0,0,2,0,0,34,98,58,60,0,358
3361,0,60,0,0,0,0,0,31,64,64,60,0,335
3361,1,60,0,0,2,0,0,34,98,58,60,0,360
3362,0,60,0,0,0,1,0,32,64,64,60,0,310
3362,1,60,0,0,2,1,0,35,110,70,60,0,399
3363,0,60,0,0,0,0,0,31,51,51,60,0,265
3363,1,60,0,0,2,0,0,34,98,58,60,0,360
3364,0,60,0,0,0,1,0,31,51,51,60,0,263
3364,1,60,0,0,2,2,0,34,98,58,60,0,358
3365,0,60,0,0,0,1,0,31,64,64,60,0,335
3365,1,60,0,0,2,2,0,34,98,58,60,0,360
3366,0,60,0,0,0,1,0,32,64,64,60,0,310
3366,1,60,0,0,2,2,0,35,110,70,60,0,399
3367,0,60,0,0,0,1,0,31,51,51,60,0,265
3367,1,60,0,0,2,2,0,34,98,58,60,0,360
3368,0,60,0,0,0,1,1,19,51,51,60,0,284
3368,1,60,0,0,6,1,3,25,98,58,60,0,381
3368,4,60,0,0,3,3,1,23,98,54,60,0,401
3368,5,60,0,0,9,3,3,29,141,57,60,0,478
3369,0,60,0,0,0,4,2,22,64,64,60,0,378
3369,1,60,0,0,6,1,3,25,98,58,60,0,409
3369,4,60,0,0,9,9,3,29,132,65,60,0,484
3369,5,60,0,0,9,3,3,29,141,65,60,0,502
3370,0,60,0,0,0,9,0,28,64,64,60,0,353
3370,1,60,0,0,2,6,0,31,110,70,60,0,448
3371,0,60,0,0,0,1,1,19,51,51,60,0,308
3371,1,60,0,0,6,1,3,25,98,58,60,0,409
3371,4,60,0,0,3,3,1,23,98,58,60,0,409
3371,5,60,0,0,9,3,3,29,141,61,60,0,486
3372,0,60,0,0,0,0,0,18,51,51,60,0,284
3372,1,60,0,0,3,0,0,22,98,58,60,0,381
3372,4,60,0,0,3,0,0,22,98,54,60,0,401
3372,5,60,0,0,6,0,0,26,141,57,60,0,478
3373,0,60,0,0,0,2,1,21,64,64,60,0,378
3373,1,60,0,0,3,0,1,23,98,58,60,0,409
3373,4,60,0,3,9,4,3,29,132,65,60,0,484
3373,5,60,0,3,9,0,3,29,141,65,60,0,502
3374,0,60,0,0,0,3,1,29,64,64,60,0,353
3374,1,60,0,0,2,4,1,32,110,70,60,0,448
3375,0,60,0,0,0,0,0,18,51,51,60,0,308
3375,1,60,0,0,3,0,0,22,98,58,60,0,409
3375,4,60,0,0,3,0,0,22,98,58,60,0,409
3375,5,60,0,0,6,0,0,26,141,61,60,0,486
3376,0,60,0,0,0,1,0,32,64,64,60,0,306
3376,1,60,0,0,2,1,0,35,110,70,60,0,395
3377,0,60,0,0,0,1,0,32,84,84,60,0,417
3377,1,60,0,0,2,1,0,35,110,70,60,0,399
3378,0,60,0,0,0,2,0,33,77,77,60,0,355
3378,1,60,0,0,2,2,0,36,122,82,60,0,438
3379,0,60,0,0,0,1,0,32,64,64,60,0,310
3379,1,60,0,0,2,1,0,35,110,70,60,0,399
3380,0,60,0,0,0,2,0,32,64,64,60,0,306
3380,1,60,0,0,2,3,0,35,110,70,60,0,395
3381,0,60,0,0,0,2,0,32,84,84,60,0,417
3381,1,60,0,0,2,3,0,35,110,70,60,0,399
3382,0,60,0,0,0,2,0,33,77,77,60,0,355
3382,1,60,0,0,2,3,0,36,122,82,60,0,438
3383,0,60,0,0,0,2,0,32,64,64,60,0,310
3383,1,60,0,0,2,3,0,35,110,70,60,0,399
3384,0,60,0,0,0,1,1,19,64,64,60,0,343
3384,1,60,0,0,6,1,3,25,110,70,60,0,434
3384,4,60,0,0,3,3,1,23,98,54,60,0,401
3384,5,60,0,0,9,3,3,29,141,57,60,0,478
3385,0,60,0,0,0,4,2,22,84,84,60,0,488
3385,1,60,0,0,6,1,3,25,110,70,60,0,476
3385,4,60,0,0,9,9,3,29,132,65,60,0,484
3385,5,60,0,0,9,3,3,29,141,65,60,0,502
3386,0,60,0,0,0,9,0,28,77,77,60,0,426
3386,1,60,0,0,2,6,0,31,122,82,60,0,515
3387,0,60,0,0,0,1,1,19,64,64,60,0,381
3387,1,60,0,0,6,1,3,25,110,70,60,0,476
3387,4,60,0,0,3,3,1,23,98,58,60,0,409
3387,5,60,0,0,9,3,3,29,141,61,60,0,486
3388,0,60,0,0,0,0,0,18,64,64,60,0,343
3388,1,60,0,0,3,0,0,22,110,70,60,0,434
3388,4,60,0,0,3,0,0,22,98,54,60,0,401
3388,5,60,0,0,6,0,0,26,141,57,60,0,478
3389,0,60,0,0,0,2,1,21,84,84,60,0,488
3389,1,60,0,0,3,0,1,23,110,70,60,0,476
3389,4,60,0,3,9,4,3,29,132,65,60,0,484
3389,5,60,0,3,9,0,3,29,141,65,60,0,502
3390,0,60,0,0,0,4,2,30,77,77,60,0,426
3390,1,60,0,0,2,5,2,33,122,82,60,0,515
3391,0,60,0,0,0,0,0,18,64,64,60,0,381
3391,1,60,0,0,3,0,0,22,110,70,60,0,476
3391,4,60,0,0,3,0,0,22,98,58,60,0,409
3391,5,60,0,0,6,0,0,26,141,61,60,0,486
3392,0,60,0,0,0,1,0,31,51,51,60,0,261
3392,1,60,0,0,2,2,0,34,98,58,60,0,356
3393,0,60,0,0,0,1,0,31,64,64,60,0,333
3393,1,60,0,0,2,2,0,34,98,58,60,0,358
3394,0,60,0,0,0,2,0,32,64,64,60,0,306
3394,1,60,0,0,2,3,0,35,110,70,60,0,395
3395,0,60,0,0,0,1,0,31,51,51,60,0,263
3395,1,60,0,0,2,2,0,34,98,58,60,0,358
3396,0,60,0,0,0,2,0,31,51,51,60,0,261
3396,1,60,0,0,2,4,0,34,98,58,60,0,356
3397,0,60,0,0,0,2,0,31,64,64,60,0,333
3397,1,60,0,0,2,4,0,34,98,58,60,0,358
3398,0,60,0,0,0,3,0,32,64,64,60,0,306
3398,1,60,0,0,2,5,0,35,110,70,60,0,395
3399,0,60,0,0,0,2,0,31,51,51,60,0,263
3399,1,60,0,0,2,4,0,34,98,58,60,0,358
3400,0,60,0,0,0,2,1,19,51,51,60,0,282
3400,1,60,0,0,6,4,3,25,98,58,60,0,379
3400,4,60,0,0,3,4,1,23,98,54,60,0,399
3400,5,60,0,0,9,6,3,29,141,57,60,0,476
3401,0,60,0,0,0,5,2,22,64,64,60,0,376
3401,1,60,0,0,6,4,3,25,98,58,60,0,407
3401,4,60,0,0,9,10,3,29,132,65,60,0,482
3401,5,60,0,0,9,6,3,29,141,65,60,0,500
3402,0,60,0,0,0,11,0,28,64,64,60,0,349
3402,1,60,0,0,2,10,0,31,110,70,60,0,444
3403,0,60,0,0,0,2,1,19,51,51,60,0,306
3403,1,60,0,0,6,4,3,25,98,58,60,0,407
3403,4,60,0,0,3,4,1,23,98,58,60,0,407
3403,5,60,0,0,9,6,3,29,141,61,60,0,484
3404,0,60,0,0,0,2,0,18,51,51,60,0,282
3404,1,60,0,0,3,4,0,22,98,58,60,0,379
3404,4,60,0,0,3,4,0,22,98,54,60,0,399
3404,5,60,0,0,6,6,0,26,141,57,60,0,476
3405,0,60,0,0,0,4,1,21,64,64,60,0,376
3405,1,60,0,0,3,4,1,23,98,58,60,0,407
3405,4,60,0,3,9,8,3,29,132,65,60,0,482
3405,5,60,0,3,9,6,3,29,141,65,60,0,500
3406,0,60,0,0,0,11,0,28,64,64,60,0,349
3406,1,60,0,0,2,12,0,31,110,70,60,0,444
3407,0,60,0,0,0,2,0,18,51,51,60,0,306
3407,1,60,0,0,3,4,0,22,98,58,60,0,407
3407,4,60,0,0,3,4,0,22,98,58,60,0,407
3407,5,60,0,0,6,6,0,26,141,61,60,0,484
3408,0,60,0,0,0,1,0,31,64,64,60,0,333
3408,1,60,0,0,2,2,0,34,98,58,60,0,358
3409,0,60,0,0,0,1,0,31,77,77,60,0,405
3409,1,60,0,0,2,2,0,34,98,58,60,0,360
3410,0,60,0,0,0,2,0,32,84,84,60,0,417
3410,1,60,0,0,2,3,0,35,110,70,60,0,399
3411,0,60,0,0,0,1,0,31,64,64,60,0,335
3411,1,60,0,0,2,2,0,34,98,58,60,0,360
3412,0,60,0,0,0,2,0,31,64,64,60,0,333
3412,1,60,0,0,2,4,0,34,98,58,60,0,358
3413,0,60,0,0,0,2,0,31,77,77,60,0,405
3413,1,60,0,0,2,4,0,34,98,58,60,0,360
3414,0,60,0,0,0,3,0,32,84,84,60,0,417
3414,1,60,0,0,2,5,0,35,110,70,60,0,399
3415,0,60,0,0,0,2,0,31,64,64,60,0,335
3415,1,60,0,0,2,4,0,34,98,58,60,0,360
3416,0,60,0,0,0,2,1,19,64,64,60,0,355
3416,1,60,0,0,6,4,3,25,98,58,60,0,381
3416,4,60,0,0,3,4,1,23,110,66,60,0,468
3416,5,60,0,0,9,6,3,29,141,57,60,0,478
3417,0,60,0,0,0,5,2,22,77,77,60,0,451
3417,1,60,0,0,6,4,3,25,98,58,60,0,409
3417,4,60,0,0,9,10,3,29,137,65,60,0,494
3417,5,60,0,0,9,6,3,29,141,65,60,0,502
3418,0,60,0,0,0,11,0,28,84,84,60,0,463
3418,1,60,0,0,2,10,0,31,110,70,60,0,448
3419,0,60,0,0,0,2,1,19,64,64,60,0,381
3419,1,60,0,0,6,4,3,25,98,58,60,0,409
3419,4,60,0,0,3,4,1,23,110,70,60,0,476
3419,5,60,0,0,9,6,3,29,141,61,60,0,486
3420,0,60,0,0,0,2,0,18,64,64,60,0,355
3420,1,60,0,0,3,4,0,22,98,58,60,0,381
3420,4,60,0,0,3,4,0,22,110,66,60,0,468
3420,5,60,0,0,6,6,0,26,141,57,60,0,478
3421,0,60,0,0,0,4,1,21,77,77,60,0,451
3421,1,60,0,0,3,4,1,23,98,58,60,0,409
3421,4,60,0,3,9,8,3,29,137,65,60,0,494
3421,5,60,0,3,9,6,3,29,141,65,60,0,502
3422,0,60,0,0,0,11,0,28,84,84,60,0,463
3422,1,60,0,0,2,12,0,31,110,70,60,0,448
3423,0,60,0,0,0,2,0,18,64,64,60,0,381
3423,1,60,0,0,3,4,0,22,98,58,60,0,409
3423,4,60,0,0,3,4,0,22,110,70,60,0,476
3423,5,60,0,0,6,6,0,26,141,61,60,0,486
3424,0,60,0,0,0,1,0,31,51,51,60,0,263
3424,1,60,0,0,2,2,0,34,98,58,60,0,358
3425,0,60,0,0,0,1,0,31,64,64,60,0,335
3425,1,60,0,0,2,2,0,34,98,58,60,0,360
3426,0,60,0,0,0,2,0,32,64,64,60,0,310
3426,1,60,0,0,2,3,0,35,110,70,60,0,399
3427,0,60,0,0,0,1,0,31,51,51,60,0,265
3427,1,60,0,0,2,2,0,34,98,58,60,0,360
3428,0,60,0,0,0,2,0,31,51,51,60,0,263
3428,1,60,0,0,2,4,0,34,98,58,60,0,358
3429,0,60,0,0,0,2,0,31,64,64,60,0,335
3429,1,60,0,0,2,4,0,34,98,58,60,0,360
3430,0,60,0,0,0,3,0,32,64,64,60,0,310
3430,1,60,0,0,2,5,0,35,110,70,60,0,399
3431,0,60,0,0,0,2,0,31,51,51,60,0,265
3431,1,60,0,0,2,4,0,34,98,58,60,0,360
3432,0,60,0,0,0,2,1,19,51,51,60,0,284
3432,1,60,0,0,6,4,3,25,98,58,60,0,381
3432,4,60,0,0,3,4,1,23,98,54,60,0,401
3432,5,60,0,0,9,6,3,29,141,57,60,0,478
3433,0,60,0,0,0,5,2,22,64,64,60,0,378
3433,1,60,0,0,6,4,3,25,98,58,60,0,409
3433,4,60,0,0,9,10,3,29,132,65,60,0,484
3433,5,60,0,0,9,6,3,29,141,65,60,0,502
3434,0,60,0,0,0,11,0,28,64,64,60,0,353
3434,1,60,0,0,2,10,0,31,110,70,60,0,448
3435,0,60,0,0,0,2,1,19,51,51,60,0,308
3435,1,60,0,0,6,4,3,25,98,58,60,0,409
3435,4,60,0,0,3,4,1,23,98,58,60,0,409
3435,5,60,0,0,9,6,3,29,141,61,60,0,486
3436,0,60,0,0,0,2,0,18,51,51,60,0,284
3436,1,60,0,0,3,4,0,22,98,58,60,0,381
3436,4,60,0,0,3,4,0,22,98,54,60,0,401
3436,5,60,0,0,6,6,0,26,141,57,60,0,478
3437,0,60,0,0,0,4,1,21,64,64,60,0,378
3437,1,60,0,0,3,4,1,23,98,58,60,0,409
3437,4,60,0,3,9,8,3,29,132,65,60,0,484
3437,5,60,0,3,9,6,3,29,141,65,60,0,502
3438,0,60,0,0,0,11,0,28,64,64,60,0,353
3438,1,60,0,0,2,12,0,31,110,70,60,0,448
3439,0,60,0,0,0,2,0,18,51,51,60,0,308
3439,1,60,0,0,3,4,0,22,98,58,60,0,409
3439,4,60,0,0,3,4,0,22,98,58,60,0,409
3439,5,60,0,0,6,6,0,26,141,61,60,0,486
3440,0,60,0,0,0,1,0,32,64,64,60,0,306
3440,1,60,0,0,2,2,0,35,110,70,60,0,395
3441,0,60,0,0,0,1,0,32,84,84,60,0,417
3441,1,60,0,0,2,2,0,35,110,70,60,0,399
3442,0,60,0,0,0,2,0,33,77,77,60,0,355
3442,1,60,0,0,2,3,0,36,122,82,60,0,438
3443,0,60,0,0,0,1,0,32,64,64,60,0,310
3443,1,60,0,0,2,2,0,35,110,70,60,0,399
3444,0,60,0,0,0,3,0,32,64,64,60,0,306
3444,1,60,0,0,2,5,0,35,110,70,60,0,395
3445,0,60,0,0,0,3,0,32,84,84,60,0,417
3445,1,60,0,0,2,5,0,35,110,70,60,0,399
3446,0,60,0,0,0,4,0,33,77,77,60,0,355
3446,1,60,0,0,2,6,0,36,122,82,60,0,438
3447,0,60,0,0,0,3,0,32,64,64,60,0,310
3447,1,60,0,0,2,5,0,35,110,70,60,0,399
3448,0,60,0,0,0,2,2,20,64,64,60,0,343
3448,1,60,0,0,6,4,4,26,110,70,60,0,434
3448,4,60,0,0,3,4,2,24,98,54,60,0,401
3448,5,60,0,0,9,6,4,30,141,57,60,0,478
3449,0,60,0,0,0,5,3,23,84,84,60,0,488
3449,1,60,0,0,6,4,4,26,110,70,60,0,476
3449,4,60,0,0,9,10,4,30,132,65,60,0,484
3449,5,60,0,0,9,6,4,30,141,65,60,0,502
3450,0,60,0,0,0,12,2,30,77,77,60,0,426
3450,1,60,0,0,2,11,2,33,122,82,60,0,515
3451,0,60,0,0,0,2,2,20,64,64,60,0,381
3451,1,60,0,0,6,4,4,26,110,70,60,0,476
3451,4,60,0,0,3,4,2,24,98,58,60,0,409
3451,5,60,0,0,9,6,4,30,141,61,60,0,486
3452,0,60,0,0,0,2,0,18,64,64,60,0,343
3452,1,60,0,0,3,4,0,22,110,70,60,0,434
3452,4,60,0,0,3,4,0,22,98,54,60,0,401
3452,5,60,0,0,6,6,0,26,141,57,60,0,478
3453,0,60,0,0,0,4,1,21,84,84,60,0,488
3453,1,60,0,0,3,4,1,23,110,70,60,0,476
3453,4,60,0,3,9,8,3,29,132,65,60,0,484
3453,5,60,0,3,9,6,3,29,141,65,60,0,502
3454,0,60,0,0,0,11,0,28,77,77,60,0,426
3454,1,60,0,0,2,12,0,31,122,82,60,0,515
3455,0,60,0,0,0,2,0,18,64,64,60,0,381
3455,1,60,0,0,3,4,0,22,110,70,60,0,476
3455,4,60,0,0,3,4,0,22,98,58,60,0,409
3455,5,60,0,0,6,6,0,26,141,61,60,0,486
3456,0,60,0,0,0,1,1,19,51,51,60,0,282
3456,1,60,0,0,6,1,3,25,98,58,60,0,379
3456,2,60,0,0,3,3,1,23,98,54,60,0,399
3456,3,60,0,0,9,3,3,29,141,57,60,0,476
3457,0,60,0,0,0,1,1,19,64,64,60,0,355
3457,1,60,0,0,6,1,3,25,98,58,60,0,381
3457,2,60,0,0,3,3,1,23,110,66,60,0,468
3457,3,60,0,0,9,3,3,29,141,57,60,0,478
3458,0,60,0,0,0,1,1,19,64,64,60,0,343
3458,1,60,0,0,6,1,3,25,110,70,60,0,434
3458,2,60,0,0,3,3,1,23,98,54,60,0,401
3458,3,60,0,0,9,3,3,29,141,57,60,0,478
3459,0,60,0,0,0,1,1,19,51,51,60,0,284
3459,1,60,0,0,6,1,3,25,98,58,60,0,381
3459,2,60,0,0,3,3,1,23,98,54,60,0,401
3459,3,60,0,0,9,3,3,29,141,57,60,0,478
3460,0,60,0,0,0,2,1,19,51,51,60,0,282
3460,1,60,0,0,6,4,3,25,98,58,60,0,379
3460,2,60,0,0,3,4,1,23,98,54,60,0,399
3460,3,60,0,0,9,6,3,29,141,57,60,0,476
3461,0,60,0,0,0,2,1,19,64,64,60,0,355
3461,1,60,0,0,6,4,3,25,98,58,60,0,381
3461,2,60,0,0,3,4,1,23,110,66,60,0,468
3461,3,60,0,0,9,6,3,29,141,57,60,0,478
3462,0,60,0,0,0,2,2,20,64,64,60,0,343
3462,1,60,0,0,6,4,4,26,110,70,60,0,434
3462,2,60,0,0,3,4,2,24,98,54,60,0,401
3462,3,60,0,0,9,6,4,30,141,57,60,0,478
3463,0,60,0,0,0,2,1,19,51,51,60,0,284
3463,1,60,0,0,6,4,3,25,98,58,60,0,381
3463,2,60,0,0,3,4,1,23,98,54,60,0,401
3463,3,60,0,0,9,6,3,29,141,57,60,0,478
3464,0,60,0,0,0,0,2,5,51,51,60,0,303
3464,1,60,0,0,12,0,8,14,98,58,60,0,402
3464,2,60,0,0,4,0,2,8,98,54,60,0,422
3464,3,60,0,0,16,0,8,17,141,57,60,0,501
3464,4,60,0,0,4,0,2,8,98,54,60,0,422
3464,5,60,0,0,16,0,8,17,141,57,60,0,501
3464,6,60,0,0,8,0,2,11,141,53,60,0,525
3464,7,60,0,0,20,0,8,20,180,52,60,0,584
3465,0,60,0,0,0,3,4,8,64,64,60,0,398
3465,1,60,0,0,12,0,8,14,98,58,60,0,430
3465,2,60,0,0,4,3,4,11,110,66,60,0,517
3465,3,60,0,0,16,0,8,17,141,57,60,0,533
3465,4,60,0,0,16,9,8,17,132,65,60,0,507
3465,5,60,0,0,16,0,8,17,141,65,60,0,525
3465,6,60,0,0,20,9,8,20,171,60,60,0,590
3465,7,60,0,0,20,0,8,20,180,60,60,0,608
3466,0,60,0,0,0,1,3,7,64,64,60,0,386
3466,1,60,0,0,12,1,9,16,110,70,60,0,483
3466,2,60,0,0,4,0,3,9,98,54,60,0,450
3466,3,60,0,0,16,0,9,18,141,57,60,0,533
3466,4,60,0,0,12,3,6,15,132,61,60,0,531
3466,5,60,0,0,24,3,12,24,171,60,60,0,590
3466,6,60,0,0,12,0,6,15,141,61,60,0,549
3466,7,60,0,0,24,0,12,24,180,60,60,0,608
3467,0,60,0,0,0,0,2,5,51,51,60,0,327
3467,1,60,0,0,12,0,8,14,98,58,60,0,430
3467,2,60,0,0,4,0,2,8,98,54,60,0,450
3467,3,60,0,0,16,0,8,17,141,57,60,0,533
3467,4,60,0,0,4,0,2,8,98,58,60,0,430
3467,5,60,0,0,16,0,8,17,141,61,60,0,509
3467,6,60,0,0,8,0,2,11,141,57,60,0,533
3467,7,60,0,0,20,0,8,20,180,56,60,0,592
3468,0,60,0,0,0,0,2,5,51,51,60,0,303
3468,1,60,0,0,8,0,5,11,98,58,60,0,402
3468,2,60,0,0,4,0,2,8,98,54,60,0,422
3468,3,60,0,0,12,0,5,14,141,57,60,0,501
3468,4,60,0,0,8,0,5,11,98,54,60,0,422
3468,5,60,0,0,16,0,8,17,141,57,60,0,501
3468,6,60,0,0,12,0,5,14,141,53,60,0,525
3468,7,60,0,0,20,0,8,20,180,52,60,0,584
3469,0,60,0,0,0,2,4,8,64,64,60,0,398
3469,1,60,0,0,8,0,6,12,98,58,60,0,430
3469,2,60,0,0,4,2,4,11,110,66,60,0,517
3469,3,60,0,0,12,0,6,15,141,57,60,0,533
3469,4,60,0,4,20,6,12,21,132,65,60,0,507
3469,5,60,0,4,20,0,12,21,141,65,60,0,525
3469,6,60,0,4,24,6,12,24,171,60,60,0,590
3469,7,60,0,4,24,0,12,24,180,60,60,0,608
3470,0,60,0,0,0,2,11,15,64,64,60,0,386
3470,1,60,0,0,6,4,14,21,110,70,60,0,483
3470,2,60,0,0,3,4,13,19,98,54,60,0,450
3470,3,60,0,0,9,6,16,25,141,57,60,0,533
3471,0,60,0,0,0,0,2,5,51,51,60,0,327
3471,1,60,0,0,8,0,5,11,98,58,60,0,430
3471,2,60,0,0,4,0,2,8,98,54,60,0,450
3471,3,60,0,0,12,0,5,14,141,57,60,0,533
3471,4,60,0,0,8,0,5,11,98,58,60,0,430
3471,5,60,0,0,16,0,8,17,141,61,60,0,509
3471,6,60,0,0,12,0,5,14,141,57,60,0,533
3471,7,60,0,0,20,0,8,20,180,56,60,0,592
3472,0,60,0,0,0,4,2,22,64,64,60,0,376
3472,1,60,0,0,6,1,3,25,98,58,60,0,407
3472,2,60,0,0,9,9,3,29,132,65,60,0,482
3472,3,60,0,0,9,3,3,29,141,65,60,0,500
3473,0,60,0,0,0,4,2,22,77,77,60,0,451
3473,1,60,0,0,6,1,3,25,98,58,60,0,409
3473,2,60,0,0,9,9,3,29,137,65,60,0,494
3473,3,60,0,0,9,3,3,29,141,65,60,0,502
3474,0,60,0,0,0,4,2,22,84,84,60,0,488
3474,1,60,0,0,6,1,3,25,110,70,60,0,476
3474,2,60,0,0,9,9,3,29,132,65,60,0,484
3474,3,60,0,0,9,3,3,29,141,65,60,0,502
3475,0,60,0,0,0,4,2,22,64,64,60,0,378
3475,1,60,0,0,6,1,3,25,98,58,60,0,409
3475,2,60,0,0,9,9,3,29,132,65,60,0,484
3475,3,60,0,0,9,3,3,29,141,65,60,0,502
3476,0,60,0,0,0,5,2,22,64,64,60,0,376
3476,1,60,0,0,6,4,3,25,98,58,60,0,407
3476,2,60,0,0,9,10,3,29,132,65,60,0,482
3476,3,60,0,0,9,6,3,29,141,65,60,0,500
3477,0,60,0,0,0,5,2,22,77,77,60,0,451
3477,1,60,0,0,6,4,3,25,98,58,60,0,409
3477,2,60,0,0,9,10,3,29,137,65,60,0,494
3477,3,60,0,0,9,6,3,29,141,65,60,0,502
3478,0,60,0,0,0,5,3,23,84,84,60,0,488
3478,1,60,0,0,6,4,4,26,110,70,60,0,476
3478,2,60,0,0,9,10,4,30,132,65,60,0,484
3478,3,60,0,0,9,6,4,30,141,65,60,0,502
3479,0,60,0,0,0,5,2,22,64,64,60,0,378
3479,1,60,0,0,6,4,3,25,98,58,60,0,409
3479,2,60,0,0,9,10,3,29,132,65,60,0,484
3479,3,60,0,0,9,6,3,29,141,65,60,0,502
3480,0,60,0,0,0,3,4,8,64,64,60,0,398
3480,1,60,0,0,12,0,8,14,98,58,60,0,430
3480,2,60,0,0,16,9,8,17,132,65,60,0,507
3480,3,60,0,0,16,0,8,17,141,65,60,0,525
3480,4,60,0,0,4,3,4,11,110,66,60,0,517
3480,5,60,0,0,16,0,8,17,141,57,60,0,533
3480,6,60,0,0,20,9,8,20,171,60,60,0,590
3480,7,60,0,0,20,0,8,20,180,60,60,0,608
3481,0,60,0,0,0,6,6,11,77,77,60,0,497
3481,1,60,0,0,12,0,8,14,98,58,60,0,458
3481,2,60,0,0,16,9,8,17,137,65,60,0,549
3481,3,60,0,0,16,0,8,17,141,65,60,0,557
3481,4,60,0,0,16,9,8,17,137,65,60,0,549
3481,5,60,0,0,16,0,8,17,141,65,60,0,557
3481,6,60,0,0,20,9,8,20,180,68,60,0,632
3481,7,60,0,0,20,0,8,20,180,68,60,0,632
3482,0,60,0,0,0,7,7,13,84,84,60,0,534
3482,1,60,0,0,12,1,9,16,110,70,60,0,525
3482,2,60,0,0,16,9,9,18,132,65,60,0,539
3482,3,60,0,0,16,0,9,18,141,65,60,0,557
3482,4,60,0,0,24,12,12,24,158,68,60,0,588
3482,5,60,0,0,24,3,12,24,171,68,60,0,614
3482,6,60,0,0,24,9,12,24,171,68,60,0,614
3482,7,60,0,0,24,0,12,24,180,68,60,0,632
3483,0,60,0,0,0,3,4,8,64,64,60,0,424
3483,1,60,0,0,12,0,8,14,98,58,60,0,458
3483,2,60,0,0,16,9,8,17,132,65,60,0,539
3483,3,60,0,0,16,0,8,17,141,65,60,0,557
3483,4,60,0,0,4,3,4,11,110,70,60,0,525
3483,5,60,0,0,16,0,8,17,141,61,60,0,541
3483,6,60,0,0,20,9,8,20,171,64,60,0,598
3483,7,60,0,0,20,0,8,20,180,64,60,0,616
3484,0,60,0,0,0,2,3,7,64,64,60,0,398
3484,1,60,0,0,8,0,5,11,98,58,60,0,430
3484,2,60,0,0,12,6,5,14,132,65,60,0,507
3484,3,60,0,0,12,0,5,14,141,65,60,0,525
3484,4,60,0,0,8,2,6,13,110,66,60,0,517
3484,5,60,0,0,16,0,8,17,141,57,60,0,533
3484,6,60,0,0,20,6,8,20,171,60,60,0,590
3484,7,60,0,0,20,0,8,20,180,60,60,0,608
3485,0,60,0,0,0,4,5,10,77,77,60,0,497
3485,1,60,0,0,8,0,6,12,98,58,60,0,458
3485,2,60,0,0,12,6,6,15,137,65,60,0,549
3485,3,60,0,0,12,0,6,15,141,65,60,0,557
3485,4,60,0,4,20,6,12,21,137,65,60,0,549
3485,5,60,0,4,20,0,12,21,141,65,60,0,557
3485,6,60,0,4,24,6,12,24,180,68,60,0,632
3485,7,60,0,4,24,0,12,24,180,68,60,0,632
3486,0,60,0,0,0,5,12,18,84,84,60,0,534
3486,1,60,0,0,6,4,14,21,110,70,60,0,525
3486,2,60,0,0,9,10,16,25,132,65,60,0,539
3486,3,60,0,0,9,6,16,25,141,65,60,0,557
3487,0,60,0,0,0,2,3,7,64,64,60,0,424
3487,1,60,0,0,8,0,5,11,98,58,60,0,458
3487,2,60,0,0,12,6,5,14,132,65,60,0,539
3487,3,60,0,0,12,0,5,14,141,65,60,0,557
3487,4,60,0,0,8,2,6,13,110,70,60,0,525
3487,5,60,0,0,16,0,8,17,141,61,60,0,541
3487,6,60,0,0,20,6,8,20,171,64,60,0,598
3487,7,60,0,0,20,0,8,20,180,64,60,0,616
3488,0,60,0,0,0,1,1,19,51,51,60,0,306
3488,1,60,0,0,6,1,3,25,98,58,60,0,407
3488,2,60,0,0,3,3,1,23,98,58,60,0,407
3488,3,60,0,0,9,3,3,29,141,61,60,0,484
3489,0,60,0,0,0,1,1,19,64,64,60,0,381
3489,1,60,0,0,6,1,3,25,98,58,60,0,409
3489,2,60,0,0,3,3,1,23,110,70,60,0,476
3489,3,60,0,0,9,3,3,29,141,61,60,0,486
3490,0,60,0,0,0,1,1,19,64,64,60,0,381
3490,1,60,0,0,6,1,3,25,110,70,60,0,476
3490,2,60,0,0,3,3,1,23,98,58,60,0,409
3490,3,60,0,0,9,3,3,29,141,61,60,0,486
3491,0,60,0,0,0,1,1,19,51,51,60,0,308
3491,1,60,0,0,6,1,3,25,98,58,60,0,409
3491,2,60,0,0,3,3,1,23,98,58,60,0,409
3491,3,60,0,0,9,3,3,29,141,61,60,0,486
3492,0,60,0,0,0,2,1,19,51,51,60,0,306
3492,1,60,0,0,6,4,3,25,98,58,60,0,407
3492,2,60,0,0,3,4,1,23,98,58,60,0,407
3492,3,60,0,0,9,6,3,29,141,61,60,0,484
3493,0,60,0,0,0,2,1,19,64,64,60,0,381
3493,1,60,0,0,6,4,3,25,98,58,60,0,409
3493,2,60,0,0,3,4,1,23,110,70,60,0,476
3493,3,60,0,0,9,6,3,29,141,61,60,0,486
3494,0,60,0,0,0,2,2,20,64,64,60,0,381
3494,1,60,0,0,6,4,4,26,110,70,60,0,476
3494,2,60,0,0,3,4,2,24,98,58,60,0,409
3494,3,60,0,0,9,6,4,30,141,61,60,0,486
3495,0,60,0,0,0,2,1,19,51,51,60,0,308
3495,1,60,0,0,6,4,3,25,98,58,60,0,409
3495,2,60,0,0,3,4,1,23,98,58,60,0,409
3495,3,60,0,0,9,6,3,29,141,61,60,0,486
3496,0,60,0,0,0,0,2,5,51,51,60,0,327
3496,1,60,0,0,12,0,8,14,98,58,60,0,430
3496,2,60,0,0,4,0,2,8,98,58,60,0,430
3496,3,60,0,0,16,0,8,17,141,61,60,0,509
3496,4,60,0,0,4,0,2,8,98,54,60,0,450
3496,5,60,0,0,16,0,8,17,141,57,60,0,533
3496,6,60,0,0,8,0,2,11,141,57,60,0,533
3496,7,60,0,0,20,0,8,20,180,56,60,0,592
3497,0,60,0,0,0,3,4,8,64,64,60,0,424
3497,1,60,0,0,12,0,8,14,98,58,60,0,458
3497,2,60,0,0,4,3,4,11,110,70,60,0,525
3497,3,60,0,0,16,0,8,17,141,61,60,0,541
3497,4,60,0,0,16,9,8,17,132,65,60,0,539
3497,5,60,0,0,16,0,8,17,141,65,60,0,557
3497,6,60,0,0,20,9,8,20,171,64,60,0,598
3497,7,60,0,0,20,0,8,20,180,64,60,0,616
3498,0,60,0,0,0,1,3,7,64,64,60,0,424
3498,1,60,0,0,12,1,9,16,110,70,60,0,525
3498,2,60,0,0,4,0,3,9,98,58,60,0,458
3498,3,60,0,0,16,0,9,18,141,61,60,0,541
3498,4,60,0,0,12,3,6,15,132,65,60,0,539
3498,5,60,0,0,24,3,12,24,171,64,60,0,598
3498,6,60,0,0,12,0,6,15,141,65,60,0,557
3498,7,60,0,0,24,0,12,24,180,64,60,0,616
3499,0,60,0,0,0,0,2,5,51,51,60,0,351
3499,1,60,0,0,12,0,8,14,98,58,60,0,458
3499,2,60,0,0,4,0,2,8,98,58,60,0,458
3499,3,60,0,0,16,0,8,17,141,61,60,0,541
3499,4,60,0,0,4,0,2,8,98,58,60,0,458
3499,5,60,0,0,16,0,8,17,141,61,60,0,541
3499,6,60,0,0,8,0,2,11,141,61,60,0,541
3499,7,60,0,0,20,0,8,20,180,60,60,0,600
3500,0,60,0,0,0,0,2,5,51,51,60,0,327
3500,1,60,0,0,8,0,5,11,98,58,60,0,430
3500,2,60,0,0,4,0,2,8,98,58,60,0,430
3500,3,60,0,0,12,0,5,14,141,61,60,0,509
3500,4,60,0,0,8,0,5,11,98,54,60,0,450
3500,5,60,0,0,16,0,8,17,141,57,60,0,533
3500,6,60,0,0,12,0,5,14,141,57,60,0,533
3500,7,60,0,0,20,0,8,20,180,56,60,0,592
3501,0,60,0,0,0,2,4,8,64,64,60,0,424
3501,1,60,0,0,8,0,6,12,98,58,60,0,458
3501,2,60,0,0,4,2,4,11,110,70,60,0,525
3501,3,60,0,0,12,0,6,15,141,61,60,0,541
3501,4,60,0,4,20,6,12,21,132,65,60,0,539
3501,5,60,0,4,20,0,12,21,141,65,60,0,557
3501,6,60,0,4,24,6,12,24,171,64,60,0,598
3501,7,60,0,4,24,0,12,24,180,64,60,0,616
3502,0,60,0,0,0,2,11,15,64,64,60,0,424
3502,1,60,0,0,6,4,14,21,110,70,60,0,525
3502,2,60,0,0,3,4,13,19,98,58,60,0,458
3502,3,60,0,0,9,6,16,25,141,61,60,0,541
3503,0,60,0,0,0,0,2,5,51,51,60,0,351
3503,1,60,0,0,8,0,5,11,98,58,60,0,458
3503,2,60,0,0,4,0,2,8,98,58,60,0,458
3503,3,60,0,0,12,0,5,14,141,61,60,0,541
3503,4,60,0,0,8,0,5,11,98,58,60,0,458
3503,5,60,0,0,16,0,8,17,141,61,60,0,541
3503,6,60,0,0,12,0,5,14,141,61,60,0,541
3503,7,60,0,0,20,0,8,20,180,60,60,0,600
3504,0,60,0,0,0,9,0,28,64,64,60,0,349
3504,1,60,0,0,2,6,0,31,110,70,60,0,444
3505,0,60,0,0,0,9,0,28,84,84,60,0,463
3505,1,60,0,0,2,6,0,31,110,70,60,0,448
3506,0,60,0,0,0,9,0,28,77,77,60,0,426
3506,1,60,0,0,2,6,0,31,122,82,60,0,515
3507,0,60,0,0,0,9,0,28,64,64,60,0,353
3507,1,60,0,0,2,6,0,31,110,70,60,0,448
3508,0,60,0,0,0,11,0,28,64,64,60,0,349
3508,1,60,0,0,2,10,0,31,110,70,60,0,444
3509,0,60,0,0,0,11,0,28,84,84,60,0,463
3509,1,60,0,0,2,10,0,31,110,70,60,0,448
3510,0,60,0,0,0,12,2,30,77,77,60,0,426
3510,1,60,0,0,2,11,2,33,122,82,60,0,515
3511,0,60,0,0,0,11,0,28,64,64,60,0,353
3511,1,60,0,0,2,10,0,31,110,70,60,0,448
3512,0,60,0,0,0,1,3,7,64,64,60,0,386
3512,1,60,0,0,12,1,9,16,110,70,60,0,483
3512,2,60,0,0,12,3,6,15,132,61,60,0,531
3512,3,60,0,0,24,3,12,24,171,60,60,0,590
3512,4,60,0,0,4,0,3,9,98,54,60,0,450
3512,5,60,0,0,16,0,9,18,141,57,60,0,533
3512,6,60,0,0,12,0,6,15,141,61,60,0,549
3512,7,60,0,0,24,0,12,24,180,60,60,0,608
3513,0,60,0,0,0,7,7,13,84,84,60,0,534
3513,1,60,0,0,12,1,9,16,110,70,60,0,525
3513,2,60,0,0,24,12,12,24,158,68,60,0,588
3513,3,60,0,0,24,3,12,24,171,68,60,0,614
3513,4,60,0,0,16,9,9,18,132,65,60,0,539
3513,5,60,0,0,16,0,9,18,141,65,60,0,557
3513,6,60,0,0,24,9,12,24,171,68,60,0,614
3513,7,60,0,0,24,0,12,24,180,68,60,0,632
3514,0,60,0,0,0,4,6,11,77,77,60,0,497
3514,1,60,0,0,12,4,12,20,122,82,60,0,592
3514,2,60,0,0,16,6,10,19,132,69,60,0,555
3514,3,60,0,0,28,6,16,28,171,68,60,0,614
3514,4,60,0,0,16,6,10,19,132,69,60,0,555
3514,5,60,0,0,28,6,16,28,171,68,60,0,614
3514,6,60,0,0,16,0,10,19,141,69,60,0,573
3514,7,60,0,0,28,0,16,28,180,68,60,0,632
3515,0,60,0,0,0,1,3,7,64,64,60,0,424
3515,1,60,0,0,12,1,9,16,110,70,60,0,525
3515,2,60,0,0,12,3,6,15,132,65,60,0,539
3515,3,60,0,0,24,3,12,24,171,64,60,0,598
3515,4,60,0,0,4,0,3,9,98,58,60,0,458
3515,5,60,0,0,16,0,9,18,141,61,60,0,541
3515,6,60,0,0,12,0,6,15,141,65,60,0,557
3515,7,60,0,0,24,0,12,24,180,64,60,0,616
3516,0,60,0,0,0,2,3,7,64,64,60,0,386
3516,1,60,0,0,8,2,6,13,110,70,60,0,483
3516,2,60,0,0,12,6,5,14,132,61,60,0,531
3516,3,60,0,0,20,6,8,20,171,60,60,0,590
3516,4,60,0,0,8,0,5,11,98,54,60,0,450
3516,5,60,0,0,16,0,8,17,141,57,60,0,533
3516,6,60,0,0,12,0,5,14,141,61,60,0,549
3516,7,60,0,0,20,0,8,20,180,60,60,0,608
3517,0,60,0,0,0,7,7,13,84,84,60,0,534
3517,1,60,0,0,8,3,8,15,110,70,60,0,525
3517,2,60,0,4,24,15,12,24,158,68,60,0,588
3517,3,60,0,4,24,9,12,24,171,68,60,0,614
3517,4,60,0,4,20,6,12,21,132,65,60,0,539
3517,5,60,0,4,20,0,12,21,141,65,60,0,557
3517,6,60,0,4,24,6,12,24,171,68,60,0,614
3517,7,60,0,4,24,0,12,24,180,68,60,0,632
3518,0,60,0,0,0,7,15,20,77,77,60,0,497
3518,1,60,0,0,2,6,15,23,122,82,60,0,592
3519,0,60,0,0,0,2,3,7,64,64,60,0,424
3519,1,60,0,0,8,2,6,13,110,70,60,0,525
3519,2,60,0,0,12,6,5,14,132,65,60,0,539
3519,3,60,0,0,20,6,8,20,171,64,60,0,598
3519,4,60,0,0,8,0,5,11,98,58,60,0,458
3519,5,60,0,0,16,0,8,17,141,61,60,0,541
3519,6,60,0,0,12,0,5,14,141,65,60,0,557
3519,7,60,0,0,20,0,8,20,180,64,60,0,616
3520,0,60,0,0,0,0,0,18,51,51,60,0,282
3520,1,60,0,0,3,0,0,22,98,58,60,0,379
3520,2,60,0,0,3,0,0,22,98,54,60,0,399
3520,3,60,0,0,6,0,0,26,141,57,60,0,476
3521,0,60,0,0,0,0,0,18,64,64,60,0,355
3521,1,60,0,0,3,0,0,22,98,58,60,0,381
3521,2,60,0,0,3,0,0,22,110,66,60,0,468
3521,3,60,0,0,6,0,0,26,141,57,60,0,478
3522,0,60,0,0,0,0,0,18,64,64,60,0,343
3522,1,60,0,0,3,0,0,22,110,70,60,0,434
3522,2,60,0,0,3,0,0,22,98,54,60,0,401
3522,3,60,0,0,6,0,0,26,141,57,60,0,478
3523,0,60,0,0,0,0,0,18,51,51,60,0,284
3523,1,60,0,0,3,0,0,22,98,58,60,0,381
3523,2,60,0,0,3,0,0,22,98,54,60,0,401
3523,3,60,0,0,6,0,0,26,141,57,60,0,478
3524,0,60,0,0,0,2,0,18,51,51,60,0,282
3524,1,60,0,0,3,4,0,22,98,58,60,0,379
3524,2,60,0,0,3,4,0,22,98,54,60,0,399
3524,3,60,0,0,6,6,0,26,141,57,60,0,476
3525,0,60,0,0,0,2,0,18,64,64,60,0,355
3525,1,60,0,0,3,4,0,22,98,58,60,0,381
3525,2,60,0,0,3,4,0,22,110,66,60,0,468
3525,3,60,0,0,6,6,0,26,141,57,60,0,478
3526,0,60,0,0,0,2,0,18,64,64,60,0,343
3526,1,60,0,0,3,4,0,22,110,70,60,0,434
3526,2,60,0,0,3,4,0,22,98,54,60,0,401
3526,3,60,0,0,6,6,0,26,141,57,60,0,478
3527,0,60,0,0,0,2,0,18,51,51,60,0,284
3527,1,60,0,0,3,4,0,22,98,58,60,0,381
3527,2,60,0,0,3,4,0,22,98,54,60,0,401
3527,3,60,0,0,6,6,0,26,141,57,60,0,478
3528,0,60,0,0,0,0,2,5,51,51,60,0,303
3528,1,60,0,0,8,0,5,11,98,58,60,0,402
3528,2,60,0,0,8,0,5,11,98,54,60,0,422
3528,3,60,0,0,16,0,8,17,141,57,60,0,501
3528,4,60,0,0,4,0,2,8,98,54,60,0,422
3528,5,60,0,0,12,0,5,14,141,57,60,0,501
3528,6,60,0,0,12,0,5,14,141,53,60,0,525
3528,7,60,0,0,20,0,8,20,180,52,60,0,584
3529,0,60,0,0,0,2,3,7,64,64,60,0,398
3529,1,60,0,0,8,0,5,11,98,58,60,0,430
3529,2,60,0,0,8,2,6,13,110,66,60,0,517
3529,3,60,0,0,16,0,8,17,141,57,60,0,533
3529,4,60,0,0,12,6,5,14,132,65,60,0,507
3529,5,60,0,0,12,0,5,14,141,65,60,0,525
3529,6,60,0,0,20,6,8,20,171,60,60,0,590
3529,7,60,0,0,20,0,8,20,180,60,60,0,608
3530,0,60,0,0,0,2,3,7,64,64,60,0,386
3530,1,60,0,0,8,2,6,13,110,70,60,0,483
3530,2,60,0,0,8,0,5,11,98,54,60,0,450
3530,3,60,0,0,16,0,8,17,141,57,60,0,533
3530,4,60,0,0,12,6,5,14,132,61,60,0,531
3530,5,60,0,0,20,6,8,20,171,60,60,0,590
3530,6,60,0,0,12,0,5,14,141,61,60,0,549
3530,7,60,0,0,20,0,8,20,180,60,60,0,608
3531,0,60,0,0,0,0,2,5,51,51,60,0,327
3531,1,60,0,0,8,0,5,11,98,58,60,0,430
3531,2,60,0,0,8,0,5,11,98,54,60,0,450
3531,3,60,0,0,16,0,8,17,141,57,60,0,533
3531,4,60,0,0,4,0,2,8,98,58,60,0,430
3531,5,60,0,0,12,0,5,14,141,61,60,0,509
3531,6,60,0,0,12,0,5,14,141,57,60,0,533
3531,7,60,0,0,20,0,8,20,180,56,60,0,592
3532,0,60,0,0,0,0,0,3,51,51,60,0,303
3532,1,60,0,0,4,0,0,6,98,58,60,0,402
3532,2,60,0,0,4,0,0,6,98,54,60,0,422
3532,3,60,0,0,8,0,0,9,141,57,60,0,501
3532,4,60,0,0,4,0,0,6,98,54,60,0,422
3532,5,60,0,0,8,0,0,9,141,57,60,0,501
3532,6,60,0,0,8,0,0,9,141,53,60,0,525
3532,7,60,0,0,12,0,0,12,180,52,60,0,584
3533,0,60,0,0,0,1,1,5,64,64,60,0,398
3533,1,60,0,0,4,0,1,7,98,58,60,0,430
3533,2,60,0,0,4,1,1,8,110,66,60,0,517
3533,3,60,0,0,8,0,1,10,141,57,60,0,533
3533,4,60,0,4,12,3,4,13,132,65,60,0,507
3533,5,60,0,4,12,0,4,13,141,65,60,0,525
3533,6,60,0,4,16,3,4,16,171,60,60,0,590
3533,7,60,0,4,16,0,4,16,180,60,60,0,608
3534,0,60,0,0,0,1,1,5,64,64,60,0,386
3534,1,60,0,0,4,1,1,8,110,70,60,0,483
3534,2,60,0,0,4,0,1,7,98,54,60,0,450
3534,3,60,0,0,8,0,1,10,141,57,60,0,533
3534,4,60,0,4,12,3,4,13,132,61,60,0,531
3534,5,60,0,4,16,3,4,16,171,60,60,0,590
3534,6,60,0,4,12,0,4,13,141,61,60,0,549
3534,7,60,0,4,16,0,4,16,180,60,60,0,608
3535,0,60,0,0,0,0,0,3,51,51,60,0,327
3535,1,60,0,0,4,0,0,6,98,58,60,0,430
3535,2,60,0,0,4,0,0,6,98,54,60,0,450
3535,3,60,0,0,8,0,0,9,141,57,60,0,533
3535,4,60,0,0,4,0,0,6,98,58,60,0,430
3535,5,60,0,0,8,0,0,9,141,61,60,0,509
3535,6,60,0,0,8,0,0,9,141,57,60,0,533
3535,7,60,0,0,12,0,0,12,180,56,60,0,592
3536,0,60,0,0,0,2,1,21,64,64,60,0,376
3536,1,60,0,0,3,0,1,23,98,58,60,0,407
3536,2,60,0,3,9,4,3,29,132,65,60,0,482
3536,3,60,0,3,9,0,3,29,141,65,60,0,500
3537,0,60,0,0,0,2,1,21,77,77,60,0,451
3537,1,60,0,0,3,0,1,23,98,58,60,0,409
3537,2,60,0,3,9,4,3,29,137,65,60,0,494
3537,3,60,0,3,9,0,3,29,141,65,60,0,502
3538,0,60,0,0,0,2,1,21,84,84,60,0,488
3538,1,60,0,0,3,0,1,23,110,70,60,0,476
3538,2,60,0,3,9,4,3,29,132,65,60,0,484
3538,3,60,0,3,9,0,3,29,141,65,60,0,502
3539,0,60,0,0,0,2,1,21,64,64,60,0,378
3539,1,60,0,0,3,0,1,23,98,58,60,0,409
3539,2,60,0,3,9,4,3,29,132,65,60,0,484
3539,3,60,0,3,9,0,3,29,141,65,60,0,502
3540,0,60,0,0,0,4,1,21,64,64,60,0,376
3540,1,60,0,0,3,4,1,23,98,58,60,0,407
3540,2,60,0,3,9,8,3,29,132,65,60,0,482
3540,3,60,0,3,9,6,3,29,141,65,60,0,500
3541,0,60,0,0,0,4,1,21,77,77,60,0,451
3541,1,60,0,0,3,4,1,23,98,58,60,0,409
3541,2,60,0,3,9,8,3,29,137,65,60,0,494
3541,3,60,0,3,9,6,3,29,141,65,60,0,502
3542,0,60,0,0,0,4,1,21,84,84,60,0,488
3542,1,60,0,0,3,4,1,23,110,70,60,0,476
3542,2,60,0,3,9,8,3,29,132,65,60,0,484
3542,3,60,0,3,9,6,3,29,141,65,60,0,502
3543,0,60,0,0,0,4,1,21,64,64,60,0,378
3543,1,60,0,0,3,4,1,23,98,58,60,0,409
3543,2,60,0,3,9,8,3,29,132,65,60,0,484
3543,3,60,0,3,9,6,3,29,141,65,60,0,502
3544,0,60,0,0,0,2,4,8,64,64,60,0,398
3544,1,60,0,0,8,0,6,12,98,58,60,0,430
3544,2,60,0,4,20,6,12,21,132,65,60,0,507
3544,3,60,0,4,20,0,12,21,141,65,60,0,525
3544,4,60,0,0,4,2,4,11,110,66,60,0,517
3544,5,60,0,0,12,0,6,15,141,57,60,0,533
3544,6,60,0,4,24,6,12,24,171,60,60,0,590
3544,7,60,0,4,24,0,12,24,180,60,60,0,608
3545,0,60,0,0,0,4,5,10,77,77,60,0,497
3545,1,60,0,0,8,0,6,12,98,58,60,0,458
3545,2,60,0,4,20,6,12,21,137,65,60,0,549
3545,3,60,0,4,20,0,12,21,141,65,60,0,557
3545,4,60,0,0,12,6,6,15,137,65,60,0,549
3545,5,60,0,0,12,0,6,15,141,65,60,0,557
3545,6,60,0,4,24,6,12,24,180,68,60,0,632
3545,7,60,0,4,24,0,12,24,180,68,60,0,632
3546,0,60,0,0,0,7,7,13,84,84,60,0,534
3546,1,60,0,0,8,3,8,15,110,70,60,0,525
3546,2,60,0,4,20,6,12,21,132,65,60,0,539
3546,3,60,0,4,20,0,12,21,141,65,60,0,557
3546,4,60,0,4,24,15,12,24,158,68,60,0,588
3546,5,60,0,4,24,9,12,24,171,68,60,0,614
3546,6,60,0,4,24,6,12,24,171,68,60,0,614
3546,7,60,0,4,24,0,12,24,180,68,60,0,632
3547,0,60,0,0,0,2,4,8,64,64,60,0,424
3547,1,60,0,0,8,0,6,12,98,58,60,0,458
3547,2,60,0,4,20,6,12,21,132,65,60,0,539
3547,3,60,0,4,20,0,12,21,141,65,60,0,557
3547,4,60,0,0,4,2,4,11,110,70,60,0,525
3547,5,60,0,0,12,0,6,15,141,61,60,0,541
3547,6,60,0,4,24,6,12,24,171,64,60,0,598
3547,7,60,0,4,24,0,12,24,180,64,60,0,616
3548,0,60,0,0,0,1,1,5,64,64,60,0,398
3548,1,60,0,0,4,0,1,7,98,58,60,0,430
3548,2,60,0,4,12,3,4,13,132,65,60,0,507
3548,3,60,0,4,12,0,4,13,141,65,60,0,525
3548,4,60,0,0,4,1,1,8,110,66,60,0,517
3548,5,60,0,0,8,0,1,10,141,57,60,0,533
3548,6,60,0,4,16,3,4,16,171,60,60,0,590
3548,7,60,0,4,16,0,4,16,180,60,60,0,608
3549,0,60,0,0,0,2,2,7,77,77,60,0,497
3549,1,60,0,0,4,0,2,8,98,58,60,0,458
3549,2,60,0,3,11,3,4,13,137,65,60,0,549
3549,3,60,0,3,11,0,4,13,141,65,60,0,557
3549,4,60,0,3,11,3,4,13,137,65,60,0,549
3549,5,60,0,3,11,0,4,13,141,65,60,0,557
3549,6,60,0,4,16,3,4,16,180,68,60,0,632
3549,7,60,0,4,16,0,4,16,180,68,60,0,632
3550,0,60,0,0,0,4,3,9,84,84,60,0,534
3550,1,60,0,0,4,2,3,10,110,70,60,0,525
3550,2,60,0,4,12,3,5,14,132,65,60,0,539
3550,3,60,0,4,12,0,5,14,141,65,60,0,557
3550,4,60,0,8,20,9,8,20,158,68,60,0,588
3550,5,60,0,8,20,6,8,20,171,68,60,0,614
3550,6,60,0,8,20,3,8,20,171,68,60,0,614
3550,7,60,0,8,20,0,8,20,180,68,60,0,632
3551,0,60,0,0,0,1,1,5,64,64,60,0,424
3551,1,60,0,0,4,0,1,7,98,58,60,0,458
3551,2,60,0,4,12,3,4,13,132,65,60,0,539
3551,3,60,0,4,12,0,4,13,141,65,60,0,557
3551,4,60,0,0,4,1,1,8,110,70,60,0,525
3551,5,60,0,0,8,0,1,10,141,61,60,0,541
3551,6,60,0,4,16,3,4,16,171,64,60,0,598
3551,7,60,0,4,16,0,4,16,180,64,60,0,616
3552,0,60,0,0,0,0,0,18,51,51,60,0,306
3552,1,60,0,0,3,0,0,22,98,58,60,0,407
3552,2,60,0,0,3,0,0,22,98,58,60,0,407
3552,3,60,0,0,6,0,0,26,141,61,60,0,484
3553,0,60,0,0,0,0,0,18,64,64,60,0,381
3553,1,60,0,0,3,0,0,22,98,58,60,0,409
3553,2,60,0,0,3,0,0,22,110,70,60,0,476
3553,3,60,0,0,6,0,0,26,141,61,60,0,486
3554,0,60,0,0,0,0,0,18,64,64,60,0,381
3554,1,60,0,0,3,0,0,22,110,70,60,0,476
3554,2,60,0,0,3,0,0,22,98,58,60,0,409
3554,3,60,0,0,6,0,0,26,141,61,60,0,486
3555,0,60,0,0,0,0,0,18,51,51,60,0,308
3555,1,60,0,0,3,0,0,22,98,58,60,0,409
3555,2,60,0,0,3,0,0,22,98,58,60,0,409
3555,3,60,0,0,6,0,0,26,141,61,60,0,486
3556,0,60,0,0,0,2,0,18,51,51,60,0,306
3556,1,60,0,0,3,4,0,22,98,58,60,0,407
3556,2,60,0,0,3,4,0,22,98,58,60,0,407
3556,3,60,0,0,6,6,0,26,141,61,60,0,484
3557,0,60,0,0,0,2,0,18,64,64,60,0,381
3557,1,60,0,0,3,4,0,22,98,58,60,0,409
3557,2,60,0,0,3,4,0,22,110,70,60,0,476
3557,3,60,0,0,6,6,0,26,141,61,60,0,486
3558,0,60,0,0,0,2,0,18,64,64,60,0,381
3558,1,60,0,0,3,4,0,22,110,70,60,0,476
3558,2,60,0,0,3,4,0,22,98,58,60,0,409
3558,3,60,0,0,6,6,0,26,141,61,60,0,486
3559,0,60,0,0,0,2,0,18,51,51,60,0,308
3559,1,60,0,0,3,4,0,22,98,58,60,0,409
3559,2,60,0,0,3,4,0,22,98,58,60,0,409
3559,3,60,0,0,6,6,0,26,141,61,60,0,486
3560,0,60,0,0,0,0,2,5,51,51,60,0,327
3560,1,60,0,0,8,0,5,11,98,58,60,0,430
3560,2,60,0,0,8,0,5,11,98,58,60,0,430
3560,3,60,0,0,16,0,8,17,141,61,60,0,509
3560,4,60,0,0,4,0,2,8,98,54,60,0,450
3560,5,60,0,0,12,0,5,14,141,57,60,0,533
3560,6,60,0,0,12,0,5,14,141,57,60,0,533
3560,7,60,0,0,20,0,8,20,180,56,60,0,592
3561,0,60,0,0,0,2,3,7,64,64,60,0,424
3561,1,60,0,0,8,0,5,11,98,58,60,0,458
3561,2,60,0,0,8,2,6,13,110,70,60,0,525
3561,3,60,0,0,16,0,8,17,141,61,60,0,541
3561,4,60,0,0,12,6,5,14,132,65,60,0,539
3561,5,60,0,0,12,0,5,14,141,65,60,0,557
3561,6,60,0,0,20,6,8,20,171,64,60,0,598
3561,7,60,0,0,20,0,8,20,180,64,60,0,616
3562,0,60,0,0,0,2,3,7,64,64,60,0,424
3562,1,60,0,0,8,2,6,13,110,70,60,0,525
3562,2,60,0,0,8,0,5,11,98,58,60,0,458
3562,3,60,0,0,16,0,8,17,141,61,60,0,541
3562,4,60,0,0,12,6,5,14,132,65,60,0,539
3562,5,60,0,0,20,6,8,20,171,64,60,0,598
3562,6,60,0,0,12,0,5,14,141,65,60,0,557
3562,7,60,0,0,20,0,8,20,180,64,60,0,616
3563,0,60,0,0,0,0,2,5,51,51,60,0,351
3563,1,60,0,0,8,0,5,11,98,58,60,0,458
3563,2,60,0,0,8,0,5,11,98,58,60,0,458
3563,3,60,0,0,16,0,8,17,141,61,60,0,541
3563,4,60,0,0,4,0,2,8,98,58,60,0,458
3563,5,60,0,0,12,0,5,14,141,61,60,0,541
3563,6,60,0,0,12,0,5,14,141,61,60,0,541
3563,7,60,0,0,20,0,8,20,180,60,60,0,600
3564,0,60,0,0,0,0,0,3,51,51,60,0,327
3564,1,60,0,0,4,0,0,6,98,58,60,0,430
3564,2,60,0,0,4,0,0,6,98,58,60,0,430
3564,3,60,0,0,8,0,0,9,141,61,60,0,509
3564,4,60,0,0,4,0,0,6,98,54,60,0,450
3564,5,60,0,0,8,0,0,9,141,57,60,0,533
3564,6,60,0,0,8,0,0,9,141,57,60,0,533
3564,7,60,0,0,12,0,0,12,180,56,60,0,592
3565,0,60,0,0,0,1,1,5,64,64,60,0,424
3565,1,60,0,0,4,0,1,7,98,58,60,0,458
3565,2,60,0,0,4,1,1,8,110,70,60,0,525
3565,3,60,0,0,8,0,1,10,141,61,60,0,541
3565,4,60,0,4,12,3,4,13,132,65,60,0,539
3565,5,60,0,4,12,0,4,13,141,65,60,0,557
3565,6,60,0,4,16,3,4,16,171,64,60,0,598
3565,7,60,0,4,16,0,4,16,180,64,60,0,616
3566,0,60,0,0,0,1,1,5,64,64,60,0,424
3566,1,60,0,0,4,1,1,8,110,70,60,0,525
3566,2,60,0,0,4,0,1,7,98,58,60,0,458
3566,3,60,0,0,8,0,1,10,141,61,60,0,541
3566,4,60,0,4,12,3,4,13,132,65,60,0,539
3566,5,60,0,4,16,3,4,16,171,64,60,0,598
3566,6,60,0,4,12,0,4,13,141,65,60,0,557
3566,7,60,0,4,16,0,4,16,180,64,60,0,616
3567,0,60,0,0,0,0,0,3,51,51,60,0,351
3567,1,60,0,0,4,0,0,6,98,58,60,0,458
3567,2,60,0,0,4,0,0,6,98,58,60,0,458
3567,3,60,0,0,8,0,0,9,141,61,60,0,541
3567,4,60,0,0,4,0,0,6,98,58,60,0,458
3567,5,60,0,0,8,0,0,9,141,61,60,0,541
3567,6,60,0,0,8,0,0,9,141,61,60,0,541
3567,7,60,0,0,12,0,0,12,180,60,60,0,600
3568,0,60,0,0,0,3,1,29,64,64,60,0,349
3568,1,60,0,0,2,4,1,32,110,70,60,0,444
3569,0,60,0,0,0,3,1,29,84,84,60,0,463
3569,1,60,0,0,2,4,1,32,110,70,60,0,448
3570,0,60,0,0,0,4,2,30,77,77,60,0,426
3570,1,60,0,0,2,5,2,33,122,82,60,0,515
3571,0,60,0,0,0,3,1,29,64,64,60,0,353
3571,1,60,0,0,2,4,1,32,110,70,60,0,448
3572,0,60,0,0,0,11,0,28,64,64,60,0,349
3572,1,60,0,0,2,12,0,31,110,70,60,0,444
3573,0,60,0,0,0,11,0,28,84,84,60,0,463
3573,1,60,0,0,2,12,0,31,110,70,60,0,448
3574,0,60,0,0,0,11,0,28,77,77,60,0,426
3574,1,60,0,0,2,12,0,31,122,82,60,0,515
3575,0,60,0,0,0,11,0,28,64,64,60,0,353
3575,1,60,0,0,2,12,0,31,110,70,60,0,448
3576,0,60,0,0,0,2,11,15,64,64,60,0,386
3576,1,60,0,0,6,4,14,21,110,70,60,0,483
3576,4,60,0,0,3,4,13,19,98,54,60,0,450
3576,5,60,0,0,9,6,16,25,141,57,60,0,533
3577,0,60,0,0,0,5,12,18,84,84,60,0,534
3577,1,60,0,0,6,4,14,21,110,70,60,0,525
3577,4,60,0,0,9,10,16,25,132,65,60,0,539
3577,5,60,0,0,9,6,16,25,141,65,60,0,557
3578,0,60,0,0,0,7,15,20,77,77,60,0,497
3578,1,60,0,0,2,6,15,23,122,82,60,0,592
3579,0,60,0,0,0,2,11,15,64,64,60,0,424
3579,1,60,0,0,6,4,14,21,110,70,60,0,525
3579,4,60,0,0,3,4,13,19,98,58,60,0,458
3579,5,60,0,0,9,6,16,25,141,61,60,0,541
3580,0,60,0,0,0,1,1,5,64,64,60,0,386
3580,1,60,0,0,4,1,1,8,110,70,60,0,483
3580,2,60,0,4,12,3,4,13,132,61,60,0,531
3580,3,60,0,4,16,3,4,16,171,60,60,0,590
3580,4,60,0,0,4,0,1,7,98,54,60,0,450
3580,5,60,0,0,8,0,1,10,141,57,60,0,533
3580,6,60,0,4,12,0,4,13,141,61,60,0,549
3580,7,60,0,4,16,0,4,16,180,60,60,0,608
3581,0,60,0,0,0,4,3,9,84,84,60,0,534
3581,1,60,0,0,4,2,3,10,110,70,60,0,525
3581,2,60,0,8,20,9,8,20,158,68,60,0,588
3581,3,60,0,8,20,6,8,20,171,68,60,0,614
3581,4,60,0,4,12,3,5,14,132,65,60,0,539
3581,5,60,0,4,12,0,5,14,141,65,60,0,557
3581,6,60,0,8,20,3,8,20,171,68,60,0,614
3581,7,60,0,8,20,0,8,20,180,68,60,0,632
3582,0,60,0,0,0,4,4,9,77,77,60,0,497
3582,1,60,0,0,4,4,4,12,122,82,60,0,592
3582,2,60,0,8,16,6,8,17,132,69,60,0,555
3582,3,60,0,8,20,6,8,20,171,68,60,0,614
3582,4,60,0,8,16,6,8,17,132,69,60,0,555
3582,5,60,0,8,20,6,8,20,171,68,60,0,614
3582,6,60,0,8,16,0,8,17,141,69,60,0,573
3582,7,60,0,8,20,0,8,20,180,68,60,0,632
3583,0,60,0,0,0,1,1,5,64,64,60,0,424
3583,1,60,0,0,4,1,1,8,110,70,60,0,525
3583,2,60,0,4,12,3,4,13,132,65,60,0,539
3583,3,60,0,4,16,3,4,16,171,64,60,0,598
3583,4,60,0,0,4,0,1,7,98,58,60,0,458
3583,5,60,0,0,8,0,1,10,141,61,60,0,541
3583,6,60,0,4,12,0,4,13,141,65,60,0,557
3583,7,60,0,4,16,0,4,16,180,64,60,0,616
3584,0,60,0,0,0,2,1,41,64,64,60,0,301
3585,0,60,0,0,0,3,1,42,84,84,60,0,395
3586,0,60,0,0,0,3,1,42,77,77,60,0,346
3587,0,60,0,0,0,2,1,41,64,64,60,0,303
3588,0,60,0,0,0,3,1,41,64,64,60,0,301
3589,0,60,0,0,0,4,1,42,84,84,60,0,395
3590,0,60,0,0,0,3,1,42,77,77,60,0,346
3591,0,60,0,0,0,3,1,41,64,64,60,0,303
3592,0,60,0,0,0,4,2,30,64,64,60,0,323
3592,4,60,0,0,2,6,2,33,110,66,60,0,436
3593,0,60,0,0,0,12,4,38,84,84,60,0,441
3594,0,60,0,0,0,12,1,39,77,77,60,0,392
3595,0,60,0,0,0,4,2,30,64,64,60,0,349
3595,4,60,0,0,2,6,2,33,110,70,60,0,444
3596,0,60,0,0,0,3,1,29,64,64,60,0,323
3596,4,60,0,0,2,4,1,32,110,66,60,0,436
3597,0,60,0,0,0,9,2,36,84,84,60,0,441
3598,0,60,0,0,0,6,2,40,77,77,60,0,392
3599,0,60,0,0,0,3,1,29,64,64,60,0,349
3599,4,60,0,0,2,4,1,32,110,70,60,0,444
3600,0,60,0,0,0,3,2,42,77,77,60,0,375
3601,0,60,0,0,0,4,2,43,97,97,60,0,471
3602,0,60,0,0,0,4,2,43,97,97,60,0,459
3603,0,60,0,0,0,3,2,42,77,77,60,0,377
3604,0,60,0,0,0,4,2,42,77,77,60,0,375
3605,0,60,0,0,0,5,2,43,97,97,60,0,471
3606,0,60,0,0,0,4,2,43,97,97,60,0,459
3607,0,60,0,0,0,4,2,42,77,77,60,0,377
3608,0,60,0,0,0,5,3,31,77,77,60,0,398
3608,4,60,0,0,2,7,3,34,122,78,60,0,507
3609,0,60,0,0,0,13,5,39,97,97,60,0,520
3610,0,60,0,0,0,14,3,41,97,97,60,0,508
3611,0,60,0,0,0,5,3,31,77,77,60,0,426
3611,4,60,0,0,2,7,3,34,122,82,60,0,515
3612,0,60,0,0,0,4,2,30,77,77,60,0,398
3612,4,60,0,0,2,5,2,33,122,78,60,0,507
3613,0,60,0,0,0,10,3,37,97,97,60,0,520
3614,0,60,0,0,0,7,3,41,97,97,60,0,508
3615,0,60,0,0,0,4,2,30,77,77,60,0,426
3615,4,60,0,0,2,5,2,33,122,82,60,0,515
3616,0,60,0,0,0,2,1,41,64,64,60,0,305
3617,0,60,0,0,0,3,1,42,84,84,60,0,401
3618,0,60,0,0,0,3,1,42,77,77,60,0,352
3619,0,60,0,0,0,2,1,41,64,64,60,0,307
3620,0,60,0,0,0,3,1,41,64,64,60,0,305
3621,0,60,0,0,0,4,1,42,84,84,60,0,401
3622,0,60,0,0,0,3,1,42,77,77,60,0,352
3623,0,60,0,0,0,3,1,41,64,64,60,0,307
3624,0,60,0,0,0,4,2,30,64,64,60,0,327
3624,4,60,0,0,2,6,2,33,110,66,60,0,440
3625,0,60,0,0,0,12,4,38,84,84,60,0,447
3626,0,60,0,0,0,12,1,39,77,77,60,0,398
3627,0,60,0,0,0,4,2,30,64,64,60,0,353
3627,4,60,0,0,2,6,2,33,110,70,60,0,448
3628,0,60,0,0,0,3,1,29,64,64,60,0,327
3628,4,60,0,0,2,4,1,32,110,66,60,0,440
3629,0,60,0,0,0,9,2,36,84,84,60,0,447
3630,0,60,0,0,0,6,2,40,77,77,60,0,398
3631,0,60,0,0,0,3,1,29,64,64,60,0,353
3631,4,60,0,0,2,4,1,32,110,70,60,0,448
3632,0,60,0,0,0,3,0,42,84,84,60,0,370
3633,0,60,0,0,0,4,0,43,111,111,60,0,507
3634,0,60,0,0,0,4,0,43,97,97,60,0,421
3635,0,60,0,0,0,3,0,42,84,84,60,0,376
3636,0,60,0,0,0,4,0,42,84,84,60,0,370
3637,0,60,0,0,0,5,0,43,111,111,60,0,507
3638,0,60,0,0,0,4,0,43,97,97,60,0,421
3639,0,60,0,0,0,4,0,42,84,84,60,0,376
3640,0,60,0,0,0,4,2,30,84,84,60,0,419
3640,4,60,0,0,2,6,2,33,110,66,60,0,440
3641,0,60,0,0,0,13,5,39,111,111,60,0,594
3642,0,60,0,0,0,12,1,39,97,97,60,0,508
3643,0,60,0,0,0,4,2,30,84,84,60,0,463
3643,4,60,0,0,2,6,2,33,110,70,60,0,448
3644,0,60,0,0,0,3,1,29,84,84,60,0,419
3644,4,60,0,0,2,4,1,32,110,66,60,0,440
3645,0,60,0,0,0,10,3,37,111,111,60,0,594
3646,0,60,0,0,0,7,3,41,97,97,60,0,508
3647,0,60,0,0,0,3,1,29,84,84,60,0,463
3647,4,60,0,0,2,4,1,32,110,70,60,0,448
3648,0,60,0,0,0,9,0,40,64,64,60,0,301
3649,0,60,0,0,0,10,0,41,84,84,60,0,395
3650,0,60,0,0,0,10,0,41,77,77,60,0,346
3651,0,60,0,0,0,9,0,40,64,64,60,0,303
3652,0,60,0,0,0,10,0,40,64,64,60,0,301
3653,0,60,0,0,0,11,0,41,84,84,60,0,395
3654,0,60,0,0,0,11,0,41,77,77,60,0,346
3655,0,60,0,0,0,10,0,40,64,64,60,0,303
3656,0,60,0,0,0,11,1,29,64,64,60,0,323
3656,4,60,0,0,2,12,1,32,110,66,60,0,436
3657,0,60,0,0,0,18,2,36,84,84,60,0,441
3658,0,60,0,0,0,20,0,38,77,77,60,0,392
3659,0,60,0,0,0,11,1,29,64,64,60,0,349
3659,4,60,0,0,2,12,1,32,110,70,60,0,444
3660,0,60,0,0,0,11,0,28,64,64,60,0,323
3660,4,60,0,0,2,12,0,31,110,66,60,0,436
3661,0,60,0,0,0,16,0,34,84,84,60,0,441
3662,0,60,0,0,0,20,0,38,77,77,60,0,392
3663,0,60,0,0,0,11,0,28,64,64,60,0,349
3663,4,60,0,0,2,12,0,31,110,70,60,0,444
3664,0,60,0,0,0,9,0,40,77,77,60,0,375
3665,0,60,0,0,0,10,0,41,97,97,60,0,471
3666,0,60,0,0,0,10,0,41,97,97,60,0,459
3667,0,60,0,0,0,9,0,40,77,77,60,0,377
3668,0,60,0,0,0,10,0,40,77,77,60,0,375
3669,0,60,0,0,0,11,0,41,97,97,60,0,471
3670,0,60,0,0,0,11,0,41,97,97,60,0,459
3671,0,60,0,0,0,10,0,40,77,77,60,0,377
3672,0,60,0,0,0,11,1,29,77,77,60,0,398
3672,4,60,0,0,2,12,1,32,122,78,60,0,507
3673,0,60,0,0,0,18,2,36,97,97,60,0,520
3674,0,60,0,0,0,20,0,38,97,97,60,0,508
3675,0,60,0,0,0,11,1,29,77,77,60,0,426
3675,4,60,0,0,2,12,1,32,122,82,60,0,515
3676,0,60,0,0,0,11,0,28,77,77,60,0,398
3676,4,60,0,0,2,12,0,31,122,78,60,0,507
3677,0,60,0,0,0,16,0,34,97,97,60,0,520
3678,0,60,0,0,0,20,0,38,97,97,60,0,508
3679,0,60,0,0,0,11,0,28,77,77,60,0,426
3679,4,60,0,0,2,12,0,31,122,82,60,0,515
3680,0,60,0,0,0,9,0,40,64,64,60,0,305
3681,0,60,0,0,0,10,0,41,84,84,60,0,401
3682,0,60,0,0,0,10,0,41,77,77,60,0,352
3683,0,60,0,0,0,9,0,40,64,64,60,0,307
3684,0,60,0,0,0,10,0,40,64,64,60,0,305
3685,0,60,0,0,0,11,0,41,84,84,60,0,401
3686,0,60,0,0,0,11,0,41,77,77,60,0,352
3687,0,60,0,0,0,10,0,40,64,64,60,0,307
3688,0,60,0,0,0,11,1,29,64,64,60,0,327
3688,4,60,0,0,2,12,1,32,110,66,60,0,440
3689,0,60,0,0,0,18,2,36,84,84,60,0,447
3690,0,60,0,0,0,20,0,38,77,77,60,0,398
3691,0,60,0,0,0,11,1,29,64,64,60,0,353
3691,4,60,0,0,2,12,1,32,110,70,60,0,448
3692,0,60,0,0,0,11,0,28,64,64,60,0,327
3692,4,60,0,0,2,12,0,31,110,66,60,0,440
3693,0,60,0,0,0,16,0,34,84,84,60,0,447
3694,0,60,0,0,0,20,0,38,77,77,60,0,398
3695,0,60,0,0,0,11,0,28,64,64,60,0,353
3695,4,60,0,0,2,12,0,31,110,70,60,0,448
3696,0,60,0,0,0,10,0,42,84,84,60,0,370
3697,0,60,0,0,0,11,0,43,111,111,60,0,507
3698,0,60,0,0,0,11,0,43,97,97,60,0,421
3699,0,60,0,0,0,10,0,42,84,84,60,0,376
3700,0,60,0,0,0,12,0,42,84,84,60,0,370
3701,0,60,0,0,0,13,0,43,111,111,60,0,507
3702,0,60,0,0,0,13,0,43,97,97,60,0,421
3703,0,60,0,0,0,12,0,42,84,84,60,0,376
3704,0,60,0,0,0,12,3,31,84,84,60,0,419
3704,4,60,0,0,2,13,3,34,110,66,60,0,440
3705,0,60,0,0,0,20,5,39,111,111,60,0,594
3706,0,60,0,0,0,22,3,41,97,97,60,0,508
3707,0,60,0,0,0,12,3,31,84,84,60,0,463
3707,4,60,0,0,2,13,3,34,110,70,60,0,448
3708,0,60,0,0,0,11,0,28,84,84,60,0,419
3708,4,60,0,0,2,12,0,31,110,66,60,0,440
3709,0,60,0,0,0,16,0,34,111,111,60,0,594
3710,0,60,0,0,0,20,0,38,97,97,60,0,508
3711,0,60,0,0,0,11,0,28,84,84,60,0,463
3711,4,60,0,0,2,12,0,31,110,70,60,0,448
3712,0,60,0,0,0,2,8,28,64,64,60,0,338
3712,2,60,0,0,2,4,9,31,98,54,60,0,399
3713,0,60,0,0,0,3,9,29,84,84,60,0,444
3713,2,60,0,0,2,5,10,32,110,66,60,0,468
3714,0,60,0,0,0,2,8,28,77,77,60,0,399
3714,2,60,0,0,2,4,9,31,98,54,60,0,401
3715,0,60,0,0,0,2,8,28,64,64,60,0,340
3715,2,60,0,0,2,4,9,31,98,54,60,0,401
3716,0,60,0,0,0,3,8,28,64,64,60,0,338
3716,2,60,0,0,2,5,9,31,98,54,60,0,399
3717,0,60,0,0,0,4,9,29,84,84,60,0,444
3717,2,60,0,0,2,6,10,32,110,66,60,0,468
3718,0,60,0,0,0,3,9,29,77,77,60,0,399
3718,2,60,0,0,2,5,10,32,98,54,60,0,401
3719,0,60,0,0,0,3,8,28,64,64,60,0,340
3719,2,60,0,0,2,5,9,31,98,54,60,0,401
3720,0,60,0,0,0,2,11,15,64,64,60,0,360
3720,2,60,0,0,3,4,13,19,98,54,60,0,422
3720,4,60,0,0,3,4,12,19,110,66,60,0,475
3720,6,60,0,0,6,6,14,23,141,53,60,0,525
3721,0,60,0,0,0,9,16,22,84,84,60,0,490
3721,2,60,0,0,2,10,18,25,110,66,60,0,517
3722,0,60,0,0,0,4,13,18,77,77,60,0,445
3722,2,60,0,0,3,4,14,20,98,54,60,0,450
3722,4,60,0,0,9,8,17,26,137,61,60,0,541
3722,6,60,0,0,9,6,17,26,141,61,60,0,549
3723,0,60,0,0,0,2,11,15,64,64,60,0,386
3723,2,60,0,0,3,4,13,19,98,54,60,0,450
3723,4,60,0,0,3,4,12,19,110,70,60,0,483
3723,6,60,0,0,6,6,14,23,141,57,60,0,533
3724,0,60,0,0,0,2,11,15,64,64,60,0,360
3724,2,60,0,0,3,4,13,19,98,54,60,0,422
3724,4,60,0,0,6,4,14,21,110,66,60,0,475
3724,6,60,0,0,9,6,16,25,141,53,60,0,525
3725,0,60,0,0,0,8,16,22,84,84,60,0,490
3725,2,60,0,0,2,9,18,25,110,66,60,0,517
3726,0,60,0,0,0,4,20,25,77,77,60,0,445
3726,2,60,0,0,2,6,22,28,98,54,60,0,450
3727,0,60,0,0,0,2,11,15,64,64,60,0,386
3727,2,60,0,0,3,4,13,19,98,54,60,0,450
3727,4,60,0,0,6,4,14,21,110,70,60,0,483
3727,6,60,0,0,9,6,16,25,141,57,60,0,533
3728,0,60,0,0,0,8,12,34,77,77,60,0,446
3729,0,60,0,0,0,9,13,35,97,97,60,0,558
3730,0,60,0,0,0,9,13,35,97,97,60,0,558
3731,0,60,0,0,0,8,12,34,77,77,60,0,448
3732,0,60,0,0,0,9,12,34,77,77,60,0,446
3733,0,60,0,0,0,10,13,35,97,97,60,0,558
3734,0,60,0,0,0,9,13,35,97,97,60,0,558
3735,0,60,0,0,0,9,12,34,77,77,60,0,448
3736,0,60,0,0,0,9,17,22,77,77,60,0,469
3736,4,60,0,0,2,10,17,25,122,78,60,0,584
3737,0,60,0,0,0,16,22,29,97,97,60,0,607
3738,0,60,0,0,0,11,18,25,97,97,60,0,607
3739,0,60,0,0,0,9,17,22,77,77,60,0,497
3739,4,60,0,0,2,10,17,25,122,82,60,0,592
3740,0,60,0,0,0,7,15,20,77,77,60,0,469
3740,4,60,0,0,2,6,15,23,122,78,60,0,584
3741,0,60,0,0,0,13,20,27,97,97,60,0,607
3742,0,60,0,0,0,11,25,32,97,97,60,0,607
3743,0,60,0,0,0,7,15,20,77,77,60,0,497
3743,4,60,0,0,2,6,15,23,122,82,60,0,592
3744,0,60,0,0,0,2,8,28,64,64,60,0,376
3744,2,60,0,0,2,4,9,31,98,58,60,0,407
3745,0,60,0,0,0,3,9,29,84,84,60,0,488
3745,2,60,0,0,2,5,10,32,110,70,60,0,476
3746,0,60,0,0,0,2,8,28,77,77,60,0,451
3746,2,60,0,0,2,4,9,31,98,58,60,0,409
3747,0,60,0,0,0,2,8,28,64,64,60,0,378
3747,2,60,0,0,2,4,9,31,98,58,60,0,409
3748,0,60,0,0,0,3,8,28,64,64,60,0,376
3748,2,60,0,0,2,5,9,31,98,58,60,0,407
3749,0,60,0,0,0,4,9,29,84,84,60,0,488
3749,2,60,0,0,2,6,10,32,110,70,60,0,476
3750,0,60,0,0,0,3,9,29,77,77,60,0,451
3750,2,60,0,0,2,5,10,32,98,58,60,0,409
3751,0,60,0,0,0,3,8,28,64,64,60,0,378
3751,2,60,0,0,2,5,9,31,98,58,60,0,409
3752,0,60,0,0,0,2,11,15,64,64,60,0,398
3752,2,60,0,0,3,4,13,19,98,58,60,0,430
3752,4,60,0,0,3,4,12,19,110,66,60,0,517
3752,6,60,0,0,6,6,14,23,141,57,60,0,533
3753,0,60,0,0,0,9,16,22,84,84,60,0,534
3753,2,60,0,0,2,10,18,25,110,70,60,0,525
3754,0,60,0,0,0,4,13,18,77,77,60,0,497
3754,2,60,0,0,3,4,14,20,98,58,60,0,458
3754,4,60,0,0,9,8,17,26,137,65,60,0,549
3754,6,60,0,0,9,6,17,26,141,65,60,0,557
3755,0,60,0,0,0,2,11,15,64,64,60,0,424
3755,2,60,0,0,3,4,13,19,98,58,60,0,458
3755,4,60,0,0,3,4,12,19,110,70,60,0,525
3755,6,60,0,0,6,6,14,23,141,61,60,0,541
3756,0,60,0,0,0,2,11,15,64,64,60,0,398
3756,2,60,0,0,3,4,13,19,98,58,60,0,430
3756,4,60,0,0,6,4,14,21,110,66,60,0,517
3756,6,60,0,0,9,6,16,25,141,57,60,0,533
3757,0,60,0,0,0,8,16,22,84,84,60,0,534
3757,2,60,0,0,2,9,18,25,110,70,60,0,525
3758,0,60,0,0,0,4,20,25,77,77,60,0,497
3758,2,60,0,0,2,6,22,28,98,58,60,0,458
3759,0,60,0,0,0,2,11,15,64,64,60,0,424
3759,2,60,0,0,3,4,13,19,98,58,60,0,458
3759,4,60,0,0,6,4,14,21,110,70,60,0,525
3759,6,60,0,0,9,6,16,25,141,61,60,0,541
3760,0,60,0,0,0,12,5,39,84,84,60,0,441
3761,0,60,0,0,0,14,7,41,111,111,60,0,594
3762,0,60,0,0,0,12,5,39,97,97,60,0,520
3763,0,60,0,0,0,12,5,39,84,84,60,0,447
3764,0,60,0,0,0,14,5,39,84,84,60,0,441
3765,0,60,0,0,0,16,7,41,111,111,60,0,594
3766,0,60,0,0,0,15,7,41,97,97,60,0,520
3767,0,60,0,0,0,14,5,39,84,84,60,0,447
3768,0,60,0,0,0,5,13,19,84,84,60,0,490
3768,2,60,0,0,10,8,18,27,132,61,60,0,531
3768,4,60,0,0,3,5,14,21,110,66,60,0,517
3768,6,60,0,0,10,6,18,27,141,61,60,0,549
3769,0,60,0,0,0,14,19,28,111,111,60,0,681
3770,0,60,0,0,0,9,17,24,97,97,60,0,607
3770,2,60,0,0,13,10,21,30,132,69,60,0,555
3770,4,60,0,0,13,11,21,30,137,69,60,0,565
3770,6,60,0,0,13,6,21,30,141,69,60,0,573
3771,0,60,0,0,0,5,13,19,84,84,60,0,534
3771,2,60,0,0,10,8,18,27,132,65,60,0,539
3771,4,60,0,0,3,5,14,21,110,70,60,0,525
3771,6,60,0,0,10,6,18,27,141,65,60,0,557
3772,0,60,0,0,0,5,12,18,84,84,60,0,490
3772,2,60,0,0,9,10,16,25,132,61,60,0,531
3772,4,60,0,0,6,4,14,21,110,66,60,0,517
3772,6,60,0,0,9,6,16,25,141,61,60,0,549
3773,0,60,0,0,0,13,18,27,111,111,60,0,681
3774,0,60,0,0,0,11,25,32,97,97,60,0,607
3775,0,60,0,0,0,5,12,18,84,84,60,0,534
3775,2,60,0,0,9,10,16,25,132,65,60,0,539
3775,4,60,0,0,6,4,14,21,110,70,60,0,525
3775,6,60,0,0,9,6,16,25,141,65,60,0,557
3776,0,60,0,0,0,2,1,21,64,64,60,0,338
3776,1,60,0,3,9,4,3,29,132,61,60,0,474
3776,2,60,0,0,3,0,1,23,98,54,60,0,399
3776,3,60,0,3,9,0,3,29,141,61,60,0,492
3777,0,60,0,0,0,2,1,21,84,84,60,0,444
3777,1,60,0,3,9,4,3,29,132,61,60,0,476
3777,2,60,0,0,3,0,1,23,110,66,60,0,468
3777,3,60,0,3,9,0,3,29,141,61,60,0,494
3778,0,60,0,0,0,2,1,21,77,77,60,0,399
3778,1,60,0,3,9,4,3,29,137,61,60,0,486
3778,2,60,0,0,3,0,1,23,98,54,60,0,401
3778,3,60,0,3,9,0,3,29,141,61,60,0,494
3779,0,60,0,0,0,2,1,21,64,64,60,0,340
3779,1,60,0,3,9,4,3,29,132,61,60,0,476
3779,2,60,0,0,3,0,1,23,98,54,60,0,401
3779,3,60,0,3,9,0,3,29,141,61,60,0,494
3780,0,60,0,0,0,4,1,21,64,64,60,0,338
3780,1,60,0,3,9,8,3,29,132,61,60,0,474
3780,2,60,0,0,3,4,1,23,98,54,60,0,399
3780,3,60,0,3,9,6,3,29,141,61,60,0,492
3781,0,60,0,0,0,4,1,21,84,84,60,0,444
3781,1,60,0,3,9,8,3,29,132,61,60,0,476
3781,2,60,0,0,3,4,1,23,110,66,60,0,468
3781,3,60,0,3,9,6,3,29,141,61,60,0,494
3782,0,60,0,0,0,4,1,21,77,77,60,0,399
3782,1,60,0,3,9,8,3,29,137,61,60,0,486
3782,2,60,0,0,3,4,1,23,98,54,60,0,401
3782,3,60,0,3,9,6,3,29,141,61,60,0,494
3783,0,60,0,0,0,4,1,21,64,64,60,0,340
3783,1,60,0,3,9,8,3,29,132,61,60,0,476
3783,2,60,0,0,3,4,1,23,98,54,60,0,401
3783,3,60,0,3,9,6,3,29,141,61,60,0,494
3784,0,60,0,0,0,2,4,8,64,64,60,0,360
3784,1,60,0,4,20,6,12,21,132,61,60,0,499
3784,2,60,0,0,8,0,6,12,98,54,60,0,422
3784,3,60,0,4,20,0,12,21,141,61,60,0,517
3784,4,60,0,0,4,2,4,11,110,66,60,0,475
3784,5,60,0,4,24,6,12,24,171,56,60,0,582
3784,6,60,0,0,12,0,6,15,141,53,60,0,525
3784,7,60,0,4,24,0,12,24,180,56,60,0,600
3785,0,60,0,0,0,7,7,13,84,84,60,0,490
3785,1,60,0,4,20,6,12,21,132,61,60,0,531
3785,2,60,0,0,8,3,8,15,110,66,60,0,517
3785,3,60,0,4,20,0,12,21,141,61,60,0,549
3785,4,60,0,4,24,15,12,24,158,64,60,0,580
3785,5,60,0,4,24,6,12,24,171,64,60,0,606
3785,6,60,0,4,24,9,12,24,171,64,60,0,606
3785,7,60,0,4,24,0,12,24,180,64,60,0,624
3786,0,60,0,0,0,4,5,10,77,77,60,0,445
3786,1,60,0,4,20,6,12,21,137,61,60,0,541
3786,2,60,0,0,8,0,6,12,98,54,60,0,450
3786,3,60,0,4,20,0,12,21,141,61,60,0,549
3786,4,60,0,0,12,6,6,15,137,61,60,0,541
3786,5,60,0,4,24,6,12,24,180,64,60,0,624
3786,6,60,0,0,12,0,6,15,141,61,60,0,549
3786,7,60,0,4,24,0,12,24,180,64,60,0,624
3787,0,60,0,0,0,2,4,8,64,64,60,0,386
3787,1,60,0,4,20,6,12,21,132,61,60,0,531
3787,2,60,0,0,8,0,6,12,98,54,60,0,450
3787,3,60,0,4,20,0,12,21,141,61,60,0,549
3787,4,60,0,0,4,2,4,11,110,70,60,0,483
3787,5,60,0,4,24,6,12,24,171,60,60,0,590
3787,6,60,0,0,12,0,6,15,141,57,60,0,533
3787,7,60,0,4,24,0,12,24,180,60,60,0,608
3788,0,60,0,0,0,1,1,5,64,64,60,0,360
3788,1,60,0,4,12,3,4,13,132,61,60,0,499
3788,2,60,0,0,4,0,1,7,98,54,60,0,422
3788,3,60,0,4,12,0,4,13,141,61,60,0,517
3788,4,60,0,0,4,1,1,8,110,66,60,0,475
3788,5,60,0,4,16,3,4,16,171,56,60,0,582
3788,6,60,0,0,8,0,1,10,141,53,60,0,525
3788,7,60,0,4,16,0,4,16,180,56,60,0,600
3789,0,60,0,0,0,4,3,9,84,84,60,0,490
3789,1,60,0,4,12,3,5,14,132,61,60,0,531
3789,2,60,0,0,4,2,3,10,110,66,60,0,517
3789,3,60,0,4,12,0,5,14,141,61,60,0,549
3789,4,60,0,8,20,9,8,20,158,64,60,0,580
3789,5,60,0,8,20,3,8,20,171,64,60,0,606
3789,6,60,0,8,20,6,8,20,171,64,60,0,606
3789,7,60,0,8,20,0,8,20,180,64,60,0,624
3790,0,60,0,0,0,2,2,7,77,77,60,0,445
3790,1,60,0,3,11,3,4,13,137,61,60,0,541
3790,2,60,0,0,4,0,2,8,98,54,60,0,450
3790,3,60,0,3,11,0,4,13,141,61,60,0,549
3790,4,60,0,3,11,3,4,13,137,61,60,0,541
3790,5,60,0,4,16,3,4,16,180,64,60,0,624
3790,6,60,0,3,11,0,4,13,141,61,60,0,549
3790,7,60,0,4,16,0,4,16,180,64,60,0,624
3791,0,60,0,0,0,1,1,5,64,64,60,0,386
3791,1,60,0,4,12,3,4,13,132,61,60,0,531
3791,2,60,0,0,4,0,1,7,98,54,60,0,450
3791,3,60,0,4,12,0,4,13,141,61,60,0,549
3791,4,60,0,0,4,1,1,8,110,70,60,0,483
3791,5,60,0,4,16,3,4,16,171,60,60,0,590
3791,6,60,0,0,8,0,1,10,141,57,60,0,533
3791,7,60,0,4,16,0,4,16,180,60,60,0,608
3792,0,60,0,0,0,6,4,26,77,77,60,0,446
3792,1,60,0,6,12,6,6,32,132,69,60,0,498
3792,2,60,0,6,12,6,6,32,132,69,60,0,498
3792,3,60,0,6,12,0,6,32,141,69,60,0,516
3793,0,60,0,0,0,6,4,26,97,97,60,0,558
3793,1,60,0,6,12,6,6,32,132,69,60,0,500
3793,2,60,0,6,12,6,6,32,137,69,60,0,510
3793,3,60,0,6,12,0,6,32,141,69,60,0,518
3794,0,60,0,0,0,6,4,26,97,97,60,0,558
3794,1,60,0,6,12,6,6,32,137,69,60,0,510
3794,2,60,0,6,12,6,6,32,132,69,60,0,500
3794,3,60,0,6,12,0,6,32,141,69,60,0,518
3795,0,60,0,0,0,6,4,26,77,77,60,0,448
3795,1,60,0,6,12,6,6,32,132,69,60,0,500
3795,2,60,0,6,12,6,6,32,132,69,60,0,500
3795,3,60,0,6,12,0,6,32,141,69,60,0,518
3796,0,60,0,0,0,8,4,26,77,77,60,0,446
3796,1,60,0,6,12,10,6,32,132,69,60,0,498
3796,2,60,0,6,12,10,6,32,132,69,60,0,498
3796,3,60,0,6,12,6,6,32,141,69,60,0,516
3797,0,60,0,0,0,8,4,26,97,97,60,0,558
3797,1,60,0,6,12,10,6,32,132,69,60,0,500
3797,2,60,0,6,12,10,6,32,137,69,60,0,510
3797,3,60,0,6,12,6,6,32,141,69,60,0,518
3798,0,60,0,0,0,8,4,26,97,97,60,0,558
3798,1,60,0,6,12,10,6,32,137,69,60,0,510
3798,2,60,0,6,12,10,6,32,132,69,60,0,500
3798,3,60,0,6,12,6,6,32,141,69,60,0,518
3799,0,60,0,0,0,8,4,26,77,77,60,0,448
3799,1,60,0,6,12,10,6,32,132,69,60,0,500
3799,2,60,0,6,12,10,6,32,132,69,60,0,500
3799,3,60,0,6,12,6,6,32,141,69,60,0,518
3800,0,60,0,0,0,6,8,13,77,77,60,0,469
3800,1,60,0,8,24,9,16,25,132,69,60,0,523
3800,2,60,0,8,24,9,16,25,132,69,60,0,523
3800,3,60,0,8,24,0,16,25,141,69,60,0,541
3800,4,60,0,0,4,6,8,16,122,78,60,0,584
3800,5,60,0,8,28,9,16,28,171,64,60,0,606
3800,6,60,0,8,28,9,16,28,171,64,60,0,606
3800,7,60,0,8,28,0,16,28,180,64,60,0,624
3801,0,60,0,0,0,12,12,19,97,97,60,0,607
3801,1,60,0,8,24,9,16,25,132,69,60,0,555
3801,2,60,0,8,24,9,16,25,137,69,60,0,565
3801,3,60,0,8,24,0,16,25,141,69,60,0,573
3801,4,60,0,8,28,18,16,28,163,72,60,0,614
3801,5,60,0,8,28,9,16,28,171,72,60,0,630
3801,6,60,0,8,28,9,16,28,180,72,60,0,648
3801,7,60,0,8,28,0,16,28,180,72,60,0,648
3802,0,60,0,0,0,12,12,19,97,97,60,0,607
3802,1,60,0,8,24,9,16,25,137,69,60,0,565
3802,2,60,0,8,24,9,16,25,132,69,60,0,555
3802,3,60,0,8,24,0,16,25,141,69,60,0,573
3802,4,60,0,8,28,18,16,28,163,72,60,0,614
3802,5,60,0,8,28,9,16,28,180,72,60,0,648
3802,6,60,0,8,28,9,16,28,171,72,60,0,630
3802,7,60,0,8,28,0,16,28,180,72,60,0,648
3803,0,60,0,0,0,6,8,13,77,77,60,0,497
3803,1,60,0,8,24,9,16,25,132,69,60,0,555
3803,2,60,0,8,24,9,16,25,132,69,60,0,555
3803,3,60,0,8,24,0,16,25,141,69,60,0,573
3803,4,60,0,0,4,6,8,16,122,82,60,0,592
3803,5,60,0,8,28,9,16,28,171,68,60,0,614
3803,6,60,0,8,28,9,16,28,171,68,60,0,614
3803,7,60,0,8,28,0,16,28,180,68,60,0,632
3804,0,60,0,0,0,4,4,9,77,77,60,0,469
3804,1,60,0,8,16,6,8,17,132,69,60,0,523
3804,2,60,0,8,16,6,8,17,132,69,60,0,523
3804,3,60,0,8,16,0,8,17,141,69,60,0,541
3804,4,60,0,0,4,4,4,12,122,78,60,0,584
3804,5,60,0,8,20,6,8,20,171,64,60,0,606
3804,6,60,0,8,20,6,8,20,171,64,60,0,606
3804,7,60,0,8,20,0,8,20,180,64,60,0,624
3805,0,60,0,0,0,7,6,13,97,97,60,0,607
3805,1,60,0,7,15,5,8,17,132,69,60,0,555
3805,2,60,0,7,15,6,8,17,137,69,60,0,565
3805,3,60,0,7,15,0,8,17,141,69,60,0,573
3805,4,60,0,8,20,9,8,20,163,72,60,0,614
3805,5,60,0,8,20,3,8,20,171,72,60,0,630
3805,6,60,0,8,20,6,8,20,180,72,60,0,648
3805,7,60,0,8,20,0,8,20,180,72,60,0,648
3806,0,60,0,0,0,7,6,13,97,97,60,0,607
3806,1,60,0,7,15,6,8,17,137,69,60,0,565
3806,2,60,0,7,15,5,8,17,132,69,60,0,555
3806,3,60,0,7,15,0,8,17,141,69,60,0,573
3806,4,60,0,8,20,9,8,20,163,72,60,0,614
3806,5,60,0,8,20,6,8,20,180,72,60,0,648
3806,6,60,0,8,20,3,8,20,171,72,60,0,630
3806,7,60,0,8,20,0,8,20,180,72,60,0,648
3807,0,60,0,0,0,4,4,9,77,77,60,0,497
3807,1,60,0,8,16,6,8,17,132,69,60,0,555
3807,2,60,0,8,16,6,8,17,132,69,60,0,555
3807,3,60,0,8,16,0,8,17,141,69,60,0,573
3807,4,60,0,0,4,4,4,12,122,82,60,0,592
3807,5,60,0,8,20,6,8,20,171,68,60,0,614
3807,6,60,0,8,20,6,8,20,171,68,60,0,614
3807,7,60,0,8,20,0,8,20,180,68,60,0,632
3808,0,60,0,0,0,2,1,21,64,64,60,0,376
3808,1,60,0,3,9,4,3,29,132,65,60,0,482
3808,2,60,0,0,3,0,1,23,98,58,60,0,407
3808,3,60,0,3,9,0,3,29,141,65,60,0,500
3809,0,60,0,0,0,2,1,21,84,84,60,0,488
3809,1,60,0,3,9,4,3,29,132,65,60,0,484
3809,2,60,0,0,3,0,1,23,110,70,60,0,476
3809,3,60,0,3,9,0,3,29,141,65,60,0,502
3810,0,60,0,0,0,2,1,21,77,77,60,0,451
3810,1,60,0,3,9,4,3,29,137,65,60,0,494
3810,2,60,0,0,3,0,1,23,98,58,60,0,409
3810,3,60,0,3,9,0,3,29,141,65,60,0,502
3811,0,60,0,0,0,2,1,21,64,64,60,0,378
3811,1,60,0,3,9,4,3,29,132,65,60,0,484
3811,2,60,0,0,3,0,1,23,98,58,60,0,409
3811,3,60,0,3,9,0,3,29,141,65,60,0,502
3812,0,60,0,0,0,4,1,21,64,64,60,0,376
3812,1,60,0,3,9,8,3,29,132,65,60,0,482
3812,2,60,0,0,3,4,1,23,98,58,60,0,407
3812,3,60,0,3,9,6,3,29,141,65,60,0,500
3813,0,60,0,0,0,4,1,21,84,84,60,0,488
3813,1,60,0,3,9,8,3,29,132,65,60,0,484
3813,2,60,0,0,3,4,1,23,110,70,60,0,476
3813,3,60,0,3,9,6,3,29,141,65,60,0,502
3814,0,60,0,0,0,4,1,21,77,77,60,0,451
3814,1,60,0,3,9,8,3,29,137,65,60,0,494
3814,2,60,0,0,3,4,1,23,98,58,60,0,409
3814,3,60,0,3,9,6,3,29,141,65,60,0,502
3815,0,60,0,0,0,4,1,21,64,64,60,0,378
3815,1,60,0,3,9,8,3,29,132,65,60,0,484
3815,2,60,0,0,3,4,1,23,98,58,60,0,409
3815,3,60,0,3,9,6,3,29,141,65,60,0,502
3816,0,60,0,0,0,2,4,8,64,64,60,0,398
3816,1,60,0,4,20,6,12,21,132,65,60,0,507
3816,2,60,0,0,8,0,6,12,98,58,60,0,430
3816,3,60,0,4,20,0,12,21,141,65,60,0,525
3816,4,60,0,0,4,2,4,11,110,66,60,0,517
3816,5,60,0,4,24,6,12,24,171,60,60,0,590
3816,6,60,0,0,12,0,6,15,141,57,60,0,533
3816,7,60,0,4,24,0,12,24,180,60,60,0,608
3817,0,60,0,0,0,7,7,13,84,84,60,0,534
3817,1,60,0,4,20,6,12,21,132,65,60,0,539
3817,2,60,0,0,8,3,8,15,110,70,60,0,525
3817,3,60,0,4,20,0,12,21,141,65,60,0,557
3817,4,60,0,4,24,15,12,24,158,68,60,0,588
3817,5,60,0,4,24,6,12,24,171,68,60,0,614
3817,6,60,0,4,24,9,12,24,171,68,60,0,614
3817,7,60,0,4,24,0,12,24,180,68,60,0,632
3818,0,60,0,0,0,4,5,10,77,77,60,0,497
3818,1,60,0,4,20,6,12,21,137,65,60,0,549
3818,2,60,0,0,8,0,6,12,98,58,60,0,458
3818,3,60,0,4,20,0,12,21,141,65,60,0,557
3818,4,60,0,0,12,6,6,15,137,65,60,0,549
3818,5,60,0,4,24,6,12,24,180,68,60,0,632
3818,6,60,0,0,12,0,6,15,141,65,60,0,557
3818,7,60,0,4,24,0,12,24,180,68,60,0,632
3819,0,60,0,0,0,2,4,8,64,64,60,0,424
3819,1,60,0,4,20,6,12,21,132,65,60,0,539
3819,2,60,0,0,8,0,6,12,98,58,60,0,458
3819,3,60,0,4,20,0,12,21,141,65,60,0,557
3819,4,60,0,0,4,2,4,11,110,70,60,0,525
3819,5,60,0,4,24,6,12,24,171,64,60,0,598
3819,6,60,0,0,12,0,6,15,141,61,60,0,541
3819,7,60,0,4,24,0,12,24,180,64,60,0,616
3820,0,60,0,0,0,1,1,5,64,64,60,0,398
3820,1,60,0,4,12,3,4,13,132,65,60,0,507
3820,2,60,0,0,4,0,1,7,98,58,60,0,430
3820,3,60,0,4,12,0,4,13,141,65,60,0,525
3820,4,60,0,0,4,1,1,8,110,66,60,0,517
3820,5,60,0,4,16,3,4,16,171,60,60,0,590
3820,6,60,0,0,8,0,1,10,141,57,60,0,533
3820,7,60,0,4,16,0,4,16,180,60,60,0,608
3821,0,60,0,0,0,4,3,9,84,84,60,0,534
3821,1,60,0,4,12,3,5,14,132,65,60,0,539
3821,2,60,0,0,4,2,3,10,110,70,60,0,525
3821,3,60,0,4,12,0,5,14,141,65,60,0,557
3821,4,60,0,8,20,9,8,20,158,68,60,0,588
3821,5,60,0,8,20,3,8,20,171,68,60,0,614
3821,6,60,0,8,20,6,8,20,171,68,60,0,614
3821,7,60,0,8,20,0,8,20,180,68,60,0,632
3822,0,60,0,0,0,2,2,7,77,77,60,0,497
3822,1,60,0,3,11,3,4,13,137,65,60,0,549
3822,2,60,0,0,4,0,2,8,98,58,60,0,458
3822,3,60,0,3,11,0,4,13,141,65,60,0,557
3822,4,60,0,3,11,3,4,13,137,65,60,0,549
3822,5,60,0,4,16,3,4,16,180,68,60,0,632
3822,6,60,0,3,11,0,4,13,141,65,60,0,557
3822,7,60,0,4,16,0,4,16,180,68,60,0,632
3823,0,60,0,0,0,1,1,5,64,64,60,0,424
3823,1,60,0,4,12,3,4,13,132,65,60,0,539
3823,2,60,0,0,4,0,1,7,98,58,60,0,458
3823,3,60,0,4,12,0,4,13,141,65,60,0,557
3823,4,60,0,0,4,1,1,8,110,70,60,0,525
3823,5,60,0,4,16,3,4,16,171,64,60,0,598
3823,6,60,0,0,8,0,1,10,141,61,60,0,541
3823,7,60,0,4,16,0,4,16,180,64,60,0,616
3824,0,60,0,0,0,9,2,36,84,84,60,0,441
3825,0,60,0,0,0,10,3,37,111,111,60,0,594
3826,0,60,0,0,0,10,3,37,97,97,60,0,520
3827,0,60,0,0,0,9,2,36,84,84,60,0,447
3828,0,60,0,0,0,16,0,34,84,84,60,0,441
3829,0,60,0,0,0,16,0,34,111,111,60,0,594
3830,0,60,0,0,0,16,0,34,97,97,60,0,520
3831,0,60,0,0,0,16,0,34,84,84,60,0,447
3832,0,60,0,0,0,8,16,22,84,84,60,0,490
3832,4,60,0,0,2,9,18,25,110,66,60,0,517
3833,0,60,0,0,0,13,18,27,111,111,60,0,681
3834,0,60,0,0,0,13,20,27,97,97,60,0,607
3835,0,60,0,0,0,8,16,22,84,84,60,0,534
3835,4,60,0,0,2,9,18,25,110,70,60,0,525
3836,0,60,0,0,0,4,3,9,84,84,60,0,490
3836,1,60,0,8,20,9,8,20,158,64,60,0,580
3836,2,60,0,4,12,3,5,14,132,61,60,0,531
3836,3,60,0,8,20,3,8,20,171,64,60,0,606
3836,4,60,0,0,4,2,3,10,110,66,60,0,517
3836,5,60,0,8,20,6,8,20,171,64,60,0,606
3836,6,60,0,4,12,0,5,14,141,61,60,0,549
3836,7,60,0,8,20,0,8,20,180,64,60,0,624
3837,0,60,0,0,0,12,9,18,111,111,60,0,681
3837,1,60,0,12,24,12,12,24,158,72,60,0,604
3837,2,60,0,12,24,12,12,24,158,72,60,0,604
3837,3,60,0,12,24,6,12,24,171,72,60,0,630
3837,4,60,0,12,24,12,12,24,158,72,60,0,604
3837,5,60,0,12,24,6,12,24,171,72,60,0,630
3837,6,60,0,12,24,6,12,24,171,72,60,0,630
3837,7,60,0,12,24,0,12,24,180,72,60,0,648
3838,0,60,0,0,0,7,6,13,97,97,60,0,607
3838,1,60,0,8,20,9,8,20,163,72,60,0,614
3838,2,60,0,7,15,5,8,17,132,69,60,0,555
3838,3,60,0,8,20,3,8,20,171,72,60,0,630
3838,4,60,0,7,15,6,8,17,137,69,60,0,565
3838,5,60,0,8,20,6,8,20,180,72,60,0,648
3838,6,60,0,7,15,0,8,17,141,69,60,0,573
3838,7,60,0,8,20,0,8,20,180,72,60,0,648
3839,0,60,0,0,0,4,3,9,84,84,60,0,534
3839,1,60,0,8,20,9,8,20,158,68,60,0,588
3839,2,60,0,4,12,3,5,14,132,65,60,0,539
3839,3,60,0,8,20,3,8,20,171,68,60,0,614
3839,4,60,0,0,4,2,3,10,110,70,60,0,525
3839,5,60,0,8,20,6,8,20,171,68,60,0,614
3839,6,60,0,4,12,0,5,14,141,65,60,0,557
3839,7,60,0,8,20,0,8,20,180,68,60,0,632
3840,0,60,0,0,0,2,1,41,64,64,60,0,301
3841,0,60,0,0,0,3,2,42,77,77,60,0,375
3842,0,60,0,0,0,3,0,42,84,84,60,0,370
3843,0,60,0,0,0,2,1,41,64,64,60,0,305
3844,0,60,0,0,0,9,0,40,64,64,60,0,301
3845,0,60,0,0,0,9,0,40,77,77,60,0,375
3846,0,60,0,0,0,10,0,42,84,84,60,0,370
3847,0,60,0,0,0,9,0,40,64,64,60,0,305
3848,0,60,0,0,0,2,8,28,64,64,60,0,338
3848,4,60,0,0,2,4,9,31,98,54,60,0,399
3849,0,60,0,0,0,8,12,34,77,77,60,0,446
3850,0,60,0,0,0,12,5,39,84,84,60,0,441
3851,0,60,0,0,0,2,8,28,64,64,60,0,376
3851,4,60,0,0,2,4,9,31,98,58,60,0,407
3852,0,60,0,0,0,2,1,21,64,64,60,0,338
3852,1,60,0,3,9,4,3,29,132,61,60,0,474
3852,4,60,0,0,3,0,1,23,98,54,60,0,399
3852,5,60,0,3,9,0,3,29,141,61,60,0,492
3853,0,60,0,0,0,6,4,26,77,77,60,0,446
3853,1,60,0,6,12,6,6,32,132,69,60,0,498
3853,4,60,0,6,12,6,6,32,132,69,60,0,498
3853,5,60,0,6,12,0,6,32,141,69,60,0,516
3854,0,60,0,0,0,9,2,36,84,84,60,0,441
3855,0,60,0,0,0,2,1,21,64,64,60,0,376
3855,1,60,0,3,9,4,3,29,132,65,60,0,482
3855,4,60,0,0,3,0,1,23,98,58,60,0,407
3855,5,60,0,3,9,0,3,29,141,65,60,0,500
3856,0,60,0,0,0,3,1,42,84,84,60,0,395
3857,0,60,0,0,0,4,2,43,97,97,60,0,471
3858,0,60,0,0,0,4,0,43,111,111,60,0,507
3859,0,60,0,0,0,3,1,42,84,84,60,0,401
3860,0,60,0,0,0,10,0,41,84,84,60,0,395
3861,0,60,0,0,0,10,0,41,97,97,60,0,471
3862,0,60,0,0,0,11,0,43,111,111,60,0,507
3863,0,60,0,0,0,10,0,41,84,84,60,0,401
3864,0,60,0,0,0,3,9,29,84,84,60,0,444
3864,4,60,0,0,2,5,10,32,110,66,60,0,468
3865,0,60,0,0,0,9,13,35,97,97,60,0,558
3866,0,60,0,0,0,14,7,41,111,111,60,0,594
3867,0,60,0,0,0,3,9,29,84,84,60,0,488
3867,4,60,0,0,2,5,10,32,110,70,60,0,476
3868,0,60,0,0,0,2,1,21,84,84,60,0,444
3868,1,60,0,3,9,4,3,29,132,61,60,0,476
3868,4,60,0,0,3,0,1,23,110,66,60,0,468
3868,5,60,0,3,9,0,3,29,141,61,60,0,494
3869,0,60,0,0,0,6,4,26,97,97,60,0,558
3869,1,60,0,6,12,6,6,32,132,69,60,0,500
3869,4,60,0,6,12,6,6,32,137,69,60,0,510
3869,5,60,0,6,12,0,6,32,141,69,60,0,518
3870,0,60,0,0,0,10,3,37,111,111,60,0,594
3871,0,60,0,0,0,2,1,21,84,84,60,0,488
3871,1,60,0,3,9,4,3,29,132,65,60,0,484
3871,4,60,0,0,3,0,1,23,110,70,60,0,476
3871,5,60,0,3,9,0,3,29,141,65,60,0,502
3872,0,60,0,0,0,2,1,41,64,64,60,0,303
3873,0,60,0,0,0,3,2,42,77,77,60,0,377
3874,0,60,0,0,0,3,0,42,84,84,60,0,376
3875,0,60,0,0,0,2,1,41,64,64,60,0,307
3876,0,60,0,0,0,9,0,40,64,64,60,0,303
3877,0,60,0,0,0,9,0,40,77,77,60,0,377
3878,0,60,0,0,0,10,0,42,84,84,60,0,376
3879,0,60,0,0,0,9,0,40,64,64,60,0,307
3880,0,60,0,0,0,2,8,28,64,64,60,0,340
3880,4,60,0,0,2,4,9,31,98,54,60,0,401
3881,0,60,0,0,0,8,12,34,77,77,60,0,448
3882,0,60,0,0,0,12,5,39,84,84,60,0,447
3883,0,60,0,0,0,2,8,28,64,64,60,0,378
3883,4,60,0,0,2,4,9,31,98,58,60,0,409
3884,0,60,0,0,0,2,1,21,64,64,60,0,340
3884,1,60,0,3,9,4,3,29,132,61,60,0,476
3884,4,60,0,0,3,0,1,23,98,54,60,0,401
3884,5,60,0,3,9,0,3,29,141,61,60,0,494
3885,0,60,0,0,0,6,4,26,77,77,60,0,448
3885,1,60,0,6,12,6,6,32,132,69,60,0,500
3885,4,60,0,6,12,6,6,32,132,69,60,0,500
3885,5,60,0,6,12,0,6,32,141,69,60,0,518
3886,0,60,0,0,0,9,2,36,84,84,60,0,447
3887,0,60,0,0,0,2,1,21,64,64,60,0,378
3887,1,60,0,3,9,4,3,29,132,65,60,0,484
3887,4,60,0,0,3,0,1,23,98,58,60,0,409
3887,5,60,0,3,9,0,3,29,141,65,60,0,502
3888,0,60,0,0,0,3,1,42,77,77,60,0,346
3889,0,60,0,0,0,4,2,43,97,97,60,0,459
3890,0,60,0,0,0,4,0,43,97,97,60,0,421
3891,0,60,0,0,0,3,1,42,77,77,60,0,352
3892,0,60,0,0,0,10,0,41,77,77,60,0,346
3893,0,60,0,0,0,10,0,41,97,97,60,0,459
3894,0,60,0,0,0,11,0,43,97,97,60,0,421
3895,0,60,0,0,0,10,0,41,77,77,60,0,352
3896,0,60,0,0,0,2,8,28,77,77,60,0,399
3896,4,60,0,0,2,4,9,31,98,54,60,0,401
3897,0,60,0,0,0,9,13,35,97,97,60,0,558
3898,0,60,0,0,0,12,5,39,97,97,60,0,520
3899,0,60,0,0,0,2,8,28,77,77,60,0,451
3899,4,60,0,0,2,4,9,31,98,58,60,0,409
3900,0,60,0,0,0,2,1,21,77,77,60,0,399
3900,1,60,0,3,9,4,3,29,137,61,60,0,486
3900,4,60,0,0,3,0,1,23,98,54,60,0,401
3900,5,60,0,3,9,0,3,29,141,61,60,0,494
3901,0,60,0,0,0,6,4,26,97,97,60,0,558
3901,1,60,0,6,12,6,6,32,137,69,60,0,510
3901,4,60,0,6,12,6,6,32,132,69,60,0,500
3901,5,60,0,6,12,0,6,32,141,69,60,0,518
3902,0,60,0,0,0,10,3,37,97,97,60,0,520
3903,0,60,0,0,0,2,1,21,77,77,60,0,451
3903,1,60,0,3,9,4,3,29,137,65,60,0,494
3903,4,60,0,0,3,0,1,23,98,58,60,0,409
3903,5,60,0,3,9,0,3,29,141,65,60,0,502
3904,0,60,0,0,0,3,1,41,64,64,60,0,301
3905,0,60,0,0,0,4,2,42,77,77,60,0,375
3906,0,60,0,0,0,4,0,42,84,84,60,0,370
3907,0,60,0,0,0,3,1,41,64,64,60,0,305
3908,0,60,0,0,0,10,0,40,64,64,60,0,301
3909,0,60,0,0,0,10,0,40,77,77,60,0,375
3910,0,60,0,0,0,12,0,42,84,84,60,0,370
3911,0,60,0,0,0,10,0,40,64,64,60,0,305
3912,0,60,0,0,0,3,8,28,64,64,60,0,338
3912,4,60,0,0,2,5,9,31,98,54,60,0,399
3913,0,60,0,0,0,9,12,34,77,77,60,0,446
3914,0,60,0,0,0,14,5,39,84,84,60,0,441
3915,0,60,0,0,0,3,8,28,64,64,60,0,376
3915,4,60,0,0,2,5,9,31,98,58,60,0,407
3916,0,60,0,0,0,4,1,21,64,64,60,0,338
3916,1,60,0,3,9,8,3,29,132,61,60,0,474
3916,4,60,0,0,3,4,1,23,98,54,60,0,399
3916,5,60,0,3,9,6,3,29,141,61,60,0,492
3917,0,60,0,0,0,8,4,26,77,77,60,0,446
3917,1,60,0,6,12,10,6,32,132,69,60,0,498
3917,4,60,0,6,12,10,6,32,132,69,60,0,498
3917,5,60,0,6,12,6,6,32,141,69,60,0,516
3918,0,60,0,0,0,16,0,34,84,84,60,0,441
3919,0,60,0,0,0,4,1,21,64,64,60,0,376
3919,1,60,0,3,9,8,3,29,132,65,60,0,482
3919,4,60,0,0,3,4,1,23,98,58,60,0,407
3919,5,60,0,3,9,6,3,29,141,65,60,0,500
3920,0,60,0,0,0,4,1,42,84,84,60,0,395
3921,0,60,0,0,0,5,2,43,97,97,60,0,471
3922,0,60,0,0,0,5,0,43,111,111,60,0,507
3923,0,60,0,0,0,4,1,42,84,84,60,0,401
3924,0,60,0,0,0,11,0,41,84,84,60,0,395
3925,0,60,0,0,0,11,0,41,97,97,60,0,471
3926,0,60,0,0,0,13,0,43,111,111,60,0,507
3927,0,60,0,0,0,11,0,41,84,84,60,0,401
3928,0,60,0,0,0,4,9,29,84,84,60,0,444
3928,4,60,0,0,2,6,10,32,110,66,60,0,468
3929,0,60,0,0,0,10,13,35,97,97,60,0,558
3930,0,60,0,0,0,16,7,41,111,111,60,0,594
3931,0,60,0,0,0,4,9,29,84,84,60,0,488
3931,4,60,0,0,2,6,10,32,110,70,60,0,476
3932,0,60,0,0,0,4,1,21,84,84,60,0,444
3932,1,60,0,3,9,8,3,29,132,61,60,0,476
3932,4,60,0,0,3,4,1,23,110,66,60,0,468
3932,5,60,0,3,9,6,3,29,141,61,60,0,494
3933,0,60,0,0,0,8,4,26,97,97,60,0,558
3933,1,60,0,6,12,10,6,32,132,69,60,0,500
3933,4,60,0,6,12,10,6,32,137,69,60,0,510
3933,5,60,0,6,12,6,6,32,141,69,60,0,518
3934,0,60,0,0,0,16,0,34,111,111,60,0,594
3935,0,60,0,0,0,4,1,21,84,84,60,0,488
3935,1,60,0,3,9,8,3,29,132,65,60,0,484
3935,4,60,0,0,3,4,1,23,110,70,60,0,476
3935,5,60,0,3,9,6,3,29,141,65,60,0,502
3936,0,60,0,0,0,3,1,41,64,64,60,0,303
3937,0,60,0,0,0,4,2,42,77,77,60,0,377
3938,0,60,0,0,0,4,0,42,84,84,60,0,376
3939,0,60,0,0,0,3,1,41,64,64,60,0,307
3940,0,60,0,0,0,10,0,40,64,64,60,0,303
3941,0,60,0,0,0,10,0,40,77,77,60,0,377
3942,0,60,0,0,0,12,0,42,84,84,60,0,376
3943,0,60,0,0,0,10,0,40,64,64,60,0,307
3944,0,60,0,0,0,3,8,28,64,64,60,0,340
3944,4,60,0,0,2,5,9,31,98,54,60,0,401
3945,0,60,0,0,0,9,12,34,77,77,60,0,448
3946,0,60,0,0,0,14,5,39,84,84,60,0,447
3947,0,60,0,0,0,3,8,28,64,64,60,0,378
3947,4,60,0,0,2,5,9,31,98,58,60,0,409
3948,0,60,0,0,0,4,1,21,64,64,60,0,340
3948,1,60,0,3,9,8,3,29,132,61,60,0,476
3948,4,60,0,0,3,4,1,23,98,54,60,0,401
3948,5,60,0,3,9,6,3,29,141,61,60,0,494
3949,0,60,0,0,0,8,4,26,77,77,60,0,448
3949,1,60,0,6,12,10,6,32,132,69,60,0,500
3949,4,60,0,6,12,10,6,32,132,69,60,0,500
3949,5,60,0,6,12,6,6,32,141,69,60,0,518
3950,0,60,0,0,0,16,0,34,84,84,60,0,447
3951,0,60,0,0,0,4,1,21,64,64,60,0,378
3951,1,60,0,3,9,8,3,29,132,65,60,0,484
3951,4,60,0,0,3,4,1,23,98,58,60,0,409
3951,5,60,0,3,9,6,3,29,141,65,60,0,502
3952,0,60,0,0,0,3,1,42,77,77,60,0,346
3953,0,60,0,0,0,4,2,43,97,97,60,0,459
3954,0,60,0,0,0,4,0,43,97,97,60,0,421
3955,0,60,0,0,0,3,1,42,77,77,60,0,352
3956,0,60,0,0,0,11,0,41,77,77,60,0,346
3957,0,60,0,0,0,11,0,41,97,97,60,0,459
3958,0,60,0,0,0,13,0,43,97,97,60,0,421
3959,0,60,0,0,0,11,0,41,77,77,60,0,352
3960,0,60,0,0,0,3,9,29,77,77,60,0,399
3960,4,60,0,0,2,5,10,32,98,54,60,0,401
3961,0,60,0,0,0,9,13,35,97,97,60,0,558
3962,0,60,0,0,0,15,7,41,97,97,60,0,520
3963,0,60,0,0,0,3,9,29,77,77,60,0,451
3963,4,60,0,0,2,5,10,32,98,58,60,0,409
3964,0,60,0,0,0,4,1,21,77,77,60,0,399
3964,1,60,0,3,9,8,3,29,137,61,60,0,486
3964,4,60,0,0,3,4,1,23,98,54,60,0,401
3964,5,60,0,3,9,6,3,29,141,61,60,0,494
3965,0,60,0,0,0,8,4,26,97,97,60,0,558
3965,1,60,0,6,12,10,6,32,137,69,60,0,510
3965,4,60,0,6,12,10,6,32,132,69,60,0,500
3965,5,60,0,6,12,6,6,32,141,69,60,0,518
3966,0,60,0,0,0,16,0,34,97,97,60,0,520
3967,0,60,0,0,0,4,1,21,77,77,60,0,451
3967,1,60,0,3,9,8,3,29,137,65,60,0,494
3967,4,60,0,0,3,4,1,23,98,58,60,0,409
3967,5,60,0,3,9,6,3,29,141,65,60,0,502
3968,0,60,0,0,0,4,2,30,64,64,60,0,323
3968,2,60,0,0,2,6,2,33,110,66,60,0,436
3969,0,60,0,0,0,5,3,31,77,77,60,0,398
3969,2,60,0,0,2,7,3,34,122,78,60,0,507
3970,0,60,0,0,0,4,2,30,84,84,60,0,419
3970,2,60,0,0,2,6,2,33,110,66,60,0,440
3971,0,60,0,0,0,4,2,30,64,64,60,0,327
3971,2,60,0,0,2,6,2,33,110,66,60,0,440
3972,0,60,0,0,0,11,1,29,64,64,60,0,323
3972,2,60,0,0,2,12,1,32,110,66,60,0,436
3973,0,60,0,0,0,11,1,29,77,77,60,0,398
3973,2,60,0,0,2,12,1,32,122,78,60,0,507
3974,0,60,0,0,0,12,3,31,84,84,60,0,419
3974,2,60,0,0,2,13,3,34,110,66,60,0,440
3975,0,60,0,0,0,11,1,29,64,64,60,0,327
3975,2,60,0,0,2,12,1,32,110,66,60,0,440
3976,0,60,0,0,0,2,11,15,64,64,60,0,360
3976,2,60,0,0,3,4,12,19,110,66,60,0,475
3976,4,60,0,0,3,4,13,19,98,54,60,0,422
3976,6,60,0,0,6,6,14,23,141,53,60,0,525
3977,0,60,0,0,0,9,17,22,77,77,60,0,469
3977,2,60,0,0,2,10,17,25,122,78,60,0,584
3978,0,60,0,0,0,5,13,19,84,84,60,0,490
3978,2,60,0,0,3,5,14,21,110,66,60,0,517
3978,4,60,0,0,10,8,18,27,132,61,60,0,531
3978,6,60,0,0,10,6,18,27,141,61,60,0,549
3979,0,60,0,0,0,2,11,15,64,64,60,0,398
3979,2,60,0,0,3,4,12,19,110,66,60,0,517
3979,4,60,0,0,3,4,13,19,98,58,60,0,430
3979,6,60,0,0,6,6,14,23,141,57,60,0,533
3980,0,60,0,0,0,2,4,8,64,64,60,0,360
3980,1,60,0,4,20,6,12,21,132,61,60,0,499
3980,2,60,0,0,4,2,4,11,110,66,60,0,475
3980,3,60,0,4,24,6,12,24,171,56,60,0,582
3980,4,60,0,0,8,0,6,12,98,54,60,0,422
3980,5,60,0,4,20,0,12,21,141,61,60,0,517
3980,6,60,0,0,12,0,6,15,141,53,60,0,525
3980,7,60,0,4,24,0,12,24,180,56,60,0,600
3981,0,60,0,0,0,6,8,13,77,77,60,0,469
3981,1,60,0,8,24,9,16,25,132,69,60,0,523
3981,2,60,0,0,4,6,8,16,122,78,60,0,584
3981,3,60,0,8,28,9,16,28,171,64,60,0,606
3981,4,60,0,8,24,9,16,25,132,69,60,0,523
3981,5,60,0,8,24,0,16,25,141,69,60,0,541
3981,6,60,0,8,28,9,16,28,171,64,60,0,606
3981,7,60,0,8,28,0,16,28,180,64,60,0,624
3982,0,60,0,0,0,8,16,22,84,84,60,0,490
3982,2,60,0,0,2,9,18,25,110,66,60,0,517
3983,0,60,0,0,0,2,4,8,64,64,60,0,398
3983,1,60,0,4,20,6,12,21,132,65,60,0,507
3983,2,60,0,0,4,2,4,11,110,66,60,0,517
3983,3,60,0,4,24,6,12,24,171,60,60,0,590
3983,4,60,0,0,8,0,6,12,98,58,60,0,430
3983,5,60,0,4,20,0,12,21,141,65,60,0,525
3983,6,60,0,0,12,0,6,15,141,57,60,0,533
3983,7,60,0,4,24,0,12,24,180,60,60,0,608
3984,0,60,0,0,0,12,4,38,84,84,60,0,441
3985,0,60,0,0,0,13,5,39,97,97,60,0,520
3986,0,60,0,0,0,13,5,39,111,111,60,0,594
3987,0,60,0,0,0,12,4,38,84,84,60,0,447
3988,0,60,0,0,0,18,2,36,84,84,60,0,441
3989,0,60,0,0,0,18,2,36,97,97,60,0,520
3990,0,60,0,0,0,20,5,39,111,111,60,0,594
3991,0,60,0,0,0,18,2,36,84,84,60,0,447
3992,0,60,0,0,0,9,16,22,84,84,60,0,490
3992,4,60,0,0,2,10,18,25,110,66,60,0,517
3993,0,60,0,0,0,16,22,29,97,97,60,0,607
3994,0,60,0,0,0,14,19,28,111,111,60,0,681
3995,0,60,0,0,0,9,16,22,84,84,60,0,534
3995,4,60,0,0,2,10,18,25,110,70,60,0,525
3996,0,60,0,0,0,7,7,13,84,84,60,0,490
3996,1,60,0,4,20,6,12,21,132,61,60,0,531
3996,2,60,0,4,24,15,12,24,158,64,60,0,580
3996,3,60,0,4,24,6,12,24,171,64,60,0,606
3996,4,60,0,0,8,3,8,15,110,66,60,0,517
3996,5,60,0,4,20,0,12,21,141,61,60,0,549
3996,6,60,0,4,24,9,12,24,171,64,60,0,606
3996,7,60,0,4,24,0,12,24,180,64,60,0,624
3997,0,60,0,0,0,12,12,19,97,97,60,0,607
3997,1,60,0,8,24,9,16,25,132,69,60,0,555
3997,2,60,0,8,28,18,16,28,163,72,60,0,614
3997,3,60,0,8,28,9,16,28,171,72,60,0,630
3997,4,60,0,8,24,9,16,25,137,69,60,0,565
3997,5,60,0,8,24,0,16,25,141,69,60,0,573
3997,6,60,0,8,28,9,16,28,180,72,60,0,648
3997,7,60,0,8,28,0,16,28,180,72,60,0,648
3998,0,60,0,0,0,13,18,27,111,111,60,0,681
3999,0,60,0,0,0,7,7,13,84,84,60,0,534
3999,1,60,0,4,20,6,12,21,132,65,60,0,539
3999,2,60,0,4,24,15,12,24,158,68,60,0,588
3999,3,60,0,4,24,6,12,24,171,68,60,0,614
3999,4,60,0,0,8,3,8,15,110,70,60,0,525
3999,5,60,0,4,20,0,12,21,141,65,60,0,557
3999,6,60,0,4,24,9,12,24,171,68,60,0,614
3999,7,60,0,4,24,0,12,24,180,68,60,0,632
4000,0,60,0,0,0,4,2,30,64,64,60,0,349
4000,2,60,0,0,2,6,2,33,110,70,60,0,444
4001,0,60,0,0,0,5,3,31,77,77,60,0,426
4001,2,60,0,0,2,7,3,34,122,82,60,0,515
4002,0,60,0,0,0,4,2,30,84,84,60,0,463
4002,2,60,0,0,2,6,2,33,110,70,60,0,448
4003,0,60,0,0,0,4,2,30,64,64,60,0,353
4003,2,60,0,0,2,6,2,33,110,70,60,0,448
4004,0,60,0,0,0,11,1,29,64,64,60,0,349
4004,2,60,0,0,2,12,1,32,110,70,60,0,444
4005,0,60,0,0,0,11,1,29,77,77,60,0,426
4005,2,60,0,0,2,12,1,32,122,82,60,0,515
4006,0,60,0,0,0,12,3,31,84,84,60,0,463
4006,2,60,0,0,2,13,3,34,110,70,60,0,448
4007,0,60,0,0,0,11,1,29,64,64,60,0,353
4007,2,60,0,0,2,12,1,32,110,70,60,0,448
4008,0,60,0,0,0,2,11,15,64,64,60,0,386
4008,2,60,0,0,3,4,12,19,110,70,60,0,483
4008,4,60,0,0,3,4,13,19,98,54,60,0,450
4008,6,60,0,0,6,6,14,23,141,57,60,0,533
4009,0,60,0,0,0,9,17,22,77,77,60,0,497
4009,2,60,0,0,2,10,17,25,122,82,60,0,592
4010,0,60,0,0,0,5,13,19,84,84,60,0,534
4010,2,60,0,0,3,5,14,21,110,70,60,0,525
4010,4,60,0,0,10,8,18,27,132,65,60,0,539
4010,6,60,0,0,10,6,18,27,141,65,60,0,557
4011,0,60,0,0,0,2,11,15,64,64,60,0,424
4011,2,60,0,0,3,4,12,19,110,70,60,0,525
4011,4,60,0,0,3,4,13,19,98,58,60,0,458
4011,6,60,0,0,6,6,14,23,141,61,60,0,541
4012,0,60,0,0,0,2,4,8,64,64,60,0,386
4012,1,60,0,4,20,6,12,21,132,61,60,0,531
4012,2,60,0,0,4,2,4,11,110,70,60,0,483
4012,3,60,0,4,24,6,12,24,171,60,60,0,590
4012,4,60,0,0,8,0,6,12,98,54,60,0,450
4012,5,60,0,4,20,0,12,21,141,61,60,0,549
4012,6,60,0,0,12,0,6,15,141,57,60,0,533
4012,7,60,0,4,24,0,12,24,180,60,60,0,608
4013,0,60,0,0,0,6,8,13,77,77,60,0,497
4013,1,60,0,8,24,9,16,25,132,69,60,0,555
4013,2,60,0,0,4,6,8,16,122,82,60,0,592
4013,3,60,0,8,28,9,16,28,171,68,60,0,614
4013,4,60,0,8,24,9,16,25,132,69,60,0,555
4013,5,60,0,8,24,0,16,25,141,69,60,0,573
4013,6,60,0,8,28,9,16,28,171,68,60,0,614
4013,7,60,0,8,28,0,16,28,180,68,60,0,632
4014,0,60,0,0,0,8,16,22,84,84,60,0,534
4014,2,60,0,0,2,9,18,25,110,70,60,0,525
4015,0,60,0,0,0,2,4,8,64,64,60,0,424
4015,1,60,0,4,20,6,12,21,132,65,60,0,539
4015,2,60,0,0,4,2,4,11,110,70,60,0,525
4015,3,60,0,4,24,6,12,24,171,64,60,0,598
4015,4,60,0,0,8,0,6,12,98,58,60,0,458
4015,5,60,0,4,20,0,12,21,141,65,60,0,557
4015,6,60,0,0,12,0,6,15,141,61,60,0,541
4015,7,60,0,4,24,0,12,24,180,64,60,0,616
4016,0,60,0,0,0,12,1,39,77,77,60,0,392
4017,0,60,0,0,0,14,3,41,97,97,60,0,508
4018,0,60,0,0,0,12,1,39,97,97,60,0,508
4019,0,60,0,0,0,12,1,39,77,77,60,0,398
4020,0,60,0,0,0,20,0,38,77,77,60,0,392
4021,0,60,0,0,0,20,0,38,97,97,60,0,508
4022,0,60,0,0,0,22,3,41,97,97,60,0,508
4023,0,60,0,0,0,20,0,38,77,77,60,0,398
4024,0,60,0,0,0,4,13,18,77,77,60,0,445
4024,2,60,0,0,9,8,17,26,137,61,60,0,541
4024,4,60,0,0,3,4,14,20,98,54,60,0,450
4024,6,60,0,0,9,6,17,26,141,61,60,0,549
4025,0,60,0,0,0,11,18,25,97,97,60,0,607
4026,0,60,0,0,0,9,17,24,97,97,60,0,607
4026,2,60,0,0,13,11,21,30,137,69,60,0,565
4026,4,60,0,0,13,10,21,30,132,69,60,0,555
4026,6,60,0,0,13,6,21,30,141,69,60,0,573
4027,0,60,0,0,0,4,13,18,77,77,60,0,497
4027,2,60,0,0,9,8,17,26,137,65,60,0,549
4027,4,60,0,0,3,4,14,20,98,58,60,0,458
4027,6,60,0,0,9,6,17,26,141,65,60,0,557
4028,0,60,0,0,0,4,5,10,77,77,60,0,445
4028,1,60,0,4,20,6,12,21,137,61,60,0,541
4028,2,60,0,0,12,6,6,15,137,61,60,0,541
4028,3,60,0,4,24,6,12,24,180,64,60,0,624
4028,4,60,0,0,8,0,6,12,98,54,60,0,450
4028,5,60,0,4,20,0,12,21,141,61,60,0,549
4028,6,60,0,0,12,0,6,15,141,61,60,0,549
4028,7,60,0,4,24,0,12,24,180,64,60,0,624
4029,0,60,0,0,0,12,12,19,97,97,60,0,607
4029,1,60,0,8,24,9,16,25,137,69,60,0,565
4029,2,60,0,8,28,18,16,28,163,72,60,0,614
4029,3,60,0,8,28,9,16,28,180,72,60,0,648
4029,4,60,0,8,24,9,16,25,132,69,60,0,555
4029,5,60,0,8,24,0,16,25,141,69,60,0,573
4029,6,60,0,8,28,9,16,28,171,72,60,0,630
4029,7,60,0,8,28,0,16,28,180,72,60,0,648
4030,0,60,0,0,0,13,20,27,97,97,60,0,607
4031,0,60,0,0,0,4,5,10,77,77,60,0,497
4031,1,60,0,4,20,6,12,21,137,65,60,0,549
4031,2,60,0,0,12,6,6,15,137,65,60,0,549
4031,3,60,0,4,24,6,12,24,180,68,60,0,632
4031,4,60,0,0,8,0,6,12,98,58,60,0,458
4031,5,60,0,4,20,0,12,21,141,65,60,0,557
4031,6,60,0,0,12,0,6,15,141,65,60,0,557
4031,7,60,0,4,24,0,12,24,180,68,60,0,632
4032,0,60,0,0,0,3,1,29,64,64,60,0,323
4032,2,60,0,0,2,4,1,32,110,66,60,0,436
4033,0,60,0,0,0,4,2,30,77,77,60,0,398
4033,2,60,0,0,2,5,2,33,122,78,60,0,507
4034,0,60,0,0,0,3,1,29,84,84,60,0,419
4034,2,60,0,0,2,4,1,32,110,66,60,0,440
4035,0,60,0,0,0,3,1,29,64,64,60,0,327
4035,2,60,0,0,2,4,1,32,110,66,60,0,440
4036,0,60,0,0,0,11,0,28,64,64,60,0,323
4036,2,60,0,0,2,12,0,31,110,66,60,0,436
4037,0,60,0,0,0,11,0,28,77,77,60,0,398
4037,2,60,0,0,2,12,0,31,122,78,60,0,507
4038,0,60,0,0,0,11,0,28,84,84,60,0,419
4038,2,60,0,0,2,12,0,31,110,66,60,0,440
4039,0,60,0,0,0,11,0,28,64,64,60,0,327
4039,2,60,0,0,2,12,0,31,110,66,60,0,440
4040,0,60,0,0,0,2,11,15,64,64,60,0,360
4040,2,60,0,0,6,4,14,21,110,66,60,0,475
4040,4,60,0,0,3,4,13,19,98,54,60,0,422
4040,6,60,0,0,9,6,16,25,141,53,60,0,525
4041,0,60,0,0,0,7,15,20,77,77,60,0,469
4041,2,60,0,0,2,6,15,23,122,78,60,0,584
4042,0,60,0,0,0,5,12,18,84,84,60,0,490
4042,2,60,0,0,6,4,14,21,110,66,60,0,517
4042,4,60,0,0,9,10,16,25,132,61,60,0,531
4042,6,60,0,0,9,6,16,25,141,61,60,0,549
4043,0,60,0,0,0,2,11,15,64,64,60,0,398
4043,2,60,0,0,6,4,14,21,110,66,60,0,517
4043,4,60,0,0,3,4,13,19,98,58,60,0,430
4043,6,60,0,0,9,6,16,25,141,57,60,0,533
4044,0,60,0,0,0,1,1,5,64,64,60,0,360
4044,1,60,0,4,12,3,4,13,132,61,60,0,499
4044,2,60,0,0,4,1,1,8,110,66,60,0,475
4044,3,60,0,4,16,3,4,16,171,56,60,0,582
4044,4,60,0,0,4,0,1,7,98,54,60,0,422
4044,5,60,0,4,12,0,4,13,141,61,60,0,517
4044,6,60,0,0,8,0,1,10,141,53,60,0,525
4044,7,60,0,4,16,0,4,16,180,56,60,0,600
4045,0,60,0,0,0,4,4,9,77,77,60,0,469
4045,1,60,0,8,16,6,8,17,132,69,60,0,523
4045,2,60,0,0,4,4,4,12,122,78,60,0,584
4045,3,60,0,8,20,6,8,20,171,64,60,0,606
4045,4,60,0,8,16,6,8,17,132,69,60,0,523
4045,5,60,0,8,16,0,8,17,141,69,60,0,541
4045,6,60,0,8,20,6,8,20,171,64,60,0,606
4045,7,60,0,8,20,0,8,20,180,64,60,0,624
4046,0,60,0,0,0,4,3,9,84,84,60,0,490
4046,1,60,0,8,20,9,8,20,158,64,60,0,580
4046,2,60,0,0,4,2,3,10,110,66,60,0,517
4046,3,60,0,8,20,6,8,20,171,64,60,0,606
4046,4,60,0,4,12,3,5,14,132,61,60,0,531
4046,5,60,0,8,20,3,8,20,171,64,60,0,606
4046,6,60,0,4,12,0,5,14,141,61,60,0,549
4046,7,60,0,8,20,0,8,20,180,64,60,0,624
4047,0,60,0,0,0,1,1,5,64,64,60,0,398
4047,1,60,0,4,12,3,4,13,132,65,60,0,507
4047,2,60,0,0,4,1,1,8,110,66,60,0,517
4047,3,60,0,4,16,3,4,16,171,60,60,0,590
4047,4,60,0,0,4,0,1,7,98,58,60,0,430
4047,5,60,0,4,12,0,4,13,141,65,60,0,525
4047,6,60,0,0,8,0,1,10,141,57,60,0,533
4047,7,60,0,4,16,0,4,16,180,60,60,0,608
4048,0,60,0,0,0,9,2,36,84,84,60,0,441
4049,0,60,0,0,0,10,3,37,97,97,60,0,520
4050,0,60,0,0,0,10,3,37,111,111,60,0,594
4051,0,60,0,0,0,9,2,36,84,84,60,0,447
4052,0,60,0,0,0,16,0,34,84,84,60,0,441
4053,0,60,0,0,0,16,0,34,97,97,60,0,520
4054,0,60,0,0,0,16,0,34,111,111,60,0,594
4055,0,60,0,0,0,16,0,34,84,84,60,0,447
4056,0,60,0,0,0,8,16,22,84,84,60,0,490
4056,4,60,0,0,2,9,18,25,110,66,60,0,517
4057,0,60,0,0,0,13,20,27,97,97,60,0,607
4058,0,60,0,0,0,13,18,27,111,111,60,0,681
4059,0,60,0,0,0,8,16,22,84,84,60,0,534
4059,4,60,0,0,2,9,18,25,110,70,60,0,525
4060,0,60,0,0,0,4,3,9,84,84,60,0,490
4060,1,60,0,4,12,3,5,14,132,61,60,0,531
4060,2,60,0,8,20,9,8,20,158,64,60,0,580
4060,3,60,0,8,20,3,8,20,171,64,60,0,606
4060,4,60,0,0,4,2,3,10,110,66,60,0,517
4060,5,60,0,4,12,0,5,14,141,61,60,0,549
4060,6,60,0,8,20,6,8,20,171,64,60,0,606
4060,7,60,0,8,20,0,8,20,180,64,60,0,624
4061,0,60,0,0,0,7,6,13,97,97,60,0,607
4061,1,60,0,7,15,5,8,17,132,69,60,0,555
4061,2,60,0,8,20,9,8,20,163,72,60,0,614
4061,3,60,0,8,20,3,8,20,171,72,60,0,630
4061,4,60,0,7,15,6,8,17,137,69,60,0,565
4061,5,60,0,7,15,0,8,17,141,69,60,0,573
4061,6,60,0,8,20,6,8,20,180,72,60,0,648
4061,7,60,0,8,20,0,8,20,180,72,60,0,648
4062,0,60,0,0,0,12,9,18,111,111,60,0,681
4062,1,60,0,12,24,12,12,24,158,72,60,0,604
4062,2,60,0,12,24,12,12,24,158,72,60,0,604
4062,3,60,0,12,24,6,12,24,171,72,60,0,630
4062,4,60,0,12,24,12,12,24,158,72,60,0,604
4062,5,60,0,12,24,6,12,24,171,72,60,0,630
4062,6,60,0,12,24,6,12,24,171,72,60,0,630
4062,7,60,0,12,24,0,12,24,180,72,60,0,648
4063,0,60,0,0,0,4,3,9,84,84,60,0,534
4063,1,60,0,4,12,3,5,14,132,65,60,0,539
4063,2,60,0,8,20,9,8,20,158,68,60,0,588
4063,3,60,0,8,20,3,8,20,171,68,60,0,614
4063,4,60,0,0,4,2,3,10,110,70,60,0,525
4063,5,60,0,4,12,0,5,14,141,65,60,0,557
4063,6,60,0,8,20,6,8,20,171,68,60,0,614
4063,7,60,0,8,20,0,8,20,180,68,60,0,632
4064,0,60,0,0,0,3,1,29,64,64,60,0,349
4064,2,60,0,0,2,4,1,32,110,70,60,0,444
4065,0,60,0,0,0,4,2,30,77,77,60,0,426
4065,2,60,0,0,2,5,2,33,122,82,60,0,515
4066,0,60,0,0,0,3,1,29,84,84,60,0,463
4066,2,60,0,0,2,4,1,32,110,70,60,0,448
4067,0,60,0,0,0,3,1,29,64,64,60,0,353
4067,2,60,0,0,2,4,1,32,110,70,60,0,448
4068,0,60,0,0,0,11,0,28,64,64,60,0,349
4068,2,60,0,0,2,12,0,31,110,70,60,0,444
4069,0,60,0,0,0,11,0,28,77,77,60,0,426
4069,2,60,0,0,2,12,0,31,122,82,60,0,515
4070,0,60,0,0,0,11,0,28,84,84,60,0,463
4070,2,60,0,0,2,12,0,31,110,70,60,0,448
4071,0,60,0,0,0,11,0,28,64,64,60,0,353
4071,2,60,0,0,2,12,0,31,110,70,60,0,448
4072,0,60,0,0,0,2,11,15,64,64,60,0,386
4072,2,60,0,0,6,4,14,21,110,70,60,0,483
4072,4,60,0,0,3,4,13,19,98,54,60,0,450
4072,6,60,0,0,9,6,16,25,141,57,60,0,533
4073,0,60,0,0,0,7,15,20,77,77,60,0,497
4073,2,60,0,0,2,6,15,23,122,82,60,0,592
4074,0,60,0,0,0,5,12,18,84,84,60,0,534
4074,2,60,0,0,6,4,14,21,110,70,60,0,525
4074,4,60,0,0,9,10,16,25,132,65,60,0,539
4074,6,60,0,0,9,6,16,25,141,65,60,0,557
4075,0,60,0,0,0,2,11,15,64,64,60,0,424
4075,2,60,0,0,6,4,14,21,110,70,60,0,525
4075,4,60,0,0,3,4,13,19,98,58,60,0,458
4075,6,60,0,0,9,6,16,25,141,61,60,0,541
4076,0,60,0,0,0,1,1,5,64,64,60,0,386
4076,1,60,0,4,12,3,4,13,132,61,60,0,531
4076,2,60,0,0,4,1,1,8,110,70,60,0,483
4076,3,60,0,4,16,3,4,16,171,60,60,0,590
4076,4,60,0,0,4,0,1,7,98,54,60,0,450
4076,5,60,0,4,12,0,4,13,141,61,60,0,549
4076,6,60,0,0,8,0,1,10,141,57,60,0,533
4076,7,60,0,4,16,0,4,16,180,60,60,0,608
4077,0,60,0,0,0,4,4,9,77,77,60,0,497
4077,1,60,0,8,16,6,8,17,132,69,60,0,555
4077,2,60,0,0,4,4,4,12,122,82,60,0,592
4077,3,60,0,8,20,6,8,20,171,68,60,0,614
4077,4,60,0,8,16,6,8,17,132,69,60,0,555
4077,5,60,0,8,16,0,8,17,141,69,60,0,573
4077,6,60,0,8,20,6,8,20,171,68,60,0,614
4077,7,60,0,8,20,0,8,20,180,68,60,0,632
4078,0,60,0,0,0,4,3,9,84,84,60,0,534
4078,1,60,0,8,20,9,8,20,158,68,60,0,588
4078,2,60,0,0,4,2,3,10,110,70,60,0,525
4078,3,60,0,8,20,6,8,20,171,68,60,0,614
4078,4,60,0,4,12,3,5,14,132,65,60,0,539
4078,5,60,0,8,20,3,8,20,171,68,60,0,614
4078,6,60,0,4,12,0,5,14,141,65,60,0,557
4078,7,60,0,8,20,0,8,20,180,68,60,0,632
4079,0,60,0,0,0,1,1,5,64,64,60,0,424
4079,1,60,0,4,12,3,4,13,132,65,60,0,539
4079,2,60,0,0,4,1,1,8,110,70,60,0,525
4079,3,60,0,4,16,3,4,16,171,64,60,0,598
4079,4,60,0,0,4,0,1,7,98,58,60,0,458
4079,5,60,0,4,12,0,4,13,141,65,60,0,557
4079,6,60,0,0,8,0,1,10,141,61,60,0,541
4079,7,60,0,4,16,0,4,16,180,64,60,0,616
4080,0,60,0,0,0,6,2,40,77,77,60,0,392
4081,0,60,0,0,0,7,3,41,97,97,60,0,508
4082,0,60,0,0,0,7,3,41,97,97,60,0,508
4083,0,60,0,0,0,6,2,40,77,77,60,0,398
4084,0,60,0,0,0,20,0,38,77,77,60,0,392
4085,0,60,0,0,0,20,0,38,97,97,60,0,508
4086,0,60,0,0,0,20,0,38,97,97,60,0,508
4087,0,60,0,0,0,20,0,38,77,77,60,0,398
4088,0,60,0,0,0,4,20,25,77,77,60,0,445
4088,4,60,0,0,2,6,22,28,98,54,60,0,450
4089,0,60,0,0,0,11,25,32,97,97,60,0,607
4090,0,60,0,0,0,11,25,32,97,97,60,0,607
4091,0,60,0,0,0,4,20,25,77,77,60,0,497
4091,4,60,0,0,2,6,22,28,98,58,60,0,458
4092,0,60,0,0,0,2,2,7,77,77,60,0,445
4092,1,60,0,3,11,3,4,13,137,61,60,0,541
4092,2,60,0,3,11,3,4,13,137,61,60,0,541
4092,3,60,0,4,16,3,4,16,180,64,60,0,624
4092,4,60,0,0,4,0,2,8,98,54,60,0,450
4092,5,60,0,3,11,0,4,13,141,61,60,0,549
4092,6,60,0,3,11,0,4,13,141,61,60,0,549
4092,7,60,0,4,16,0,4,16,180,64,60,0,624
4093,0,60,0,0,0,7,6,13,97,97,60,0,607
4093,1,60,0,7,15,6,8,17,137,69,60,0,565
4093,2,60,0,8,20,9,8,20,163,72,60,0,614
4093,3,60,0,8,20,6,8,20,180,72,60,0,648
4093,4,60,0,7,15,5,8,17,132,69,60,0,555
4093,5,60,0,7,15,0,8,17,141,69,60,0,573
4093,6,60,0,8,20,3,8,20,171,72,60,0,630
4093,7,60,0,8,20,0,8,20,180,72,60,0,648
4094,0,60,0,0,0,7,6,13,97,97,60,0,607
4094,1,60,0,8,20,9,8,20,163,72,60,0,614
4094,2,60,0,7,15,6,8,17,137,69,60,0,565
4094,3,60,0,8,20,6,8,20,180,72,60,0,648
4094,4,60,0,7,15,5,8,17,132,69,60,0,555
4094,5,60,0,8,20,3,8,20,171,72,60,0,630
4094,6,60,0,7,15,0,8,17,141,69,60,0,573
4094,7,60,0,8,20,0,8,20,180,72,60,0,648
4095,0,60,0,0,0,2,2,7,77,77,60,0,497
4095,1,60,0,3,11,3,4,13,137,65,60,0,549
4095,2,60,0,3,11,3,4,13,137,65,60,0,549
4095,3,60,0,4,16,3,4,16,180,68,60,0,632
4095,4,60,0,0,4,0,2,8,98,58,60,0,458
4095,5,60,0,3,11,0,4,13,141,65,60,0,557
4095,6,60,0,3,11,0,4,13,141,65,60,0,557
4095,7,60,0,4,16,0,4,16,180,68,60,0,632
