heap_index,root_mask,transitions,frontier_mismatches,direct_false_accepts,stale_false_accepts,root_false_accepts,phase_false_accepts,annotation_false_accepts,full_obligations,frontier_obligations,checker_replays,checker_mismatches,checker_steps
0,0,60,0,0,0,0,0,42,51,51,1,0,1
1,0,60,0,0,0,1,0,43,64,64,0,0,0
2,0,60,0,0,0,1,0,43,64,64,1,0,7
3,0,60,0,0,0,0,0,42,51,51,0,0,0
4,0,60,0,0,0,0,0,42,51,51,1,0,4
5,0,60,0,0,0,0,0,43,64,64,0,0,0
6,0,60,0,0,0,0,0,43,64,64,1,0,4
7,0,60,0,0,0,0,0,42,51,51,0,0,0
8,0,60,0,0,0,2,0,31,51,51,1,0,1
8,4,60,0,0,2,4,0,34,98,54,0,0,0
9,0,60,0,0,0,10,0,40,64,64,1,0,10
10,0,60,0,0,0,10,0,40,64,64,0,0,0
11,0,60,0,0,0,2,0,31,51,51,1,0,4
11,4,60,0,0,2,4,0,34,98,58,0,0,0
12,0,60,0,0,0,0,0,31,51,51,1,0,4
12,4,60,0,0,2,0,0,34,98,54,0,0,0
13,0,60,0,0,0,2,1,41,64,64,1,0,1
14,0,60,0,0,0,2,1,41,64,64,0,0,0
15,0,60,0,0,0,0,0,31,51,51,0,0,0
15,4,60,0,0,2,0,0,34,98,58,1,0,3
16,0,60,0,0,0,1,0,43,64,64,0,0,0
17,0,60,0,0,0,2,0,44,77,77,1,0,7
18,0,60,0,0,0,2,0,44,84,84,0,0,0
19,0,60,0,0,0,1,0,43,64,64,1,0,7
20,0,60,0,0,0,1,0,43,64,64,0,0,0
21,0,60,0,0,0,1,0,44,77,77,1,0,1
22,0,60,0,0,0,1,0,44,84,84,0,0,0
23,0,60,0,0,0,1,0,43,64,64,1,0,4
24,0,60,0,0,0,3,0,32,64,64,0,0,0
24,4,60,0,0,2,5,0,35,110,66,1,0,6
25,0,60,0,0,0,11,0,41,77,77,0,0,0
26,0,60,0,0,0,12,0,42,84,84,1,0,4
27,0,60,0,0,0,3,0,32,64,64,0,0,0
27,4,60,0,0,2,5,0,35,110,70,1,0,10
28,0,60,0,0,0,1,0,32,64,64,0,0,0
28,4,60,0,0,2,1,0,35,110,66,1,0,7
29,0,60,0,0,0,3,1,42,77,77,0,0,0
30,0,60,0,0,0,3,0,42,84,84,0,0,0
31,0,60,0,0,0,1,0,32,64,64,1,0,7
31,4,60,0,0,2,1,0,35,110,70,0,0,0
32,0,60,0,0,0,0,0,42,51,51,1,0,7
33,0,60,0,0,0,1,0,43,64,64,0,0,0
34,0,60,0,0,0,1,0,43,64,64,1,0,1
35,0,60,0,0,0,0,0,42,51,51,0,0,0
36,0,60,0,0,0,0,0,42,51,51,1,0,4
37,0,60,0,0,0,0,0,43,64,64,0,0,0
38,0,60,0,0,0,0,0,43,64,64,1,0,7
39,0,60,0,0,0,0,0,42,51,51,0,0,0
40,0,60,0,0,0,2,0,31,51,51,1,0,4
40,4,60,0,0,2,4,0,34,98,54,0,0,0
41,0,60,0,0,0,10,0,40,64,64,1,0,1
42,0,60,0,0,0,10,0,40,64,64,0,0,0
43,0,60,0,0,0,2,0,31,51,51,1,0,10
43,4,60,0,0,2,4,0,34,98,58,0,0,0
44,0,60,0,0,0,0,0,31,51,51,0,0,0
44,4,60,0,0,2,0,0,34,98,54,1,0,6
45,0,60,0,0,0,2,1,41,64,64,0,0,0
46,0,60,0,0,0,2,1,41,64,64,1,0,4
47,0,60,0,0,0,0,0,31,51,51,0,0,0
47,4,60,0,0,2,0,0,34,98,58,1,0,3
48,0,60,0,0,0,1,0,43,64,64,0,0,0
49,0,60,0,0,0,2,0,44,84,84,1,0,7
50,0,60,0,0,0,2,0,44,77,77,0,0,0
51,0,60,0,0,0,1,0,43,64,64,1,0,4
52,0,60,0,0,0,1,0,43,64,64,0,0,0
53,0,60,0,0,0,1,0,44,84,84,1,0,4
54,0,60,0,0,0,1,0,44,77,77,0,0,0
55,0,60,0,0,0,1,0,43,64,64,1,0,1
56,0,60,0,0,0,2,0,31,64,64,0,0,0
56,4,60,0,0,2,4,0,34,98,54,1,0,10
57,0,60,0,0,0,11,0,41,84,84,0,0,0
58,0,60,0,0,0,10,0,40,77,77,1,0,10
59,0,60,0,0,0,2,0,31,64,64,0,0,0
59,4,60,0,0,2,4,0,34,98,58,0,0,0
60,0,60,0,0,0,0,0,31,64,64,1,0,4
60,4,60,0,0,2,0,0,34,98,54,0,0,0
61,0,60,0,0,0,3,1,42,84,84,1,0,1
62,0,60,0,0,0,3,2,42,77,77,0,0,0
63,0,60,0,0,0,0,0,31,64,64,1,0,7
63,4,60,0,0,2,0,0,34,98,58,0,0,0
64,0,60,0,0,0,0,0,42,51,51,1,0,4
65,0,60,0,0,0,1,0,43,64,64,0,0,0
66,0,60,0,0,0,1,0,43,64,64,1,0,4
67,0,60,0,0,0,0,0,42,51,51,0,0,0
68,0,60,0,0,0,0,0,42,51,51,1,0,1
69,0,60,0,0,0,0,0,43,64,64,0,0,0
70,0,60,0,0,0,1,0,43,64,64,1,0,7
71,0,60,0,0,0,0,0,42,51,51,0,0,0
72,0,60,0,0,0,2,0,31,51,51,1,0,4
72,4,60,0,0,2,4,0,34,98,54,0,0,0
73,0,60,0,0,0,10,0,40,64,64,0,0,0
74,0,60,0,0,0,11,0,40,64,64,1,0,5
75,0,60,0,0,0,2,0,31,51,51,0,0,0
75,4,60,0,0,2,4,0,34,98,58,1,0,3
76,0,60,0,0,0,1,0,31,51,51,0,0,0
76,4,60,0,0,2,2,0,34,98,54,1,0,3
77,0,60,0,0,0,3,1,41,64,64,0,0,0
78,0,60,0,0,0,9,0,40,64,64,1,0,5
79,0,60,0,0,0,1,0,31,51,51,0,0,0
79,4,60,0,0,2,2,0,34,98,58,1,0,6
80,0,60,0,0,0,0,0,43,64,64,0,0,0
81,0,60,0,0,0,1,0,44,77,77,1,0,1
82,0,60,0,0,0,1,0,44,84,84,0,0,0
83,0,60,0,0,0,0,0,43,64,64,1,0,7
84,0,60,0,0,0,0,0,43,64,64,0,0,0
85,0,60,0,0,0,0,0,44,77,77,1,0,7
86,0,60,0,0,0,1,0,44,84,84,0,0,0
87,0,60,0,0,0,0,0,43,64,64,1,0,4
88,0,60,0,0,0,2,0,32,64,64,0,0,0
88,4,60,0,0,2,4,0,35,110,66,0,0,0
89,0,60,0,0,0,10,0,41,77,77,1,0,1
90,0,60,0,0,0,12,0,42,84,84,0,0,0
91,0,60,0,0,0,2,0,32,64,64,1,0,7
91,4,60,0,0,2,4,0,35,110,70,0,0,0
92,0,60,0,0,0,1,0,32,64,64,1,0,11
92,4,60,0,0,2,2,0,35,110,66,0,0,0
93,0,60,0,0,0,3,1,42,77,77,1,0,4
94,0,60,0,0,0,10,0,42,84,84,0,0,0
95,0,60,0,0,0,1,0,32,64,64,1,0,1
95,4,60,0,0,2,2,0,35,110,70,0,0,0
96,0,60,0,0,0,0,0,42,51,51,1,0,4
97,0,60,0,0,0,1,0,43,64,64,0,0,0
98,0,60,0,0,0,1,0,43,64,64,1,0,4
99,0,60,0,0,0,0,0,42,51,51,0,0,0
100,0,60,0,0,0,0,0,42,51,51,1,0,4
101,0,60,0,0,0,0,0,43,64,64,0,0,0
102,0,60,0,0,0,1,0,43,64,64,0,0,0
103,0,60,0,0,0,0,0,42,51,51,1,0,1
104,0,60,0,0,0,2,0,31,51,51,0,0,0
104,4,60,0,0,2,4,0,34,98,54,1,0,3
105,0,60,0,0,0,10,0,40,64,64,0,0,0
106,0,60,0,0,0,11,0,40,64,64,1,0,4
107,0,60,0,0,0,2,0,31,51,51,0,0,0
107,4,60,0,0,2,4,0,34,98,58,1,0,6
108,0,60,0,0,0,1,0,31,51,51,0,0,0
108,4,60,0,0,2,2,0,34,98,54,1,0,3
109,0,60,0,0,0,3,1,41,64,64,0,0,0
110,0,60,0,0,0,9,0,40,64,64,1,0,13
111,0,60,0,0,0,1,0,31,51,51,0,0,0
111,4,60,0,0,2,2,0,34,98,58,1,0,7
112,0,60,0,0,0,0,0,43,64,64,0,0,0
113,0,60,0,0,0,1,0,44,84,84,1,0,4
114,0,60,0,0,0,1,0,44,77,77,0,0,0
115,0,60,0,0,0,0,0,43,64,64,1,0,1
116,0,60,0,0,0,1,0,43,64,64,0,0,0
117,0,60,0,0,0,1,0,44,84,84,0,0,0
118,0,60,0,0,0,2,0,44,77,77,1,0,7
119,0,60,0,0,0,1,0,43,64,64,0,0,0
120,0,60,0,0,0,2,1,32,64,64,1,0,8
120,4,60,0,0,2,4,1,35,98,54,0,0,0
121,0,60,0,0,0,10,0,41,84,84,1,0,10
122,0,60,0,0,0,12,2,42,77,77,0,0,0
123,0,60,0,0,0,2,1,32,64,64,1,0,1
123,4,60,0,0,2,4,1,35,98,58,0,0,0
124,0,60,0,0,0,1,0,31,64,64,1,0,5
124,4,60,0,0,2,2,0,34,98,54,0,0,0
125,0,60,0,0,0,4,1,42,84,84,1,0,4
126,0,60,0,0,0,9,0,40,77,77,0,0,0
127,0,60,0,0,0,1,0,31,64,64,1,0,4
127,4,60,0,0,2,2,0,34,98,58,0,0,0
128,0,60,0,0,0,2,0,31,51,51,1,0,1
128,2,60,0,0,2,4,0,34,98,54,0,0,0
129,0,60,0,0,0,3,0,32,64,64,1,0,4
129,2,60,0,0,2,5,0,35,110,66,0,0,0
130,0,60,0,0,0,2,0,31,64,64,0,0,0
130,2,60,0,0,2,4,0,34,98,54,1,0,3
131,0,60,0,0,0,2,0,31,51,51,0,0,0
131,2,60,0,0,2,4,0,34,98,54,1,0,6
132,0,60,0,0,0,2,0,31,51,51,0,0,0
132,2,60,0,0,2,4,0,34,98,54,1,0,4
133,0,60,0,0,0,2,0,32,64,64,0,0,0
133,2,60,0,0,2,4,0,35,110,66,1,0,9
134,0,60,0,0,0,2,1,32,64,64,0,0,0
134,2,60,0,0,2,4,1,35,98,54,1,0,7
135,0,60,0,0,0,2,0,31,51,51,0,0,0
135,2,60,0,0,2,4,0,34,98,54,1,0,6
136,0,60,0,0,0,2,0,18,51,51,0,0,0
136,2,60,0,0,3,4,0,22,98,54,1,0,3
136,4,60,0,0,3,4,0,22,98,54,0,0,0
136,6,60,0,0,6,6,0,26,141,53,1,0,9
137,0,60,0,0,0,11,0,28,64,64,0,0,0
137,2,60,0,0,2,12,0,31,110,66,0,0,0
138,0,60,0,0,0,4,1,21,64,64,1,0,5
138,2,60,0,0,3,4,1,23,98,54,0,0,0
138,4,60,0,0,9,8,3,29,132,61,1,0,8
138,6,60,0,0,9,6,3,29,141,61,0,0,0
139,0,60,0,0,0,2,0,18,51,51,1,0,1
139,2,60,0,0,3,4,0,22,98,54,0,0,0
139,4,60,0,0,3,4,0,22,98,58,1,0,3
139,6,60,0,0,6,6,0,26,141,57,0,0,0
140,0,60,0,0,0,1,1,19,51,51,1,0,10
140,2,60,0,0,3,3,1,23,98,54,0,0,0
140,4,60,0,0,6,1,3,25,98,54,1,0,6
140,6,60,0,0,9,3,3,29,141,53,0,0,0
141,0,60,0,0,0,4,2,30,64,64,1,0,1
141,2,60,0,0,2,6,2,33,110,66,0,0,0
142,0,60,0,0,0,2,8,28,64,64,1,0,5
142,2,60,0,0,2,4,9,31,98,54,0,0,0
143,0,60,0,0,0,1,1,19,51,51,1,0,5
143,2,60,0,0,3,3,1,23,98,54,0,0,0
143,4,60,0,0,6,1,3,25,98,58,0,0,0
143,6,60,0,0,9,3,3,29,141,57,1,0,8
144,0,60,0,0,0,10,0,40,64,64,0,0,0
145,0,60,0,0,0,11,0,41,77,77,1,0,1
146,0,60,0,0,0,11,0,41,84,84,0,0,0
147,0,60,0,0,0,10,0,40,64,64,1,0,4
148,0,60,0,0,0,10,0,40,64,64,0,0,0
149,0,60,0,0,0,10,0,41,77,77,1,0,10
150,0,60,0,0,0,10,0,41,84,84,0,0,0
151,0,60,0,0,0,10,0,40,64,64,1,0,4
152,0,60,0,0,0,11,0,28,64,64,0,0,0
152,4,60,0,0,2,12,0,31,110,66,1,0,4
153,0,60,0,0,0,20,0,38,77,77,0,0,0
154,0,60,0,0,0,16,0,34,84,84,1,0,16
155,0,60,0,0,0,11,0,28,64,64,0,0,0
155,4,60,0,0,2,12,0,31,110,70,1,0,16
156,0,60,0,0,0,9,0,28,64,64,0,0,0
156,4,60,0,0,2,6,0,31,110,66,0,0,0
157,0,60,0,0,0,12,1,39,77,77,1,0,5
158,0,60,0,0,0,12,5,39,84,84,0,0,0
159,0,60,0,0,0,9,0,28,64,64,1,0,1
159,4,60,0,0,2,6,0,31,110,70,0,0,0
160,0,60,0,0,0,2,0,31,51,51,1,0,4
160,2,60,0,0,2,4,0,34,98,58,0,0,0
161,0,60,0,0,0,3,0,32,64,64,1,0,4
161,2,60,0,0,2,5,0,35,110,70,0,0,0
162,0,60,0,0,0,2,0,31,64,64,1,0,4
162,2,60,0,0,2,4,0,34,98,58,0,0,0
163,0,60,0,0,0,2,0,31,51,51,1,0,1
163,2,60,0,0,2,4,0,34,98,58,0,0,0
164,0,60,0,0,0,2,0,31,51,51,1,0,5
164,2,60,0,0,2,4,0,34,98,58,0,0,0
165,0,60,0,0,0,2,0,32,64,64,1,0,7
165,2,60,0,0,2,4,0,35,110,70,0,0,0
166,0,60,0,0,0,2,1,32,64,64,1,0,4
166,2,60,0,0,2,4,1,35,98,58,0,0,0
167,0,60,0,0,0,2,0,31,51,51,0,0,0
167,2,60,0,0,2,4,0,34,98,58,1,0,3
168,0,60,0,0,0,2,0,18,51,51,0,0,0
168,2,60,0,0,3,4,0,22,98,58,1,0,7
168,4,60,0,0,3,4,0,22,98,54,0,0,0
168,6,60,0,0,6,6,0,26,141,57,1,0,5
169,0,60,0,0,0,11,0,28,64,64,0,0,0
169,2,60,0,0,2,12,0,31,110,70,1,0,10
170,0,60,0,0,0,4,1,21,64,64,0,0,0
170,2,60,0,0,3,4,1,23,98,58,1,0,10
170,4,60,0,0,9,8,3,29,132,65,0,0,0
170,6,60,0,0,9,6,3,29,141,65,1,0,9
171,0,60,0,0,0,2,0,18,51,51,0,0,0
171,2,60,0,0,3,4,0,22,98,58,1,0,3
171,4,60,0,0,3,4,0,22,98,58,0,0,0
171,6,60,0,0,6,6,0,26,141,61,1,0,12
172,0,60,0,0,0,1,1,19,51,51,0,0,0
172,2,60,0,0,3,3,1,23,98,58,0,0,0
172,4,60,0,0,6,1,3,25,98,54,1,0,3
172,6,60,0,0,9,3,3,29,141,57,0,0,0
173,0,60,0,0,0,4,2,30,64,64,1,0,10
173,2,60,0,0,2,6,2,33,110,70,0,0,0
174,0,60,0,0,0,2,8,28,64,64,1,0,7
174,2,60,0,0,2,4,9,31,98,58,0,0,0
175,0,60,0,0,0,1,1,19,51,51,1,0,4
175,2,60,0,0,3,3,1,23,98,58,0,0,0
175,4,60,0,0,6,1,3,25,98,58,1,0,3
175,6,60,0,0,9,3,3,29,141,61,0,0,0
176,0,60,0,0,0,10,0,40,64,64,1,0,4
177,0,60,0,0,0,12,0,42,84,84,0,0,0
178,0,60,0,0,0,10,0,40,77,77,1,0,13
179,0,60,0,0,0,10,0,40,64,64,0,0,0
180,0,60,0,0,0,11,0,40,64,64,1,0,4
181,0,60,0,0,0,12,0,42,84,84,0,0,0
182,0,60,0,0,0,12,2,42,77,77,1,0,1
183,0,60,0,0,0,11,0,40,64,64,0,0,0
184,0,60,0,0,0,4,1,21,64,64,0,0,0
184,2,60,0,0,9,8,3,29,132,61,1,0,5
184,4,60,0,0,3,4,1,23,98,54,0,0,0
184,6,60,0,0,9,6,3,29,141,61,1,0,5
185,0,60,0,0,0,16,0,34,84,84,0,0,0
186,0,60,0,0,0,8,4,26,77,77,1,0,16
186,2,60,0,0,12,10,6,32,132,69,0,0,0
186,4,60,0,0,12,10,6,32,132,69,1,0,13
186,6,60,0,0,12,6,6,32,141,69,0,0,0
187,0,60,0,0,0,4,1,21,64,64,1,0,7
187,2,60,0,0,9,8,3,29,132,65,0,0,0
187,4,60,0,0,3,4,1,23,98,58,1,0,9
187,6,60,0,0,9,6,3,29,141,65,0,0,0
188,0,60,0,0,0,4,2,22,64,64,1,0,4
188,2,60,0,0,9,9,3,29,132,61,0,0,0
188,4,60,0,0,6,1,3,25,98,54,1,0,13
188,6,60,0,0,9,3,3,29,141,61,0,0,0
189,0,60,0,0,0,12,4,38,84,84,1,0,7
190,0,60,0,0,0,8,12,34,77,77,0,0,0
191,0,60,0,0,0,4,2,22,64,64,0,0,0
191,2,60,0,0,9,9,3,29,132,65,1,0,5
191,4,60,0,0,6,1,3,25,98,58,0,0,0
191,6,60,0,0,9,3,3,29,141,65,1,0,8
192,0,60,0,0,0,0,0,31,51,51,0,0,0
192,2,60,0,0,2,0,0,34,98,54,1,0,4
193,0,60,0,0,0,1,0,32,64,64,0,0,0
193,2,60,0,0,2,1,0,35,110,66,1,0,9
194,0,60,0,0,0,0,0,31,64,64,0,0,0
194,2,60,0,0,2,0,0,34,98,54,1,0,7
195,0,60,0,0,0,0,0,31,51,51,0,0,0
195,2,60,0,0,2,0,0,34,98,54,1,0,6
196,0,60,0,0,0,1,0,31,51,51,0,0,0
196,2,60,0,0,2,2,0,34,98,54,1,0,3
197,0,60,0,0,0,1,0,32,64,64,0,0,0
197,2,60,0,0,2,2,0,35,110,66,1,0,6
198,0,60,0,0,0,1,0,31,64,64,0,0,0
198,2,60,0,0,2,2,0,34,98,54,0,0,0
199,0,60,0,0,0,1,0,31,51,51,1,0,5
199,2,60,0,0,2,2,0,34,98,54,0,0,0
200,0,60,0,0,0,1,1,19,51,51,1,0,4
200,2,60,0,0,6,1,3,25,98,54,0,0,0
200,4,60,0,0,3,3,1,23,98,54,1,0,3
200,6,60,0,0,9,3,3,29,141,53,0,0,0
201,0,60,0,0,0,9,0,28,64,64,1,0,10
201,2,60,0,0,2,6,0,31,110,66,0,0,0
202,0,60,0,0,0,4,2,22,64,64,1,0,10
202,2,60,0,0,6,1,3,25,98,54,0,0,0
202,4,60,0,0,9,9,3,29,132,61,1,0,12
202,6,60,0,0,9,3,3,29,141,61,0,0,0
203,0,60,0,0,0,1,1,19,51,51,1,0,1
203,2,60,0,0,6,1,3,25,98,54,0,0,0
203,4,60,0,0,3,3,1,23,98,58,1,0,5
203,6,60,0,0,9,3,3,29,141,57,0,0,0
204,0,60,0,0,0,0,0,18,51,51,1,0,5
204,2,60,0,0,3,0,0,22,98,54,0,0,0
204,4,60,0,0,3,0,0,22,98,54,0,0,0
204,6,60,0,0,6,0,0,26,141,53,1,0,8
205,0,60,0,0,0,3,1,29,64,64,0,0,0
205,2,60,0,0,2,4,1,32,110,66,1,0,3
206,0,60,0,0,0,2,1,21,64,64,0,0,0
206,2,60,0,0,3,0,1,23,98,54,1,0,9
206,4,60,0,3,9,4,3,29,132,61,0,0,0
206,6,60,0,3,9,0,3,29,141,61,1,0,9
207,0,60,0,0,0,0,0,18,51,51,0,0,0
207,2,60,0,0,3,0,0,22,98,54,1,0,10
207,4,60,0,0,3,0,0,22,98,58,0,0,0
207,6,60,0,0,6,0,0,26,141,57,1,0,6
208,0,60,0,0,0,2,1,41,64,64,0,0,0
209,0,60,0,0,0,3,1,42,77,77,1,0,7
210,0,60,0,0,0,3,1,42,84,84,0,0,0
211,0,60,0,0,0,2,1,41,64,64,1,0,10
212,0,60,0,0,0,3,1,41,64,64,0,0,0
213,0,60,0,0,0,3,1,42,77,77,0,0,0
214,0,60,0,0,0,4,1,42,84,84,1,0,5
215,0,60,0,0,0,3,1,41,64,64,0,0,0
216,0,60,0,0,0,4,2,30,64,64,1,0,1
216,4,60,0,0,2,6,2,33,110,66,0,0,0
217,0,60,0,0,0,12,1,39,77,77,1,0,16
218,0,60,0,0,0,12,4,38,84,84,0,0,0
219,0,60,0,0,0,4,2,30,64,64,1,0,7
219,4,60,0,0,2,6,2,33,110,70,0,0,0
220,0,60,0,0,0,3,1,29,64,64,1,0,4
220,4,60,0,0,2,4,1,32,110,66,0,0,0
221,0,60,0,0,0,6,2,40,77,77,1,0,1
222,0,60,0,0,0,9,2,36,84,84,0,0,0
223,0,60,0,0,0,3,1,29,64,64,1,0,4
223,4,60,0,0,2,4,1,32,110,70,0,0,0
224,0,60,0,0,0,0,0,31,51,51,1,0,7
224,2,60,0,0,2,0,0,34,98,58,0,0,0
225,0,60,0,0,0,1,0,32,64,64,1,0,4
225,2,60,0,0,2,1,0,35,110,70,0,0,0
226,0,60,0,0,0,0,0,31,64,64,0,0,0
226,2,60,0,0,2,0,0,34,98,58,1,0,3
227,0,60,0,0,0,0,0,31,51,51,0,0,0
227,2,60,0,0,2,0,0,34,98,58,1,0,6
228,0,60,0,0,0,1,0,31,51,51,0,0,0
228,2,60,0,0,2,2,0,34,98,58,1,0,3
229,0,60,0,0,0,1,0,32,64,64,0,0,0
229,2,60,0,0,2,2,0,35,110,70,1,0,10
230,0,60,0,0,0,1,0,31,64,64,0,0,0
230,2,60,0,0,2,2,0,34,98,58,1,0,10
231,0,60,0,0,0,1,0,31,51,51,0,0,0
231,2,60,0,0,2,2,0,34,98,58,1,0,10
232,0,60,0,0,0,1,1,19,51,51,0,0,0
232,2,60,0,0,6,1,3,25,98,58,1,0,3
232,4,60,0,0,3,3,1,23,98,54,0,0,0
232,6,60,0,0,9,3,3,29,141,57,1,0,12
233,0,60,0,0,0,9,0,28,64,64,0,0,0
233,2,60,0,0,2,6,0,31,110,70,0,0,0
234,0,60,0,0,0,4,2,22,64,64,1,0,1
234,2,60,0,0,6,1,3,25,98,58,0,0,0
234,4,60,0,0,9,9,3,29,132,65,1,0,5
234,6,60,0,0,9,3,3,29,141,65,0,0,0
235,0,60,0,0,0,1,1,19,51,51,1,0,7
235,2,60,0,0,6,1,3,25,98,58,0,0,0
235,4,60,0,0,3,3,1,23,98,58,1,0,6
235,6,60,0,0,9,3,3,29,141,61,0,0,0
236,0,60,0,0,0,0,0,18,51,51,1,0,1
236,2,60,0,0,3,0,0,22,98,58,0,0,0
236,4,60,0,0,3,0,0,22,98,54,1,0,3
236,6,60,0,0,6,0,0,26,141,57,0,0,0
237,0,60,0,0,0,3,1,29,64,64,1,0,7
237,2,60,0,0,2,4,1,32,110,70,0,0,0
238,0,60,0,0,0,2,1,21,64,64,1,0,4
238,2,60,0,0,3,0,1,23,98,58,0,0,0
238,4,60,0,3,9,4,3,29,132,65,1,0,7
238,6,60,0,3,9,0,3,29,141,65,0,0,0
239,0,60,0,0,0,0,0,18,51,51,0,0,0
239,2,60,0,0,3,0,0,22,98,58,1,0,9
239,4,60,0,0,3,0,0,22,98,58,0,0,0
239,6,60,0,0,6,0,0,26,141,61,1,0,5
240,0,60,0,0,0,2,1,41,64,64,0,0,0
241,0,60,0,0,0,3,0,42,84,84,1,0,7
242,0,60,0,0,0,3,2,42,77,77,0,0,0
243,0,60,0,0,0,2,1,41,64,64,1,0,1
244,0,60,0,0,0,9,0,40,64,64,0,0,0
245,0,60,0,0,0,10,0,42,84,84,1,0,7
246,0,60,0,0,0,9,0,40,77,77,0,0,0
247,0,60,0,0,0,9,0,40,64,64,1,0,7
248,0,60,0,0,0,2,8,28,64,64,0,0,0
248,4,60,0,0,2,4,9,31,98,54,1,0,6
249,0,60,0,0,0,12,5,39,84,84,0,0,0
250,0,60,0,0,0,8,12,34,77,77,1,0,1
251,0,60,0,0,0,2,8,28,64,64,0,0,0
251,4,60,0,0,2,4,9,31,98,58,1,0,13
252,0,60,0,0,0,2,1,21,64,64,0,0,0
252,2,60,0,3,9,4,3,29,132,61,0,0,0
252,4,60,0,0,3,0,1,23,98,54,1,0,9
252,6,60,0,3,9,0,3,29,141,61,0,0,0
253,0,60,0,0,0,9,2,36,84,84,1,0,16
254,0,60,0,0,0,6,4,26,77,77,0,0,0
254,2,60,0,6,12,6,6,32,132,69,1,0,6
254,4,60,0,6,12,6,6,32,132,69,0,0,0
254,6,60,0,6,12,0,6,32,141,69,1,0,13
255,0,60,0,0,0,2,1,21,64,64,0,0,0
255,2,60,0,3,9,4,3,29,132,65,1,0,10
255,4,60,0,0,3,0,1,23,98,58,0,0,0
255,6,60,0,3,9,0,3,29,141,65,1,0,9
256,0,60,0,0,0,0,0,42,51,51,0,0,0
257,0,60,0,0,0,1,0,43,64,64,1,0,1
258,0,60,0,0,0,1,0,43,64,64,0,0,0
259,0,60,0,0,0,0,0,42,51,51,1,0,7
260,0,60,0,0,0,0,0,42,51,51,0,0,0
261,0,60,0,0,0,0,0,43,64,64,0,0,0
262,0,60,0,0,0,0,0,43,64,64,1,0,4
263,0,60,0,0,0,0,0,42,51,51,0,0,0
264,0,60,0,0,0,2,0,31,51,51,1,0,4
264,4,60,0,0,2,4,0,34,98,54,0,0,0
265,0,60,0,0,0,10,0,40,64,64,1,0,1
266,0,60,0,0,0,10,0,40,64,64,0,0,0
267,0,60,0,0,0,2,0,31,51,51,1,0,7
267,4,60,0,0,2,4,0,34,98,58,0,0,0
268,0,60,0,0,0,0,0,31,51,51,1,0,7
268,4,60,0,0,2,0,0,34,98,54,0,0,0
269,0,60,0,0,0,2,1,41,64,64,1,0,4
270,0,60,0,0,0,2,1,41,64,64,0,0,0
271,0,60,0,0,0,0,0,31,51,51,1,0,1
271,4,60,0,0,2,0,0,34,98,58,0,0,0
272,0,60,0,0,0,1,0,43,64,64,1,0,7
273,0,60,0,0,0,2,0,44,77,77,0,0,0
274,0,60,0,0,0,2,0,44,84,84,1,0,7
275,0,60,0,0,0,1,0,43,64,64,0,0,0
276,0,60,0,0,0,1,0,43,64,64,0,0,0
277,0,60,0,0,0,1,0,44,77,77,1,0,4
278,0,60,0,0,0,1,0,44,84,84,0,0,0
279,0,60,0,0,0,1,0,43,64,64,1,0,1
280,0,60,0,0,0,3,0,32,64,64,0,0,0
280,4,60,0,0,2,5,0,35,110,66,1,0,3
281,0,60,0,0,0,11,0,41,77,77,0,0,0
282,0,60,0,0,0,12,0,42,84,84,1,0,7
283,0,60,0,0,0,3,0,32,64,64,0,0,0
283,4,60,0,0,2,5,0,35,110,70,1,0,6
284,0,60,0,0,0,1,0,32,64,64,0,0,0
284,4,60,0,0,2,1,0,35,110,66,1,0,4
285,0,60,0,0,0,3,1,42,77,77,0,0,0
286,0,60,0,0,0,3,0,42,84,84,1,0,13
287,0,60,0,0,0,1,0,32,64,64,0,0,0
287,4,60,0,0,2,1,0,35,110,70,1,0,13
288,0,60,0,0,0,0,0,42,51,51,0,0,0
289,0,60,0,0,0,1,0,43,64,64,0,0,0
290,0,60,0,0,0,1,0,43,64,64,1,0,7
291,0,60,0,0,0,0,0,42,51,51,0,0,0
292,0,60,0,0,0,0,0,42,51,51,1,0,1
293,0,60,0,0,0,0,0,43,64,64,0,0,0
294,0,60,0,0,0,0,0,43,64,64,1,0,7
295,0,60,0,0,0,0,0,42,51,51,0,0,0
296,0,60,0,0,0,2,0,31,51,51,1,0,7
296,4,60,0,0,2,4,0,34,98,54,0,0,0
297,0,60,0,0,0,10,0,40,64,64,1,0,4
298,0,60,0,0,0,10,0,40,64,64,0,0,0
299,0,60,0,0,0,2,0,31,51,51,1,0,1
299,4,60,0,0,2,4,0,34,98,58,0,0,0
300,0,60,0,0,0,0,0,31,51,51,1,0,4
300,4,60,0,0,2,0,0,34,98,54,0,0,0
301,0,60,0,0,0,2,1,41,64,64,1,0,4
302,0,60,0,0,0,2,1,41,64,64,0,0,0
303,0,60,0,0,0,0,0,31,51,51,1,0,4
303,4,60,0,0,2,0,0,34,98,58,0,0,0
304,0,60,0,0,0,1,0,43,64,64,0,0,0
305,0,60,0,0,0,2,0,44,84,84,1,0,1
306,0,60,0,0,0,2,0,44,77,77,0,0,0
307,0,60,0,0,0,1,0,43,64,64,1,0,4
308,0,60,0,0,0,1,0,43,64,64,0,0,0
309,0,60,0,0,0,1,0,44,84,84,1,0,10
310,0,60,0,0,0,1,0,44,77,77,0,0,0
311,0,60,0,0,0,1,0,43,64,64,1,0,4
312,0,60,0,0,0,2,0,31,64,64,0,0,0
312,4,60,0,0,2,4,0,34,98,54,1,0,3
313,0,60,0,0,0,11,0,41,84,84,0,0,0
314,0,60,0,0,0,10,0,40,77,77,1,0,10
315,0,60,0,0,0,2,0,31,64,64,0,0,0
315,4,60,0,0,2,4,0,34,98,58,1,0,10
316,0,60,0,0,0,0,0,31,64,64,0,0,0
316,4,60,0,0,2,0,0,34,98,54,1,0,13
317,0,60,0,0,0,3,1,42,84,84,0,0,0
318,0,60,0,0,0,3,2,42,77,77,0,0,0
319,0,60,0,0,0,0,0,31,64,64,1,0,1
319,4,60,0,0,2,0,0,34,98,58,0,0,0
320,0,60,0,0,0,0,0,42,51,51,1,0,4
321,0,60,0,0,0,1,0,43,64,64,0,0,0
322,0,60,0,0,0,1,0,43,64,64,1,0,4
323,0,60,0,0,0,0,0,42,51,51,0,0,0
324,0,60,0,0,0,0,0,42,51,51,1,0,4
325,0,60,0,0,0,0,0,43,64,64,0,0,0
326,0,60,0,0,0,1,0,43,64,64,1,0,1
327,0,60,0,0,0,0,0,42,51,51,0,0,0
328,0,60,0,0,0,2,0,31,51,51,1,0,5
328,4,60,0,0,2,4,0,34,98,54,0,0,0
329,0,60,0,0,0,10,0,40,64,64,1,0,4
330,0,60,0,0,0,11,0,40,64,64,0,0,0
331,0,60,0,0,0,2,0,31,51,51,1,0,4
331,4,60,0,0,2,4,0,34,98,58,0,0,0
332,0,60,0,0,0,1,0,31,51,51,1,0,1
332,4,60,0,0,2,2,0,34,98,54,0,0,0
333,0,60,0,0,0,3,1,41,64,64,0,0,0
334,0,60,0,0,0,9,0,40,64,64,1,0,10
335,0,60,0,0,0,1,0,31,51,51,0,0,0
335,4,60,0,0,2,2,0,34,98,58,1,0,6
336,0,60,0,0,0,0,0,43,64,64,0,0,0
337,0,60,0,0,0,1,0,44,77,77,1,0,7
338,0,60,0,0,0,1,0,44,84,84,0,0,0
339,0,60,0,0,0,0,0,43,64,64,1,0,1
340,0,60,0,0,0,0,0,43,64,64,0,0,0
341,0,60,0,0,0,0,0,44,77,77,1,0,7
342,0,60,0,0,0,1,0,44,84,84,0,0,0
343,0,60,0,0,0,0,0,43,64,64,1,0,7
344,0,60,0,0,0,2,0,32,64,64,0,0,0
344,4,60,0,0,2,4,0,35,110,66,1,0,6
345,0,60,0,0,0,10,0,41,77,77,0,0,0
346,0,60,0,0,0,12,0,42,84,84,1,0,1
347,0,60,0,0,0,2,0,32,64,64,0,0,0
347,4,60,0,0,2,4,0,35,110,70,1,0,13
348,0,60,0,0,0,1,0,32,64,64,0,0,0
348,4,60,0,0,2,2,0,35,110,66,0,0,0
349,0,60,0,0,0,3,1,42,77,77,1,0,7
350,0,60,0,0,0,10,0,42,84,84,0,0,0
351,0,60,0,0,0,1,0,32,64,64,1,0,7
351,4,60,0,0,2,2,0,35,110,70,0,0,0
352,0,60,0,0,0,0,0,42,51,51,1,0,1
353,0,60,0,0,0,1,0,43,64,64,0,0,0
354,0,60,0,0,0,1,0,43,64,64,1,0,7
355,0,60,0,0,0,0,0,42,51,51,0,0,0
356,0,60,0,0,0,0,0,42,51,51,1,0,7
357,0,60,0,0,0,0,0,43,64,64,0,0,0
358,0,60,0,0,0,1,0,43,64,64,1,0,4
359,0,60,0,0,0,0,0,42,51,51,0,0,0
360,0,60,0,0,0,2,0,31,51,51,1,0,1
360,4,60,0,0,2,4,0,34,98,54,0,0,0
361,0,60,0,0,0,10,0,40,64,64,1,0,10
362,0,60,0,0,0,11,0,40,64,64,0,0,0
363,0,60,0,0,0,2,0,31,51,51,0,0,0
363,4,60,0,0,2,4,0,34,98,58,1,0,6
364,0,60,0,0,0,1,0,31,51,51,0,0,0
364,4,60,0,0,2,2,0,34,98,54,1,0,6
365,0,60,0,0,0,3,1,41,64,64,0,0,0
366,0,60,0,0,0,9,0,40,64,64,1,0,1
367,0,60,0,0,0,1,0,31,51,51,0,0,0
367,4,60,0,0,2,2,0,34,98,58,1,0,3
368,0,60,0,0,0,0,0,43,64,64,0,0,0
369,0,60,0,0,0,1,0,44,84,84,1,0,4
370,0,60,0,0,0,1,0,44,77,77,0,0,0
371,0,60,0,0,0,0,0,43,64,64,1,0,4
372,0,60,0,0,0,1,0,43,64,64,0,0,0
373,0,60,0,0,0,1,0,44,84,84,1,0,1
374,0,60,0,0,0,2,0,44,77,77,0,0,0
375,0,60,0,0,0,1,0,43,64,64,1,0,4
376,0,60,0,0,0,2,1,32,64,64,0,0,0
376,4,60,0,0,2,4,1,35,98,54,1,0,10
377,0,60,0,0,0,10,0,41,84,84,0,0,0
378,0,60,0,0,0,12,2,42,77,77,0,0,0
379,0,60,0,0,0,2,1,32,64,64,1,0,4
379,4,60,0,0,2,4,1,35,98,58,0,0,0
380,0,60,0,0,0,1,0,31,64,64,1,0,1
380,4,60,0,0,2,2,0,34,98,54,0,0,0
381,0,60,0,0,0,4,1,42,84,84,1,0,10
382,0,60,0,0,0,9,0,40,77,77,0,0,0
383,0,60,0,0,0,1,0,31,64,64,1,0,10
383,4,60,0,0,2,2,0,34,98,58,0,0,0
384,0,60,0,0,0,2,0,31,51,51,1,0,4
384,2,60,0,0,2,4,0,34,98,54,0,0,0
385,0,60,0,0,0,3,0,32,64,64,1,0,1
385,2,60,0,0,2,5,0,35,110,66,0,0,0
386,0,60,0,0,0,2,0,31,64,64,1,0,8
386,2,60,0,0,2,4,0,34,98,54,0,0,0
387,0,60,0,0,0,2,0,31,51,51,1,0,5
387,2,60,0,0,2,4,0,34,98,54,0,0,0
388,0,60,0,0,0,2,0,31,51,51,0,0,0
388,2,60,0,0,2,4,0,34,98,54,1,0,9
389,0,60,0,0,0,2,0,32,64,64,0,0,0
389,2,60,0,0,2,4,0,35,110,66,1,0,3
390,0,60,0,0,0,2,1,32,64,64,0,0,0
390,2,60,0,0,2,4,1,35,98,54,1,0,6
391,0,60,0,0,0,2,0,31,51,51,0,0,0
391,2,60,0,0,2,4,0,34,98,54,1,0,4
392,0,60,0,0,0,2,0,18,51,51,0,0,0
392,2,60,0,0,3,4,0,22,98,54,1,0,10
392,4,60,0,0,3,4,0,22,98,54,0,0,0
392,6,60,0,0,6,6,0,26,141,53,1,0,9
393,0,60,0,0,0,11,0,28,64,64,0,0,0
393,2,60,0,0,2,12,0,31,110,66,1,0,9
394,0,60,0,0,0,4,1,21,64,64,0,0,0
394,2,60,0,0,3,4,1,23,98,54,1,0,3
394,4,60,0,0,9,8,3,29,132,61,0,0,0
394,6,60,0,0,9,6,3,29,141,61,1,0,12
395,0,60,0,0,0,2,0,18,51,51,0,0,0
395,2,60,0,0,3,4,0,22,98,54,0,0,0
395,4,60,0,0,3,4,0,22,98,58,1,0,3
395,6,60,0,0,6,6,0,26,141,57,0,0,0
396,0,60,0,0,0,1,1,19,51,51,1,0,5
396,2,60,0,0,3,3,1,23,98,54,0,0,0
396,4,60,0,0,6,1,3,25,98,54,1,0,7
396,6,60,0,0,9,3,3,29,141,53,0,0,0
397,0,60,0,0,0,4,2,30,64,64,1,0,4
397,2,60,0,0,2,6,2,33,110,66,0,0,0
398,0,60,0,0,0,2,8,28,64,64,1,0,1
398,2,60,0,0,2,4,9,31,98,54,0,0,0
399,0,60,0,0,0,1,1,19,51,51,1,0,7
399,2,60,0,0,3,3,1,23,98,54,0,0,0
399,4,60,0,0,6,1,3,25,98,58,1,0,11
399,6,60,0,0,9,3,3,29,141,57,0,0,0
400,0,60,0,0,0,10,0,40,64,64,1,0,4
401,0,60,0,0,0,11,0,41,77,77,0,0,0
402,0,60,0,0,0,11,0,41,84,84,0,0,0
403,0,60,0,0,0,10,0,40,64,64,1,0,1
404,0,60,0,0,0,10,0,40,64,64,0,0,0
405,0,60,0,0,0,10,0,41,77,77,1,0,7
406,0,60,0,0,0,10,0,41,84,84,0,0,0
407,0,60,0,0,0,10,0,40,64,64,1,0,10
408,0,60,0,0,0,11,0,28,64,64,0,0,0
408,4,60,0,0,2,12,0,31,110,66,1,0,6
409,0,60,0,0,0,20,0,38,77,77,0,0,0
410,0,60,0,0,0,16,0,34,84,84,1,0,1
411,0,60,0,0,0,11,0,28,64,64,0,0,0
411,4,60,0,0,2,12,0,31,110,70,1,0,3
412,0,60,0,0,0,9,0,28,64,64,0,0,0
412,4,60,0,0,2,6,0,31,110,66,1,0,13
413,0,60,0,0,0,12,1,39,77,77,0,0,0
414,0,60,0,0,0,12,5,39,84,84,1,0,4
415,0,60,0,0,0,9,0,28,64,64,0,0,0
415,4,60,0,0,2,6,0,31,110,70,1,0,16
416,0,60,0,0,0,2,0,31,51,51,0,0,0
416,2,60,0,0,2,4,0,34,98,58,0,0,0
417,0,60,0,0,0,3,0,32,64,64,1,0,10
417,2,60,0,0,2,5,0,35,110,70,0,0,0
418,0,60,0,0,0,2,0,31,64,64,1,0,7
418,2,60,0,0,2,4,0,34,98,58,0,0,0
419,0,60,0,0,0,2,0,31,51,51,1,0,7
419,2,60,0,0,2,4,0,34,98,58,0,0,0
420,0,60,0,0,0,2,0,31,51,51,1,0,1
420,2,60,0,0,2,4,0,34,98,58,0,0,0
421,0,60,0,0,0,2,0,32,64,64,1,0,7
421,2,60,0,0,2,4,0,35,110,70,0,0,0
422,0,60,0,0,0,2,1,32,64,64,1,0,10
422,2,60,0,0,2,4,1,35,98,58,0,0,0
423,0,60,0,0,0,2,0,31,51,51,1,0,4
423,2,60,0,0,2,4,0,34,98,58,0,0,0
424,0,60,0,0,0,2,0,18,51,51,1,0,1
424,2,60,0,0,3,4,0,22,98,58,0,0,0
424,4,60,0,0,3,4,0,22,98,54,1,0,7
424,6,60,0,0,6,6,0,26,141,57,0,0,0
425,0,60,0,0,0,11,0,28,64,64,0,0,0
425,2,60,0,0,2,12,0,31,110,70,1,0,3
426,0,60,0,0,0,4,1,21,64,64,0,0,0
426,2,60,0,0,3,4,1,23,98,58,1,0,6
426,4,60,0,0,9,8,3,29,132,65,0,0,0
426,6,60,0,0,9,6,3,29,141,65,1,0,6
427,0,60,0,0,0,2,0,18,51,51,0,0,0
427,2,60,0,0,3,4,0,22,98,58,1,0,13
427,4,60,0,0,3,4,0,22,98,58,0,0,0
427,6,60,0,0,6,6,0,26,141,61,1,0,12
428,0,60,0,0,0,1,1,19,51,51,0,0,0
428,2,60,0,0,3,3,1,23,98,58,1,0,6
428,4,60,0,0,6,1,3,25,98,54,0,0,0
428,6,60,0,0,9,3,3,29,141,57,1,0,12
429,0,60,0,0,0,4,2,30,64,64,0,0,0
429,2,60,0,0,2,6,2,33,110,70,1,0,9
430,0,60,0,0,0,2,8,28,64,64,0,0,0
430,2,60,0,0,2,4,9,31,98,58,0,0,0
431,0,60,0,0,0,1,1,19,51,51,1,0,7
431,2,60,0,0,3,3,1,23,98,58,0,0,0
431,4,60,0,0,6,1,3,25,98,58,1,0,6
431,6,60,0,0,9,3,3,29,141,61,0,0,0
432,0,60,0,0,0,10,0,40,64,64,1,0,1
433,0,60,0,0,0,12,0,42,84,84,0,0,0
434,0,60,0,0,0,10,0,40,77,77,1,0,7
435,0,60,0,0,0,10,0,40,64,64,0,0,0
436,0,60,0,0,0,11,0,40,64,64,1,0,5
437,0,60,0,0,0,12,0,42,84,84,0,0,0
438,0,60,0,0,0,12,2,42,77,77,1,0,4
439,0,60,0,0,0,11,0,40,64,64,0,0,0
440,0,60,0,0,0,4,1,21,64,64,1,0,1
440,2,60,0,0,9,8,3,29,132,61,0,0,0
440,4,60,0,0,3,4,1,23,98,54,1,0,10
440,6,60,0,0,9,6,3,29,141,61,0,0,0
441,0,60,0,0,0,16,0,34,84,84,1,0,13
442,0,60,0,0,0,8,4,26,77,77,0,0,0
442,2,60,0,0,12,10,6,32,132,69,0,0,0
442,4,60,0,0,12,10,6,32,132,69,1,0,8
442,6,60,0,0,12,6,6,32,141,69,0,0,0
443,0,60,0,0,0,4,1,21,64,64,1,0,1
443,2,60,0,0,9,8,3,29,132,65,0,0,0
443,4,60,0,0,3,4,1,23,98,58,1,0,3
443,6,60,0,0,9,6,3,29,141,65,0,0,0
444,0,60,0,0,0,4,2,22,64,64,1,0,11
444,2,60,0,0,9,9,3,29,132,61,0,0,0
444,4,60,0,0,6,1,3,25,98,54,1,0,6
444,6,60,0,0,9,3,3,29,141,61,0,0,0
445,0,60,0,0,0,12,4,38,84,84,1,0,1
446,0,60,0,0,0,8,12,34,77,77,0,0,0
447,0,60,0,0,0,4,2,22,64,64,1,0,7
447,2,60,0,0,9,9,3,29,132,65,0,0,0
447,4,60,0,0,6,1,3,25,98,58,1,0,16
447,6,60,0,0,9,3,3,29,141,65,0,0,0
448,0,60,0,0,0,0,0,31,51,51,0,0,0
448,2,60,0,0,2,0,0,34,98,54,1,0,9
449,0,60,0,0,0,1,0,32,64,64,0,0,0
449,2,60,0,0,2,1,0,35,110,66,1,0,3
450,0,60,0,0,0,0,0,31,64,64,0,0,0
450,2,60,0,0,2,0,0,34,98,54,1,0,6
451,0,60,0,0,0,0,0,31,51,51,0,0,0
451,2,60,0,0,2,0,0,34,98,54,1,0,4
452,0,60,0,0,0,1,0,31,51,51,0,0,0
452,2,60,0,0,2,2,0,34,98,54,1,0,10
453,0,60,0,0,0,1,0,32,64,64,0,0,0
453,2,60,0,0,2,2,0,35,110,66,1,0,13
454,0,60,0,0,0,1,0,31,64,64,0,0,0
454,2,60,0,0,2,2,0,34,98,54,1,0,9
455,0,60,0,0,0,1,0,31,51,51,0,0,0
455,2,60,0,0,2,2,0,34,98,54,1,0,3
456,0,60,0,0,0,1,1,19,51,51,0,0,0
456,2,60,0,0,6,1,3,25,98,54,1,0,6
456,4,60,0,0,3,3,1,23,98,54,0,0,0
456,6,60,0,0,9,3,3,29,141,53,0,0,0
457,0,60,0,0,0,9,0,28,64,64,1,0,1
457,2,60,0,0,2,6,0,31,110,66,0,0,0
458,0,60,0,0,0,4,2,22,64,64,1,0,11
458,2,60,0,0,6,1,3,25,98,54,0,0,0
458,4,60,0,0,9,9,3,29,132,61,1,0,5
458,6,60,0,0,9,3,3,29,141,61,0,0,0
459,0,60,0,0,0,1,1,19,51,51,1,0,4
459,2,60,0,0,6,1,3,25,98,54,0,0,0
459,4,60,0,0,3,3,1,23,98,58,1,0,3
459,6,60,0,0,9,3,3,29,141,57,0,0,0
460,0,60,0,0,0,0,0,18,51,51,1,0,5
460,2,60,0,0,3,0,0,22,98,54,0,0,0
460,4,60,0,0,3,0,0,22,98,54,1,0,7
460,6,60,0,0,6,0,0,26,141,53,0,0,0
461,0,60,0,0,0,3,1,29,64,64,1,0,4
461,2,60,0,0,2,4,1,32,110,66,0,0,0
462,0,60,0,0,0,2,1,21,64,64,0,0,0
462,2,60,0,0,3,0,1,23,98,54,1,0,3
462,4,60,0,3,9,4,3,29,132,61,0,0,0
462,6,60,0,3,9,0,3,29,141,61,1,0,5
463,0,60,0,0,0,0,0,18,51,51,0,0,0
463,2,60,0,0,3,0,0,22,98,54,1,0,3
463,4,60,0,0,3,0,0,22,98,58,0,0,0
463,6,60,0,0,6,0,0,26,141,57,1,0,9
464,0,60,0,0,0,2,1,41,64,64,0,0,0
465,0,60,0,0,0,3,1,42,77,77,1,0,1
466,0,60,0,0,0,3,1,42,84,84,0,0,0
467,0,60,0,0,0,2,1,41,64,64,1,0,4
468,0,60,0,0,0,3,1,41,64,64,0,0,0
469,0,60,0,0,0,3,1,42,77,77,1,0,10
470,0,60,0,0,0,4,1,42,84,84,0,0,0
471,0,60,0,0,0,3,1,41,64,64,1,0,4
472,0,60,0,0,0,4,2,30,64,64,0,0,0
472,4,60,0,0,2,6,2,33,110,66,1,0,7
473,0,60,0,0,0,12,1,39,77,77,0,0,0
474,0,60,0,0,0,12,4,38,84,84,0,0,0
475,0,60,0,0,0,4,2,30,64,64,1,0,7
475,4,60,0,0,2,6,2,33,110,70,0,0,0
476,0,60,0,0,0,3,1,29,64,64,1,0,10
476,4,60,0,0,2,4,1,32,110,66,0,0,0
477,0,60,0,0,0,6,2,40,77,77,1,0,10
478,0,60,0,0,0,9,2,36,84,84,0,0,0
479,0,60,0,0,0,3,1,29,64,64,1,0,1
479,4,60,0,0,2,4,1,32,110,70,0,0,0
480,0,60,0,0,0,0,0,31,51,51,1,0,4
480,2,60,0,0,2,0,0,34,98,58,0,0,0
481,0,60,0,0,0,1,0,32,64,64,1,0,13
481,2,60,0,0,2,1,0,35,110,70,0,0,0
482,0,60,0,0,0,0,0,31,64,64,1,0,4
482,2,60,0,0,2,0,0,34,98,58,0,0,0
483,0,60,0,0,0,0,0,31,51,51,1,0,1
483,2,60,0,0,2,0,0,34,98,58,0,0,0
484,0,60,0,0,0,1,0,31,51,51,1,0,4
484,2,60,0,0,2,2,0,34,98,58,0,0,0
485,0,60,0,0,0,1,0,32,64,64,0,0,0
485,2,60,0,0,2,2,0,35,110,70,1,0,3
486,0,60,0,0,0,1,0,31,64,64,0,0,0
486,2,60,0,0,2,2,0,34,98,58,1,0,6
487,0,60,0,0,0,1,0,31,51,51,0,0,0
487,2,60,0,0,2,2,0,34,98,58,1,0,4
488,0,60,0,0,0,1,1,19,51,51,0,0,0
488,2,60,0,0,6,1,3,25,98,58,1,0,11
488,4,60,0,0,3,3,1,23,98,54,0,0,0
488,6,60,0,0,9,3,3,29,141,57,1,0,12
489,0,60,0,0,0,9,0,28,64,64,0,0,0
489,2,60,0,0,2,6,0,31,110,70,1,0,6
490,0,60,0,0,0,4,2,22,64,64,0,0,0
490,2,60,0,0,6,1,3,25,98,58,1,0,3
490,4,60,0,0,9,9,3,29,132,65,0,0,0
490,6,60,0,0,9,3,3,29,141,65,1,0,12
491,0,60,0,0,0,1,1,19,51,51,0,0,0
491,2,60,0,0,6,1,3,25,98,58,0,0,0
491,4,60,0,0,3,3,1,23,98,58,1,0,9
491,6,60,0,0,9,3,3,29,141,61,0,0,0
492,0,60,0,0,0,0,0,18,51,51,1,0,4
492,2,60,0,0,3,0,0,22,98,58,0,0,0
492,4,60,0,0,3,0,0,22,98,54,1,0,3
492,6,60,0,0,6,0,0,26,141,57,0,0,0
493,0,60,0,0,0,3,1,29,64,64,1,0,10
493,2,60,0,0,2,4,1,32,110,70,0,0,0
494,0,60,0,0,0,2,1,21,64,64,1,0,5
494,2,60,0,0,3,0,1,23,98,58,0,0,0
494,4,60,0,3,9,4,3,29,132,65,1,0,12
494,6,60,0,3,9,0,3,29,141,65,0,0,0
495,0,60,0,0,0,0,0,18,51,51,1,0,1
495,2,60,0,0,3,0,0,22,98,58,0,0,0
495,4,60,0,0,3,0,0,22,98,58,1,0,5
495,6,60,0,0,6,0,0,26,141,61,0,0,0
496,0,60,0,0,0,2,1,41,64,64,1,0,10
497,0,60,0,0,0,3,0,42,84,84,0,0,0
498,0,60,0,0,0,3,2,42,77,77,0,0,0
499,0,60,0,0,0,2,1,41,64,64,1,0,4
500,0,60,0,0,0,9,0,40,64,64,0,0,0
501,0,60,0,0,0,10,0,42,84,84,1,0,1
502,0,60,0,0,0,9,0,40,77,77,0,0,0
503,0,60,0,0,0,9,0,40,64,64,1,0,4
504,0,60,0,0,0,2,8,28,64,64,0,0,0
504,4,60,0,0,2,4,9,31,98,54,1,0,9
505,0,60,0,0,0,12,5,39,84,84,0,0,0
506,0,60,0,0,0,8,12,34,77,77,1,0,4
507,0,60,0,0,0,2,8,28,64,64,0,0,0
507,4,60,0,0,2,4,9,31,98,58,1,0,4
508,0,60,0,0,0,2,1,21,64,64,0,0,0
508,2,60,0,3,9,4,3,29,132,61,1,0,9
508,4,60,0,0,3,0,1,23,98,54,0,0,0
508,6,60,0,3,9,0,3,29,141,61,1,0,9
509,0,60,0,0,0,9,2,36,84,84,0,0,0
510,0,60,0,0,0,6,4,26,77,77,0,0,0
510,2,60,0,6,12,6,6,32,132,69,1,0,11
510,4,60,0,6,12,6,6,32,132,69,0,0,0
510,6,60,0,6,12,0,6,32,141,69,1,0,5
511,0,60,0,0,0,2,1,21,64,64,0,0,0
511,2,60,0,3,9,4,3,29,132,65,1,0,5
511,4,60,0,0,3,0,1,23,98,58,0,0,0
511,6,60,0,3,9,0,3,29,141,65,1,0,6
512,0,60,0,0,0,1,0,43,64,64,0,0,0
513,0,60,0,0,0,2,0,44,84,84,1,0,7
514,0,60,0,0,0,2,0,44,77,77,0,0,0
515,0,60,0,0,0,1,0,43,64,64,1,0,1
516,0,60,0,0,0,1,0,43,64,64,0,0,0
517,0,60,0,0,0,1,0,44,84,84,1,0,13
518,0,60,0,0,0,1,0,44,77,77,0,0,0
519,0,60,0,0,0,1,0,43,64,64,1,0,4
520,0,60,0,0,0,3,0,32,64,64,0,0,0
520,4,60,0,0,2,5,0,35,110,66,1,0,13
521,0,60,0,0,0,12,0,42,84,84,0,0,0
522,0,60,0,0,0,11,0,41,77,77,0,0,0
523,0,60,0,0,0,3,0,32,64,64,1,0,1
523,4,60,0,0,2,5,0,35,110,70,0,0,0
524,0,60,0,0,0,1,0,32,64,64,1,0,5
524,4,60,0,0,2,1,0,35,110,66,0,0,0
525,0,60,0,0,0,3,0,42,84,84,1,0,4
526,0,60,0,0,0,3,1,42,77,77,0,0,0
527,0,60,0,0,0,1,0,32,64,64,1,0,7
527,4,60,0,0,2,1,0,35,110,70,0,0,0
528,0,60,0,0,0,2,0,44,77,77,1,0,1
529,0,60,0,0,0,3,0,45,97,97,0,0,0
530,0,60,0,0,0,3,0,45,97,97,1,0,7
531,0,60,0,0,0,2,0,44,77,77,0,0,0
532,0,60,0,0,0,2,0,44,77,77,1,0,7
533,0,60,0,0,0,2,0,45,97,97,0,0,0
534,0,60,0,0,0,2,0,45,97,97,1,0,7
535,0,60,0,0,0,2,0,44,77,77,0,0,0
536,0,60,0,0,0,4,0,33,77,77,0,0,0
536,4,60,0,0,2,6,0,36,122,78,1,0,3
537,0,60,0,0,0,13,0,43,97,97,0,0,0
538,0,60,0,0,0,13,0,43,97,97,1,0,13
539,0,60,0,0,0,4,0,33,77,77,0,0,0
539,4,60,0,0,2,6,0,36,122,82,1,0,9
540,0,60,0,0,0,2,0,33,77,77,0,0,0
540,4,60,0,0,2,2,0,36,122,78,1,0,12
541,0,60,0,0,0,4,0,43,97,97,0,0,0
542,0,60,0,0,0,4,0,43,97,97,1,0,1
543,0,60,0,0,0,2,0,33,77,77,0,0,0
543,4,60,0,0,2,2,0,36,122,82,1,0,3
544,0,60,0,0,0,1,0,43,64,64,0,0,0
545,0,60,0,0,0,2,0,44,84,84,1,0,4
546,0,60,0,0,0,2,0,44,77,77,0,0,0
547,0,60,0,0,0,1,0,43,64,64,1,0,7
548,0,60,0,0,0,1,0,43,64,64,0,0,0
549,0,60,0,0,0,1,0,44,84,84,1,0,1
550,0,60,0,0,0,1,0,44,77,77,0,0,0
551,0,60,0,0,0,1,0,43,64,64,0,0,0
552,0,60,0,0,0,3,0,32,64,64,1,0,5
552,4,60,0,0,2,5,0,35,110,66,0,0,0
553,0,60,0,0,0,12,0,42,84,84,1,0,4
554,0,60,0,0,0,11,0,41,77,77,0,0,0
555,0,60,0,0,0,3,0,32,64,64,1,0,10
555,4,60,0,0,2,5,0,35,110,70,0,0,0
556,0,60,0,0,0,1,0,32,64,64,1,0,1
556,4,60,0,0,2,1,0,35,110,66,0,0,0
557,0,60,0,0,0,3,0,42,84,84,1,0,13
558,0,60,0,0,0,3,1,42,77,77,0,0,0
559,0,60,0,0,0,1,0,32,64,64,1,0,10
559,4,60,0,0,2,1,0,35,110,70,0,0,0
560,0,60,0,0,0,2,0,44,84,84,1,0,10
561,0,60,0,0,0,3,0,45,111,111,0,0,0
562,0,60,0,0,0,3,0,45,97,97,1,0,1
563,0,60,0,0,0,2,0,44,84,84,0,0,0
564,0,60,0,0,0,2,0,44,84,84,1,0,4
565,0,60,0,0,0,2,0,45,111,111,0,0,0
566,0,60,0,0,0,2,0,45,97,97,0,0,0
567,0,60,0,0,0,2,0,44,84,84,1,0,7
568,0,60,0,0,0,3,0,32,84,84,0,0,0
568,4,60,0,0,2,5,0,35,110,66,1,0,6
569,0,60,0,0,0,13,0,43,111,111,0,0,0
570,0,60,0,0,0,11,0,41,97,97,1,0,1
571,0,60,0,0,0,3,0,32,84,84,0,0,0
571,4,60,0,0,2,5,0,35,110,70,1,0,3
572,0,60,0,0,0,1,0,32,84,84,0,0,0
572,4,60,0,0,2,1,0,35,110,66,1,0,9
573,0,60,0,0,0,4,0,43,111,111,0,0,0
574,0,60,0,0,0,4,2,43,97,97,1,0,10
575,0,60,0,0,0,1,0,32,84,84,0,0,0
575,4,60,0,0,2,1,0,35,110,70,1,0,5
576,0,60,0,0,0,1,0,43,64,64,0,0,0
577,0,60,0,0,0,2,0,44,84,84,1,0,7
578,0,60,0,0,0,2,0,44,77,77,0,0,0
579,0,60,0,0,0,1,0,43,64,64,0,0,0
580,0,60,0,0,0,1,0,43,64,64,1,0,4
581,0,60,0,0,0,1,0,44,84,84,0,0,0
582,0,60,0,0,0,2,0,44,77,77,1,0,4
583,0,60,0,0,0,1,0,43,64,64,0,0,0
584,0,60,0,0,0,3,0,32,64,64,1,0,1
584,4,60,0,0,2,5,0,35,110,66,0,0,0
585,0,60,0,0,0,12,0,42,84,84,1,0,14
586,0,60,0,0,0,12,0,41,77,77,0,0,0
587,0,60,0,0,0,3,0,32,64,64,1,0,7
587,4,60,0,0,2,5,0,35,110,70,0,0,0
588,0,60,0,0,0,2,0,32,64,64,1,0,11
588,4,60,0,0,2,3,0,35,110,66,0,0,0
589,0,60,0,0,0,4,0,42,84,84,1,0,1
590,0,60,0,0,0,10,0,41,77,77,0,0,0
591,0,60,0,0,0,2,0,32,64,64,1,0,5
591,4,60,0,0,2,3,0,35,110,70,0,0,0
592,0,60,0,0,0,1,0,44,77,77,1,0,7
593,0,60,0,0,0,2,0,45,97,97,0,0,0
594,0,60,0,0,0,2,0,45,97,97,0,0,0
595,0,60,0,0,0,1,0,44,77,77,1,0,7
596,0,60,0,0,0,1,0,44,77,77,0,0,0
597,0,60,0,0,0,1,0,45,97,97,1,0,1
598,0,60,0,0,0,2,0,45,97,97,0,0,0
599,0,60,0,0,0,1,0,44,77,77,1,0,4
600,0,60,0,0,0,3,0,33,77,77,0,0,0
600,4,60,0,0,2,5,0,36,122,78,1,0,9
601,0,60,0,0,0,12,0,43,97,97,0,0,0
602,0,60,0,0,0,13,0,43,97,97,1,0,7
603,0,60,0,0,0,3,0,33,77,77,0,0,0
603,4,60,0,0,2,5,0,36,122,82,1,0,4
604,0,60,0,0,0,2,0,33,77,77,0,0,0
604,4,60,0,0,2,3,0,36,122,78,1,0,3
605,0,60,0,0,0,4,0,43,97,97,0,0,0
606,0,60,0,0,0,11,0,43,97,97,1,0,7
607,0,60,0,0,0,2,0,33,77,77,0,0,0
607,4,60,0,0,2,3,0,36,122,82,0,0,0
608,0,60,0,0,0,1,0,43,64,64,1,0,10
609,0,60,0,0,0,2,0,44,84,84,0,0,0
610,0,60,0,0,0,2,0,44,77,77,1,0,1
611,0,60,0,0,0,1,0,43,64,64,0,0,0
612,0,60,0,0,0,1,0,43,64,64,1,0,4
613,0,60,0,0,0,1,0,44,84,84,0,0,0
614,0,60,0,0,0,2,0,44,77,77,1,0,7
615,0,60,0,0,0,1,0,43,64,64,0,0,0
616,0,60,0,0,0,3,0,32,64,64,1,0,7
616,4,60,0,0,2,5,0,35,110,66,0,0,0
617,0,60,0,0,0,12,0,42,84,84,1,0,1
618,0,60,0,0,0,12,0,41,77,77,0,0,0
619,0,60,0,0,0,3,0,32,64,64,1,0,4
619,4,60,0,0,2,5,0,35,110,70,0,0,0
620,0,60,0,0,0,2,0,32,64,64,1,0,4
620,4,60,0,0,2,3,0,35,110,66,0,0,0
621,0,60,0,0,0,4,0,42,84,84,1,0,7
622,0,60,0,0,0,10,0,41,77,77,0,0,0
623,0,60,0,0,0,2,0,32,64,64,0,0,0
623,4,60,0,0,2,3,0,35,110,70,1,0,3
624,0,60,0,0,0,1,0,44,84,84,0,0,0
625,0,60,0,0,0,2,0,45,111,111,1,0,7
626,0,60,0,0,0,2,0,45,97,97,0,0,0
627,0,60,0,0,0,1,0,44,84,84,1,0,7
628,0,60,0,0,0,2,0,44,84,84,0,0,0
629,0,60,0,0,0,2,0,45,111,111,1,0,10
630,0,60,0,0,0,3,0,45,97,97,0,0,0
631,0,60,0,0,0,2,0,44,84,84,1,0,1
632,0,60,0,0,0,3,1,33,84,84,0,0,0
632,4,60,0,0,2,5,1,36,110,66,1,0,3
633,0,60,0,0,0,12,0,43,111,111,0,0,0
634,0,60,0,0,0,13,2,43,97,97,1,0,10
635,0,60,0,0,0,3,1,33,84,84,0,0,0
635,4,60,0,0,2,5,1,36,110,70,1,0,13
636,0,60,0,0,0,2,0,32,84,84,0,0,0
636,4,60,0,0,2,3,0,35,110,66,0,0,0
637,0,60,0,0,0,5,0,43,111,111,1,0,1
638,0,60,0,0,0,10,0,41,97,97,0,0,0
639,0,60,0,0,0,2,0,32,84,84,1,0,7
639,4,60,0,0,2,3,0,35,110,70,0,0,0
640,0,60,0,0,0,2,0,31,64,64,1,0,5
640,2,60,0,0,2,4,0,34,98,54,0,0,0
641,0,60,0,0,0,3,0,32,84,84,1,0,7
641,2,60,0,0,2,5,0,35,110,66,0,0,0
642,0,60,0,0,0,2,0,31,77,77,1,0,1
642,2,60,0,0,2,4,0,34,98,54,0,0,0
643,0,60,0,0,0,2,0,31,64,64,1,0,4
643,2,60,0,0,2,4,0,34,98,54,0,0,0
644,0,60,0,0,0,2,0,31,64,64,1,0,5
644,2,60,0,0,2,4,0,34,98,54,0,0,0
645,0,60,0,0,0,2,0,32,84,84,1,0,8
645,2,60,0,0,2,4,0,35,110,66,0,0,0
646,0,60,0,0,0,2,1,32,77,77,1,0,1
646,2,60,0,0,2,4,1,35,98,54,0,0,0
647,0,60,0,0,0,2,0,31,64,64,0,0,0
647,2,60,0,0,2,4,0,34,98,54,1,0,6
648,0,60,0,0,0,2,0,18,64,64,0,0,0
648,2,60,0,0,3,4,0,22,98,54,1,0,3
648,4,60,0,0,3,4,0,22,110,66,0,0,0
648,6,60,0,0,6,6,0,26,141,53,1,0,8
649,0,60,0,0,0,11,0,28,84,84,0,0,0
649,2,60,0,0,2,12,0,31,110,66,1,0,3
650,0,60,0,0,0,4,1,21,77,77,0,0,0
650,2,60,0,0,3,4,1,23,98,54,1,0,16
650,4,60,0,0,9,8,3,29,137,61,0,0,0
650,6,60,0,0,9,6,3,29,141,61,1,0,9
651,0,60,0,0,0,2,0,18,64,64,0,0,0
651,2,60,0,0,3,4,0,22,98,54,1,0,6
651,4,60,0,0,3,4,0,22,110,70,0,0,0
651,6,60,0,0,6,6,0,26,141,57,1,0,12
652,0,60,0,0,0,1,1,19,64,64,0,0,0
652,2,60,0,0,3,3,1,23,98,54,1,0,9
652,4,60,0,0,6,1,3,25,110,66,0,0,0
652,6,60,0,0,9,3,3,29,141,53,0,0,0
653,0,60,0,0,0,4,2,30,84,84,1,0,5
653,2,60,0,0,2,6,2,33,110,66,0,0,0
654,0,60,0,0,0,2,8,28,77,77,1,0,4
654,2,60,0,0,2,4,9,31,98,54,0,0,0
655,0,60,0,0,0,1,1,19,64,64,1,0,1
655,2,60,0,0,3,3,1,23,98,54,0,0,0
655,4,60,0,0,6,1,3,25,110,70,1,0,3
655,6,60,0,0,9,3,3,29,141,57,0,0,0
656,0,60,0,0,0,10,0,40,77,77,1,0,7
657,0,60,0,0,0,11,0,41,97,97,0,0,0
658,0,60,0,0,0,11,0,41,97,97,1,0,10
659,0,60,0,0,0,10,0,40,77,77,0,0,0
660,0,60,0,0,0,10,0,40,77,77,1,0,1
661,0,60,0,0,0,10,0,41,97,97,0,0,0
662,0,60,0,0,0,10,0,41,97,97,1,0,13
663,0,60,0,0,0,10,0,40,77,77,0,0,0
664,0,60,0,0,0,11,0,28,77,77,0,0,0
664,4,60,0,0,2,12,0,31,122,78,1,0,15
665,0,60,0,0,0,20,0,38,97,97,0,0,0
666,0,60,0,0,0,16,0,34,97,97,1,0,4
667,0,60,0,0,0,11,0,28,77,77,0,0,0
667,4,60,0,0,2,12,0,31,122,82,1,0,3
668,0,60,0,0,0,9,0,28,77,77,0,0,0
668,4,60,0,0,2,6,0,31,122,78,1,0,3
669,0,60,0,0,0,12,1,39,97,97,0,0,0
670,0,60,0,0,0,12,5,39,97,97,1,0,5
671,0,60,0,0,0,9,0,28,77,77,0,0,0
671,4,60,0,0,2,6,0,31,122,82,1,0,12
672,0,60,0,0,0,2,0,31,64,64,0,0,0
672,2,60,0,0,2,4,0,34,98,58,1,0,3
673,0,60,0,0,0,3,0,32,84,84,0,0,0
673,2,60,0,0,2,5,0,35,110,70,1,0,6
674,0,60,0,0,0,2,0,31,77,77,0,0,0
674,2,60,0,0,2,4,0,34,98,58,1,0,3
675,0,60,0,0,0,2,0,31,64,64,0,0,0
675,2,60,0,0,2,4,0,34,98,58,0,0,0
676,0,60,0,0,0,2,0,31,64,64,1,0,10
676,2,60,0,0,2,4,0,34,98,58,0,0,0
677,0,60,0,0,0,2,0,32,84,84,1,0,1
677,2,60,0,0,2,4,0,35,110,70,0,0,0
678,0,60,0,0,0,2,1,32,77,77,1,0,10
678,2,60,0,0,2,4,1,35,98,58,0,0,0
679,0,60,0,0,0,2,0,31,64,64,1,0,7
679,2,60,0,0,2,4,0,34,98,58,0,0,0
680,0,60,0,0,0,2,0,18,64,64,1,0,10
680,2,60,0,0,3,4,0,22,98,58,0,0,0
680,4,60,0,0,3,4,0,22,110,66,1,0,4
680,6,60,0,0,6,6,0,26,141,57,0,0,0
681,0,60,0,0,0,11,0,28,84,84,1,0,16
681,2,60,0,0,2,12,0,31,110,70,0,0,0
682,0,60,0,0,0,4,1,21,77,77,1,0,7
682,2,60,0,0,3,4,1,23,98,58,0,0,0
682,4,60,0,0,9,8,3,29,137,65,0,0,0
682,6,60,0,0,9,6,3,29,141,65,1,0,11
683,0,60,0,0,0,2,0,18,64,64,0,0,0
683,2,60,0,0,3,4,0,22,98,58,1,0,3
683,4,60,0,0,3,4,0,22,110,70,0,0,0
683,6,60,0,0,6,6,0,26,141,61,1,0,5
684,0,60,0,0,0,1,1,19,64,64,0,0,0
684,2,60,0,0,3,3,1,23,98,58,1,0,4
684,4,60,0,0,6,1,3,25,110,66,0,0,0
684,6,60,0,0,9,3,3,29,141,57,1,0,10
685,0,60,0,0,0,4,2,30,84,84,0,0,0
685,2,60,0,0,2,6,2,33,110,70,1,0,16
686,0,60,0,0,0,2,8,28,77,77,0,0,0
686,2,60,0,0,2,4,9,31,98,58,1,0,6
687,0,60,0,0,0,1,1,19,64,64,0,0,0
687,2,60,0,0,3,3,1,23,98,58,1,0,3
687,4,60,0,0,6,1,3,25,110,70,0,0,0
687,6,60,0,0,9,3,3,29,141,61,1,0,12
688,0,60,0,0,0,11,0,41,84,84,0,0,0
689,0,60,0,0,0,13,0,43,111,111,0,0,0
690,0,60,0,0,0,11,0,41,97,97,1,0,1
691,0,60,0,0,0,11,0,41,84,84,0,0,0
692,0,60,0,0,0,12,0,41,84,84,1,0,4
693,0,60,0,0,0,13,0,43,111,111,0,0,0
694,0,60,0,0,0,13,2,43,97,97,1,0,10
695,0,60,0,0,0,12,0,41,84,84,0,0,0
696,0,60,0,0,0,4,1,21,84,84,1,0,14
696,2,60,0,0,9,8,3,29,132,61,0,0,0
696,4,60,0,0,3,4,1,23,110,66,1,0,3
696,6,60,0,0,9,6,3,29,141,61,0,0,0
697,0,60,0,0,0,16,0,34,111,111,1,0,16
698,0,60,0,0,0,8,4,26,97,97,0,0,0
698,2,60,0,0,12,10,6,32,132,69,1,0,13
698,4,60,0,0,12,10,6,32,137,69,0,0,0
698,6,60,0,0,12,6,6,32,141,69,1,0,12
699,0,60,0,0,0,4,1,21,84,84,0,0,0
699,2,60,0,0,9,8,3,29,132,65,0,0,0
699,4,60,0,0,3,4,1,23,110,70,1,0,3
699,6,60,0,0,9,6,3,29,141,65,0,0,0
700,0,60,0,0,0,4,2,22,84,84,1,0,5
700,2,60,0,0,9,9,3,29,132,61,0,0,0
700,4,60,0,0,6,1,3,25,110,66,1,0,9
700,6,60,0,0,9,3,3,29,141,61,0,0,0
701,0,60,0,0,0,13,5,39,111,111,1,0,13
702,0,60,0,0,0,9,13,35,97,97,0,0,0
703,0,60,0,0,0,4,2,22,84,84,1,0,1
703,2,60,0,0,9,9,3,29,132,65,0,0,0
703,4,60,0,0,6,1,3,25,110,70,1,0,3
703,6,60,0,0,9,3,3,29,141,65,0,0,0
704,0,60,0,0,0,0,0,31,64,64,1,0,5
704,2,60,0,0,2,0,0,34,98,54,0,0,0
705,0,60,0,0,0,1,0,32,84,84,1,0,8
705,2,60,0,0,2,1,0,35,110,66,0,0,0
706,0,60,0,0,0,0,0,31,77,77,1,0,1
706,2,60,0,0,2,0,0,34,98,54,0,0,0
707,0,60,0,0,0,0,0,31,64,64,0,0,0
707,2,60,0,0,2,0,0,34,98,54,1,0,6
708,0,60,0,0,0,1,0,31,64,64,0,0,0
708,2,60,0,0,2,2,0,34,98,54,1,0,3
709,0,60,0,0,0,1,0,32,84,84,0,0,0
709,2,60,0,0,2,2,0,35,110,66,1,0,9
710,0,60,0,0,0,1,0,31,77,77,0,0,0
710,2,60,0,0,2,2,0,34,98,54,1,0,3
711,0,60,0,0,0,1,0,31,64,64,0,0,0
711,2,60,0,0,2,2,0,34,98,54,1,0,13
712,0,60,0,0,0,1,1,19,64,64,0,0,0
712,2,60,0,0,6,1,3,25,98,54,1,0,11
712,4,60,0,0,3,3,1,23,110,66,0,0,0
712,6,60,0,0,9,3,3,29,141,53,1,0,8
713,0,60,0,0,0,9,0,28,84,84,0,0,0
713,2,60,0,0,2,6,0,31,110,66,1,0,3
714,0,60,0,0,0,4,2,22,77,77,0,0,0
714,2,60,0,0,6,1,3,25,98,54,1,0,9
714,4,60,0,0,9,9,3,29,137,61,0,0,0
714,6,60,0,0,9,3,3,29,141,61,0,0,0
715,0,60,0,0,0,1,1,19,64,64,1,0,5
715,2,60,0,0,6,1,3,25,98,54,0,0,0
715,4,60,0,0,3,3,1,23,110,70,1,0,6
715,6,60,0,0,9,3,3,29,141,57,0,0,0
716,0,60,0,0,0,0,0,18,64,64,1,0,1
716,2,60,0,0,3,0,0,22,98,54,0,0,0
716,4,60,0,0,3,0,0,22,110,66,1,0,3
716,6,60,0,0,6,0,0,26,141,53,0,0,0
717,0,60,0,0,0,3,1,29,84,84,1,0,7
717,2,60,0,0,2,4,1,32,110,66,0,0,0
718,0,60,0,0,0,2,1,21,77,77,1,0,8
718,2,60,0,0,3,0,1,23,98,54,0,0,0
718,4,60,0,3,9,4,3,29,137,61,1,0,5
718,6,60,0,3,9,0,3,29,141,61,0,0,0
719,0,60,0,0,0,0,0,18,64,64,1,0,14
719,2,60,0,0,3,0,0,22,98,54,0,0,0
719,4,60,0,0,3,0,0,22,110,70,0,0,0
719,6,60,0,0,6,0,0,26,141,57,1,0,5
720,0,60,0,0,0,3,2,42,77,77,0,0,0
721,0,60,0,0,0,4,2,43,97,97,1,0,4
722,0,60,0,0,0,4,2,43,97,97,0,0,0
723,0,60,0,0,0,3,2,42,77,77,1,0,1
724,0,60,0,0,0,4,2,42,77,77,0,0,0
725,0,60,0,0,0,4,2,43,97,97,1,0,10
726,0,60,0,0,0,5,2,43,97,97,0,0,0
727,0,60,0,0,0,4,2,42,77,77,1,0,5
728,0,60,0,0,0,5,3,31,77,77,0,0,0
728,4,60,0,0,2,7,3,34,122,78,1,0,12
729,0,60,0,0,0,14,3,41,97,97,0,0,0
730,0,60,0,0,0,13,5,39,97,97,1,0,1
731,0,60,0,0,0,5,3,31,77,77,0,0,0
731,4,60,0,0,2,7,3,34,122,82,1,0,5
732,0,60,0,0,0,4,2,30,77,77,0,0,0
732,4,60,0,0,2,5,2,33,122,78,1,0,16
733,0,60,0,0,0,7,3,41,97,97,0,0,0
734,0,60,0,0,0,10,3,37,97,97,0,0,0
735,0,60,0,0,0,4,2,30,77,77,1,0,10
735,4,60,0,0,2,5,2,33,122,82,0,0,0
736,0,60,0,0,0,0,0,31,64,64,1,0,1
736,2,60,0,0,2,0,0,34,98,58,0,0,0
737,0,60,0,0,0,1,0,32,84,84,1,0,7
737,2,60,0,0,2,1,0,35,110,70,0,0,0
738,0,60,0,0,0,0,0,31,77,77,1,0,7
738,2,60,0,0,2,0,0,34,98,58,0,0,0
739,0,60,0,0,0,0,0,31,64,64,1,0,10
739,2,60,0,0,2,0,0,34,98,58,0,0,0
740,0,60,0,0,0,1,0,31,64,64,1,0,1
740,2,60,0,0,2,2,0,34,98,58,0,0,0
741,0,60,0,0,0,1,0,32,84,84,1,0,13
741,2,60,0,0,2,2,0,35,110,70,0,0,0
742,0,60,0,0,0,1,0,31,77,77,1,0,7
742,2,60,0,0,2,2,0,34,98,58,0,0,0
743,0,60,0,0,0,1,0,31,64,64,0,0,0
743,2,60,0,0,2,2,0,34,98,58,1,0,9
744,0,60,0,0,0,1,1,19,64,64,0,0,0
744,2,60,0,0,6,1,3,25,98,58,1,0,3
744,4,60,0,0,3,3,1,23,110,66,0,0,0
744,6,60,0,0,9,3,3,29,141,57,1,0,5
745,0,60,0,0,0,9,0,28,84,84,0,0,0
745,2,60,0,0,2,6,0,31,110,70,1,0,4
746,0,60,0,0,0,4,2,22,77,77,0,0,0
746,2,60,0,0,6,1,3,25,98,58,1,0,8
746,4,60,0,0,9,9,3,29,137,65,0,0,0
746,6,60,0,0,9,3,3,29,141,65,1,0,9
747,0,60,0,0,0,1,1,19,64,64,0,0,0
747,2,60,0,0,6,1,3,25,98,58,1,0,6
747,4,60,0,0,3,3,1,23,110,70,0,0,0
747,6,60,0,0,9,3,3,29,141,61,1,0,7
748,0,60,0,0,0,0,0,18,64,64,0,0,0
748,2,60,0,0,3,0,0,22,98,58,1,0,6
748,4,60,0,0,3,0,0,22,110,66,0,0,0
748,6,60,0,0,6,0,0,26,141,57,0,0,0
749,0,60,0,0,0,3,1,29,84,84,1,0,1
749,2,60,0,0,2,4,1,32,110,70,0,0,0
750,0,60,0,0,0,2,1,21,77,77,1,0,13
750,2,60,0,0,3,0,1,23,98,58,0,0,0
750,4,60,0,3,9,4,3,29,137,65,1,0,5
750,6,60,0,3,9,0,3,29,141,65,0,0,0
751,0,60,0,0,0,0,0,18,64,64,1,0,10
751,2,60,0,0,3,0,0,22,98,58,0,0,0
751,4,60,0,0,3,0,0,22,110,70,1,0,3
751,6,60,0,0,6,0,0,26,141,61,0,0,0
752,0,60,0,0,0,3,1,42,84,84,1,0,4
753,0,60,0,0,0,4,0,43,111,111,0,0,0
754,0,60,0,0,0,4,2,43,97,97,1,0,10
755,0,60,0,0,0,3,1,42,84,84,0,0,0
756,0,60,0,0,0,10,0,41,84,84,1,0,13
757,0,60,0,0,0,11,0,43,111,111,0,0,0
758,0,60,0,0,0,10,0,41,97,97,0,0,0
759,0,60,0,0,0,10,0,41,84,84,1,0,1
760,0,60,0,0,0,3,9,29,84,84,0,0,0
760,4,60,0,0,2,5,10,32,110,66,1,0,3
761,0,60,0,0,0,14,7,41,111,111,0,0,0
762,0,60,0,0,0,9,13,35,97,97,1,0,13
763,0,60,0,0,0,3,9,29,84,84,0,0,0
763,4,60,0,0,2,5,10,32,110,70,1,0,9
764,0,60,0,0,0,2,1,21,84,84,0,0,0
764,2,60,0,3,9,4,3,29,132,61,1,0,5
764,4,60,0,0,3,0,1,23,110,66,0,0,0
764,6,60,0,3,9,0,3,29,141,61,1,0,12
765,0,60,0,0,0,10,3,37,111,111,0,0,0
766,0,60,0,0,0,6,4,26,97,97,1,0,10
766,2,60,0,6,12,6,6,32,132,69,0,0,0
766,4,60,0,6,12,6,6,32,137,69,1,0,10
766,6,60,0,6,12,0,6,32,141,69,0,0,0
767,0,60,0,0,0,2,1,21,84,84,1,0,1
767,2,60,0,3,9,4,3,29,132,65,0,0,0
767,4,60,0,0,3,0,1,23,110,70,0,0,0
767,6,60,0,3,9,0,3,29,141,65,1,0,5
768,0,60,0,0,0,1,0,43,64,64,0,0,0
769,0,60,0,0,0,2,0,44,77,77,1,0,4
770,0,60,0,0,0,2,0,44,84,84,0,0,0
771,0,60,0,0,0,1,0,43,64,64,1,0,7
772,0,60,0,0,0,1,0,43,64,64,0,0,0
773,0,60,0,0,0,1,0,44,77,77,1,0,1
774,0,60,0,0,0,1,0,44,84,84,0,0,0
775,0,60,0,0,0,1,0,43,64,64,1,0,4
776,0,60,0,0,0,2,0,31,64,64,0,0,0
776,4,60,0,0,2,4,0,34,98,54,1,0,6
777,0,60,0,0,0,10,0,40,77,77,0,0,0
778,0,60,0,0,0,11,0,41,84,84,1,0,13
779,0,60,0,0,0,2,0,31,64,64,0,0,0
779,4,60,0,0,2,4,0,34,98,58,1,0,10
780,0,60,0,0,0,0,0,31,64,64,0,0,0
780,4,60,0,0,2,0,0,34,98,54,1,0,7
781,0,60,0,0,0,3,2,42,77,77,0,0,0
782,0,60,0,0,0,3,1,42,84,84,0,0,0
783,0,60,0,0,0,0,0,31,64,64,1,0,4
783,4,60,0,0,2,0,0,34,98,58,0,0,0
784,0,60,0,0,0,2,0,44,84,84,1,0,4
785,0,60,0,0,0,3,0,45,97,97,0,0,0
786,0,60,0,0,0,3,0,45,111,111,1,0,1
787,0,60,0,0,0,2,0,44,84,84,0,0,0
788,0,60,0,0,0,2,0,44,84,84,1,0,4
789,0,60,0,0,0,2,0,45,97,97,0,0,0
790,0,60,0,0,0,2,0,45,111,111,1,0,4
791,0,60,0,0,0,2,0,44,84,84,0,0,0
792,0,60,0,0,0,3,0,32,84,84,1,0,7
792,4,60,0,0,2,5,0,35,110,66,0,0,0
793,0,60,0,0,0,11,0,41,97,97,1,0,1
794,0,60,0,0,0,13,0,43,111,111,0,0,0
795,0,60,0,0,0,3,0,32,84,84,1,0,10
795,4,60,0,0,2,5,0,35,110,70,0,0,0
796,0,60,0,0,0,1,0,32,84,84,0,0,0
796,4,60,0,0,2,1,0,35,110,66,1,0,12
797,0,60,0,0,0,4,2,43,97,97,0,0,0
798,0,60,0,0,0,4,0,43,111,111,1,0,4
799,0,60,0,0,0,1,0,32,84,84,0,0,0
799,4,60,0,0,2,1,0,35,110,70,1,0,3
800,0,60,0,0,0,1,0,43,64,64,0,0,0
801,0,60,0,0,0,2,0,44,77,77,1,0,7
802,0,60,0,0,0,2,0,44,84,84,0,0,0
803,0,60,0,0,0,1,0,43,64,64,1,0,4
804,0,60,0,0,0,1,0,43,64,64,0,0,0
805,0,60,0,0,0,1,0,44,77,77,1,0,7
806,0,60,0,0,0,1,0,44,84,84,0,0,0
807,0,60,0,0,0,1,0,43,64,64,1,0,1
808,0,60,0,0,0,2,0,31,64,64,0,0,0
808,4,60,0,0,2,4,0,34,98,54,1,0,10
809,0,60,0,0,0,10,0,40,77,77,0,0,0
810,0,60,0,0,0,11,0,41,84,84,1,0,4
811,0,60,0,0,0,2,0,31,64,64,0,0,0
811,4,60,0,0,2,4,0,34,98,58,0,0,0
812,0,60,0,0,0,0,0,31,64,64,1,0,8
812,4,60,0,0,2,0,0,34,98,54,0,0,0
813,0,60,0,0,0,3,2,42,77,77,1,0,1
814,0,60,0,0,0,3,1,42,84,84,0,0,0
815,0,60,0,0,0,0,0,31,64,64,1,0,7
815,4,60,0,0,2,0,0,34,98,58,0,0,0
816,0,60,0,0,0,2,0,44,77,77,1,0,7
817,0,60,0,0,0,3,0,45,97,97,0,0,0
818,0,60,0,0,0,3,0,45,97,97,1,0,10
819,0,60,0,0,0,2,0,44,77,77,0,0,0
820,0,60,0,0,0,2,0,44,77,77,1,0,1
821,0,60,0,0,0,2,0,45,97,97,0,0,0
822,0,60,0,0,0,2,0,45,97,97,1,0,7
823,0,60,0,0,0,2,0,44,77,77,0,0,0
824,0,60,0,0,0,2,0,31,77,77,1,0,10
824,4,60,0,0,2,4,0,34,98,54,0,0,0
825,0,60,0,0,0,11,0,41,97,97,0,0,0
826,0,60,0,0,0,11,0,41,97,97,1,0,16
827,0,60,0,0,0,2,0,31,77,77,0,0,0
827,4,60,0,0,2,4,0,34,98,58,1,0,3
828,0,60,0,0,0,0,0,31,77,77,0,0,0
828,4,60,0,0,2,0,0,34,98,54,1,0,3
829,0,60,0,0,0,4,2,43,97,97,0,0,0
830,0,60,0,0,0,4,2,43,97,97,1,0,13
831,0,60,0,0,0,0,0,31,77,77,0,0,0
831,4,60,0,0,2,0,0,34,98,58,1,0,6
832,0,60,0,0,0,1,0,43,64,64,0,0,0
833,0,60,0,0,0,2,0,44,77,77,1,0,1
834,0,60,0,0,0,2,0,44,84,84,0,0,0
835,0,60,0,0,0,1,0,43,64,64,1,0,7
836,0,60,0,0,0,1,0,43,64,64,0,0,0
837,0,60,0,0,0,1,0,44,77,77,1,0,4
838,0,60,0,0,0,2,0,44,84,84,0,0,0
839,0,60,0,0,0,1,0,43,64,64,1,0,10
840,0,60,0,0,0,2,0,31,64,64,0,0,0
840,4,60,0,0,2,4,0,34,98,54,0,0,0
841,0,60,0,0,0,10,0,40,77,77,1,0,1
842,0,60,0,0,0,12,0,41,84,84,0,0,0
843,0,60,0,0,0,2,0,31,64,64,1,0,7
843,4,60,0,0,2,4,0,34,98,58,0,0,0
844,0,60,0,0,0,1,0,31,64,64,1,0,4
844,4,60,0,0,2,2,0,34,98,54,0,0,0
845,0,60,0,0,0,4,2,42,77,77,1,0,10
846,0,60,0,0,0,10,0,41,84,84,0,0,0
847,0,60,0,0,0,1,0,31,64,64,1,0,1
847,4,60,0,0,2,2,0,34,98,58,0,0,0
848,0,60,0,0,0,1,0,44,84,84,1,0,4
849,0,60,0,0,0,2,0,45,97,97,0,0,0
850,0,60,0,0,0,2,0,45,111,111,1,0,10
851,0,60,0,0,0,1,0,44,84,84,0,0,0
852,0,60,0,0,0,1,0,44,84,84,1,0,10
853,0,60,0,0,0,1,0,45,97,97,0,0,0
854,0,60,0,0,0,2,0,45,111,111,0,0,0
855,0,60,0,0,0,1,0,44,84,84,1,0,1
856,0,60,0,0,0,2,0,32,84,84,0,0,0
856,4,60,0,0,2,4,0,35,110,66,1,0,3
857,0,60,0,0,0,10,0,41,97,97,0,0,0
858,0,60,0,0,0,13,0,43,111,111,1,0,7
859,0,60,0,0,0,2,0,32,84,84,0,0,0
859,4,60,0,0,2,4,0,35,110,70,1,0,6
860,0,60,0,0,0,1,0,32,84,84,0,0,0
860,4,60,0,0,2,2,0,35,110,66,1,0,3
861,0,60,0,0,0,4,2,43,97,97,0,0,0
862,0,60,0,0,0,11,0,43,111,111,1,0,10
863,0,60,0,0,0,1,0,32,84,84,0,0,0
863,4,60,0,0,2,2,0,35,110,70,1,0,10
864,0,60,0,0,0,1,0,43,64,64,0,0,0
865,0,60,0,0,0,2,0,44,77,77,1,0,7
866,0,60,0,0,0,2,0,44,84,84,0,0,0
867,0,60,0,0,0,1,0,43,64,64,1,0,1
868,0,60,0,0,0,1,0,43,64,64,0,0,0
869,0,60,0,0,0,1,0,44,77,77,0,0,0
870,0,60,0,0,0,2,0,44,84,84,1,0,7
871,0,60,0,0,0,1,0,43,64,64,0,0,0
872,0,60,0,0,0,2,0,31,64,64,1,0,4
872,4,60,0,0,2,4,0,34,98,54,0,0,0
873,0,60,0,0,0,10,0,40,77,77,1,0,7
874,0,60,0,0,0,12,0,41,84,84,0,0,0
875,0,60,0,0,0,2,0,31,64,64,1,0,1
875,4,60,0,0,2,4,0,34,98,58,0,0,0
876,0,60,0,0,0,1,0,31,64,64,1,0,5
876,4,60,0,0,2,2,0,34,98,54,0,0,0
877,0,60,0,0,0,4,2,42,77,77,1,0,13
878,0,60,0,0,0,10,0,41,84,84,0,0,0
879,0,60,0,0,0,1,0,31,64,64,1,0,10
879,4,60,0,0,2,2,0,34,98,58,0,0,0
880,0,60,0,0,0,1,0,44,77,77,1,0,1
881,0,60,0,0,0,2,0,45,97,97,0,0,0
882,0,60,0,0,0,2,0,45,97,97,1,0,4
883,0,60,0,0,0,1,0,44,77,77,0,0,0
884,0,60,0,0,0,2,0,44,77,77,0,0,0
885,0,60,0,0,0,2,0,45,97,97,1,0,10
886,0,60,0,0,0,3,0,45,97,97,0,0,0
887,0,60,0,0,0,2,0,44,77,77,1,0,4
888,0,60,0,0,0,2,1,32,77,77,0,0,0
888,4,60,0,0,2,4,1,35,98,54,1,0,3
889,0,60,0,0,0,10,0,41,97,97,0,0,0
890,0,60,0,0,0,13,2,43,97,97,1,0,10
891,0,60,0,0,0,2,1,32,77,77,0,0,0
891,4,60,0,0,2,4,1,35,98,58,1,0,9
892,0,60,0,0,0,1,0,31,77,77,0,0,0
892,4,60,0,0,2,2,0,34,98,54,1,0,7
893,0,60,0,0,0,5,2,43,97,97,0,0,0
894,0,60,0,0,0,10,0,41,97,97,1,0,1
895,0,60,0,0,0,1,0,31,77,77,0,0,0
895,4,60,0,0,2,2,0,34,98,58,1,0,10
896,0,60,0,0,0,3,0,32,64,64,0,0,0
896,2,60,0,0,2,5,0,35,110,66,0,0,0
897,0,60,0,0,0,4,0,33,77,77,1,0,5
897,2,60,0,0,2,6,0,36,122,78,0,0,0
898,0,60,0,0,0,3,0,32,84,84,1,0,4
898,2,60,0,0,2,5,0,35,110,66,0,0,0
899,0,60,0,0,0,3,0,32,64,64,1,0,1
899,2,60,0,0,2,5,0,35,110,66,0,0,0
900,0,60,0,0,0,3,0,32,64,64,1,0,4
900,2,60,0,0,2,5,0,35,110,66,0,0,0
901,0,60,0,0,0,3,0,33,77,77,1,0,13
901,2,60,0,0,2,5,0,36,122,78,0,0,0
902,0,60,0,0,0,3,1,33,84,84,1,0,13
902,2,60,0,0,2,5,1,36,110,66,0,0,0
903,0,60,0,0,0,3,0,32,64,64,1,0,1
903,2,60,0,0,2,5,0,35,110,66,0,0,0
904,0,60,0,0,0,2,0,18,64,64,1,0,10
904,2,60,0,0,3,4,0,22,110,66,0,0,0
904,4,60,0,0,3,4,0,22,98,54,1,0,11
904,6,60,0,0,6,6,0,26,141,53,0,0,0
905,0,60,0,0,0,11,0,28,77,77,0,0,0
905,2,60,0,0,2,12,0,31,122,78,1,0,12
906,0,60,0,0,0,4,1,21,84,84,0,0,0
906,2,60,0,0,3,4,1,23,110,66,1,0,3
906,4,60,0,0,9,8,3,29,132,61,0,0,0
906,6,60,0,0,9,6,3,29,141,61,1,0,5
907,0,60,0,0,0,2,0,18,64,64,0,0,0
907,2,60,0,0,3,4,0,22,110,66,1,0,3
907,4,60,0,0,3,4,0,22,98,58,0,0,0
907,6,60,0,0,6,6,0,26,141,57,1,0,12
908,0,60,0,0,0,1,1,19,64,64,0,0,0
908,2,60,0,0,3,3,1,23,110,66,1,0,3
908,4,60,0,0,6,1,3,25,98,54,0,0,0
908,6,60,0,0,9,3,3,29,141,53,1,0,5
909,0,60,0,0,0,5,3,31,77,77,0,0,0
909,2,60,0,0,2,7,3,34,122,78,1,0,3
910,0,60,0,0,0,3,9,29,84,84,0,0,0
910,2,60,0,0,2,5,10,32,110,66,0,0,0
911,0,60,0,0,0,1,1,19,64,64,1,0,13
911,2,60,0,0,3,3,1,23,110,66,0,0,0
911,4,60,0,0,6,1,3,25,98,58,1,0,3
911,6,60,0,0,9,3,3,29,141,57,0,0,0
912,0,60,0,0,0,12,0,42,84,84,1,0,4
913,0,60,0,0,0,13,0,43,97,97,0,0,0
914,0,60,0,0,0,13,0,43,111,111,1,0,10
915,0,60,0,0,0,12,0,42,84,84,0,0,0
916,0,60,0,0,0,12,0,42,84,84,1,0,7
917,0,60,0,0,0,12,0,43,97,97,0,0,0
918,0,60,0,0,0,12,0,43,111,111,1,0,1
919,0,60,0,0,0,12,0,42,84,84,0,0,0
920,0,60,0,0,0,11,0,28,84,84,1,0,4
920,4,60,0,0,2,12,0,31,110,66,0,0,0
921,0,60,0,0,0,20,0,38,97,97,1,0,14
922,0,60,0,0,0,16,0,34,111,111,0,0,0
923,0,60,0,0,0,11,0,28,84,84,1,0,16
923,4,60,0,0,2,12,0,31,110,70,0,0,0
924,0,60,0,0,0,9,0,28,84,84,0,0,0
924,4,60,0,0,2,6,0,31,110,66,1,0,3
925,0,60,0,0,0,14,3,41,97,97,0,0,0
926,0,60,0,0,0,14,7,41,111,111,1,0,16
927,0,60,0,0,0,9,0,28,84,84,0,0,0
927,4,60,0,0,2,6,0,31,110,70,1,0,12
928,0,60,0,0,0,3,0,32,64,64,0,0,0
928,2,60,0,0,2,5,0,35,110,70,1,0,13
929,0,60,0,0,0,4,0,33,77,77,0,0,0
929,2,60,0,0,2,6,0,36,122,82,1,0,13
930,0,60,0,0,0,3,0,32,84,84,0,0,0
930,2,60,0,0,2,5,0,35,110,70,1,0,10
931,0,60,0,0,0,3,0,32,64,64,0,0,0
931,2,60,0,0,2,5,0,35,110,70,1,0,3
932,0,60,0,0,0,3,0,32,64,64,0,0,0
932,2,60,0,0,2,5,0,35,110,70,1,0,9
933,0,60,0,0,0,3,0,33,77,77,0,0,0
933,2,60,0,0,2,5,0,36,122,82,0,0,0
934,0,60,0,0,0,3,1,33,84,84,1,0,1
934,2,60,0,0,2,5,1,36,110,70,0,0,0
935,0,60,0,0,0,3,0,32,64,64,1,0,4
935,2,60,0,0,2,5,0,35,110,70,0,0,0
936,0,60,0,0,0,2,0,18,64,64,1,0,7
936,2,60,0,0,3,4,0,22,110,70,0,0,0
936,4,60,0,0,3,4,0,22,98,54,1,0,6
936,6,60,0,0,6,6,0,26,141,57,0,0,0
937,0,60,0,0,0,11,0,28,77,77,1,0,1
937,2,60,0,0,2,12,0,31,122,82,0,0,0
938,0,60,0,0,0,4,1,21,84,84,1,0,16
938,2,60,0,0,3,4,1,23,110,70,0,0,0
938,4,60,0,0,9,8,3,29,132,65,1,0,6
938,6,60,0,0,9,6,3,29,141,65,0,0,0
939,0,60,0,0,0,2,0,18,64,64,1,0,8
939,2,60,0,0,3,4,0,22,110,70,0,0,0
939,4,60,0,0,3,4,0,22,98,58,1,0,13
939,6,60,0,0,6,6,0,26,141,61,0,0,0
940,0,60,0,0,0,1,1,19,64,64,0,0,0
940,2,60,0,0,3,3,1,23,110,70,1,0,7
940,4,60,0,0,6,1,3,25,98,54,0,0,0
940,6,60,0,0,9,3,3,29,141,57,1,0,5
941,0,60,0,0,0,5,3,31,77,77,0,0,0
941,2,60,0,0,2,7,3,34,122,82,1,0,6
942,0,60,0,0,0,3,9,29,84,84,0,0,0
942,2,60,0,0,2,5,10,32,110,70,1,0,7
943,0,60,0,0,0,1,1,19,64,64,0,0,0
943,2,60,0,0,3,3,1,23,110,70,1,0,11
943,4,60,0,0,6,1,3,25,98,58,0,0,0
943,6,60,0,0,9,3,3,29,141,61,1,0,9
944,0,60,0,0,0,11,0,41,77,77,0,0,0
945,0,60,0,0,0,13,0,43,97,97,1,0,7
946,0,60,0,0,0,11,0,41,97,97,0,0,0
947,0,60,0,0,0,11,0,41,77,77,1,0,1
948,0,60,0,0,0,12,0,41,77,77,0,0,0
949,0,60,0,0,0,13,0,43,97,97,1,0,4
950,0,60,0,0,0,13,2,43,97,97,0,0,0
951,0,60,0,0,0,12,0,41,77,77,0,0,0
952,0,60,0,0,0,4,1,21,77,77,1,0,11
952,2,60,0,0,9,8,3,29,137,61,0,0,0
952,4,60,0,0,3,4,1,23,98,54,1,0,6
952,6,60,0,0,9,6,3,29,141,61,0,0,0
953,0,60,0,0,0,16,0,34,97,97,1,0,1
954,0,60,0,0,0,8,4,26,97,97,0,0,0
954,2,60,0,0,12,10,6,32,137,69,1,0,13
954,4,60,0,0,12,10,6,32,132,69,0,0,0
954,6,60,0,0,12,6,6,32,141,69,1,0,12
955,0,60,0,0,0,4,1,21,77,77,0,0,0
955,2,60,0,0,9,8,3,29,137,65,1,0,9
955,4,60,0,0,3,4,1,23,98,58,0,0,0
955,6,60,0,0,9,6,3,29,141,65,1,0,7
956,0,60,0,0,0,4,2,22,77,77,0,0,0
956,2,60,0,0,9,9,3,29,137,61,1,0,9
956,4,60,0,0,6,1,3,25,98,54,0,0,0
956,6,60,0,0,9,3,3,29,141,61,0,0,0
957,0,60,0,0,0,13,5,39,97,97,1,0,19
958,0,60,0,0,0,9,13,35,97,97,0,0,0
959,0,60,0,0,0,4,2,22,77,77,1,0,4
959,2,60,0,0,9,9,3,29,137,65,0,0,0
959,4,60,0,0,6,1,3,25,98,58,1,0,3
959,6,60,0,0,9,3,3,29,141,65,0,0,0
960,0,60,0,0,0,1,0,32,64,64,1,0,4
960,2,60,0,0,2,1,0,35,110,66,0,0,0
961,0,60,0,0,0,2,0,33,77,77,1,0,13
961,2,60,0,0,2,2,0,36,122,78,0,0,0
962,0,60,0,0,0,1,0,32,84,84,1,0,13
962,2,60,0,0,2,1,0,35,110,66,0,0,0
963,0,60,0,0,0,1,0,32,64,64,1,0,1
963,2,60,0,0,2,1,0,35,110,66,0,0,0
964,0,60,0,0,0,2,0,32,64,64,1,0,7
964,2,60,0,0,2,3,0,35,110,66,0,0,0
965,0,60,0,0,0,2,0,33,77,77,1,0,5
965,2,60,0,0,2,3,0,36,122,78,0,0,0
966,0,60,0,0,0,2,0,32,84,84,0,0,0
966,2,60,0,0,2,3,0,35,110,66,1,0,9
967,0,60,0,0,0,2,0,32,64,64,0,0,0
967,2,60,0,0,2,3,0,35,110,66,1,0,3
968,0,60,0,0,0,1,1,19,64,64,0,0,0
968,2,60,0,0,6,1,3,25,110,66,1,0,7
968,4,60,0,0,3,3,1,23,98,54,0,0,0
968,6,60,0,0,9,3,3,29,141,53,1,0,5
969,0,60,0,0,0,9,0,28,77,77,0,0,0
969,2,60,0,0,2,6,0,31,122,78,1,0,16
970,0,60,0,0,0,4,2,22,84,84,0,0,0
970,2,60,0,0,6,1,3,25,110,66,1,0,3
970,4,60,0,0,9,9,3,29,132,61,0,0,0
970,6,60,0,0,9,3,3,29,141,61,1,0,9
971,0,60,0,0,0,1,1,19,64,64,0,0,0
971,2,60,0,0,6,1,3,25,110,66,1,0,3
971,4,60,0,0,3,3,1,23,98,58,0,0,0
971,6,60,0,0,9,3,3,29,141,57,0,0,0
972,0,60,0,0,0,0,0,18,64,64,1,0,11
972,2,60,0,0,3,0,0,22,110,66,0,0,0
972,4,60,0,0,3,0,0,22,98,54,1,0,3
972,6,60,0,0,6,0,0,26,141,53,0,0,0
973,0,60,0,0,0,4,2,30,77,77,1,0,10
973,2,60,0,0,2,5,2,33,122,78,0,0,0
974,0,60,0,0,0,2,1,21,84,84,1,0,4
974,2,60,0,0,3,0,1,23,110,66,0,0,0
974,4,60,0,3,9,4,3,29,132,61,1,0,12
974,6,60,0,3,9,0,3,29,141,61,0,0,0
975,0,60,0,0,0,0,0,18,64,64,1,0,1
975,2,60,0,0,3,0,0,22,110,66,0,0,0
975,4,60,0,0,3,0,0,22,98,58,1,0,4
975,6,60,0,0,6,0,0,26,141,57,0,0,0
976,0,60,0,0,0,3,0,42,84,84,1,0,13
977,0,60,0,0,0,4,0,43,97,97,0,0,0
978,0,60,0,0,0,4,0,43,111,111,1,0,7
979,0,60,0,0,0,3,0,42,84,84,0,0,0
980,0,60,0,0,0,4,0,42,84,84,0,0,0
981,0,60,0,0,0,4,0,43,97,97,1,0,1
982,0,60,0,0,0,5,0,43,111,111,0,0,0
983,0,60,0,0,0,4,0,42,84,84,1,0,4
984,0,60,0,0,0,4,2,30,84,84,0,0,0
984,4,60,0,0,2,6,2,33,110,66,1,0,12
985,0,60,0,0,0,12,1,39,97,97,0,0,0
986,0,60,0,0,0,13,5,39,111,111,1,0,16
987,0,60,0,0,0,4,2,30,84,84,0,0,0
987,4,60,0,0,2,6,2,33,110,70,1,0,3
988,0,60,0,0,0,3,1,29,84,84,0,0,0
988,4,60,0,0,2,4,1,32,110,66,1,0,3
989,0,60,0,0,0,7,3,41,97,97,0,0,0
990,0,60,0,0,0,10,3,37,111,111,1,0,16
991,0,60,0,0,0,3,1,29,84,84,0,0,0
991,4,60,0,0,2,4,1,32,110,70,1,0,10
992,0,60,0,0,0,1,0,32,64,64,0,0,0
992,2,60,0,0,2,1,0,35,110,70,0,0,0
993,0,60,0,0,0,2,0,33,77,77,1,0,1
993,2,60,0,0,2,2,0,36,122,82,0,0,0
994,0,60,0,0,0,1,0,32,84,84,1,0,10
994,2,60,0,0,2,1,0,35,110,70,0,0,0
995,0,60,0,0,0,1,0,32,64,64,1,0,7
995,2,60,0,0,2,1,0,35,110,70,0,0,0
996,0,60,0,0,0,2,0,32,64,64,1,0,7
996,2,60,0,0,2,3,0,35,110,70,0,0,0
997,0,60,0,0,0,2,0,33,77,77,1,0,1
997,2,60,0,0,2,3,0,36,122,82,0,0,0
998,0,60,0,0,0,2,0,32,84,84,1,0,13
998,2,60,0,0,2,3,0,35,110,70,0,0,0
999,0,60,0,0,0,2,0,32,64,64,1,0,7
999,2,60,0,0,2,3,0,35,110,70,0,0,0
1000,0,60,0,0,0,1,1,19,64,64,1,0,10
1000,2,60,0,0,6,1,3,25,110,70,0,0,0
1000,4,60,0,0,3,3,1,23,98,54,1,0,7
1000,6,60,0,0,9,3,3,29,141,57,0,0,0
1001,0,60,0,0,0,9,0,28,77,77,0,0,0
1001,2,60,0,0,2,6,0,31,122,82,1,0,15
1002,0,60,0,0,0,4,2,22,84,84,0,0,0
1002,2,60,0,0,6,1,3,25,110,70,1,0,3
1002,4,60,0,0,9,9,3,29,132,65,0,0,0
1002,6,60,0,0,9,3,3,29,141,65,1,0,8
1003,0,60,0,0,0,1,1,19,64,64,0,0,0
1003,2,60,0,0,6,1,3,25,110,70,1,0,7
1003,4,60,0,0,3,3,1,23,98,58,0,0,0
1003,6,60,0,0,9,3,3,29,141,61,1,0,7
1004,0,60,0,0,0,0,0,18,64,64,0,0,0
1004,2,60,0,0,3,0,0,22,110,70,1,0,11
1004,4,60,0,0,3,0,0,22,98,54,0,0,0
1004,6,60,0,0,6,0,0,26,141,57,1,0,8
1005,0,60,0,0,0,4,2,30,77,77,0,0,0
1005,2,60,0,0,2,5,2,33,122,82,1,0,3
1006,0,60,0,0,0,2,1,21,84,84,0,0,0
1006,2,60,0,0,3,0,1,23,110,70,1,0,9
1006,4,60,0,3,9,4,3,29,132,65,0,0,0
1006,6,60,0,3,9,0,3,29,141,65,0,0,0
1007,0,60,0,0,0,0,0,18,64,64,1,0,7
1007,2,60,0,0,3,0,0,22,110,70,0,0,0
1007,4,60,0,0,3,0,0,22,98,58,1,0,6
1007,6,60,0,0,6,0,0,26,141,61,0,0,0
1008,0,60,0,0,0,3,1,42,77,77,1,0,1
1009,0,60,0,0,0,4,0,43,97,97,0,0,0
1010,0,60,0,0,0,4,2,43,97,97,1,0,10
1011,0,60,0,0,0,3,1,42,77,77,0,0,0
1012,0,60,0,0,0,10,0,41,77,77,1,0,13
1013,0,60,0,0,0,11,0,43,97,97,0,0,0
1014,0,60,0,0,0,10,0,41,97,97,1,0,16
1015,0,60,0,0,0,10,0,41,77,77,0,0,0
1016,0,60,0,0,0,2,8,28,77,77,1,0,1
1016,4,60,0,0,2,4,9,31,98,54,0,0,0
1017,0,60,0,0,0,12,5,39,97,97,1,0,13
1018,0,60,0,0,0,9,13,35,97,97,0,0,0
1019,0,60,0,0,0,2,8,28,77,77,0,0,0
1019,4,60,0,0,2,4,9,31,98,58,1,0,9
1020,0,60,0,0,0,2,1,21,77,77,0,0,0
1020,2,60,0,3,9,4,3,29,137,61,1,0,8
1020,4,60,0,0,3,0,1,23,98,54,0,0,0
1020,6,60,0,3,9,0,3,29,141,61,1,0,5
1021,0,60,0,0,0,10,3,37,97,97,0,0,0
1022,0,60,0,0,0,6,4,26,97,97,1,0,10
1022,2,60,0,6,12,6,6,32,137,69,0,0,0
1022,4,60,0,6,12,6,6,32,132,69,1,0,7
1022,6,60,0,6,12,0,6,32,141,69,0,0,0
1023,0,60,0,0,0,2,1,21,77,77,1,0,10
1023,2,60,0,3,9,4,3,29,137,65,0,0,0
1023,4,60,0,0,3,0,1,23,98,58,1,0,7
1023,6,60,0,3,9,0,3,29,141,65,0,0,0
1024,0,60,0,0,0,0,0,42,51,51,1,0,7
1025,0,60,0,0,0,1,0,43,64,64,0,0,0
1026,0,60,0,0,0,1,0,43,64,64,1,0,4
1027,0,60,0,0,0,0,0,42,51,51,0,0,0
1028,0,60,0,0,0,0,0,42,51,51,0,0,0
1029,0,60,0,0,0,1,0,43,64,64,1,0,4
1030,0,60,0,0,0,0,0,43,64,64,0,0,0
1031,0,60,0,0,0,0,0,42,51,51,1,0,1
1032,0,60,0,0,0,2,0,31,51,51,0,0,0
1032,4,60,0,0,2,4,0,34,98,54,1,0,3
1033,0,60,0,0,0,11,0,40,64,64,0,0,0
1034,0,60,0,0,0,10,0,40,64,64,1,0,4
1035,0,60,0,0,0,2,0,31,51,51,0,0,0
1035,4,60,0,0,2,4,0,34,98,58,1,0,6
1036,0,60,0,0,0,1,0,31,51,51,0,0,0
1036,4,60,0,0,2,2,0,34,98,54,1,0,4
1037,0,60,0,0,0,9,0,40,64,64,0,0,0
1038,0,60,0,0,0,3,1,41,64,64,1,0,10
1039,0,60,0,0,0,1,0,31,51,51,0,0,0
1039,4,60,0,0,2,2,0,34,98,58,1,0,13
1040,0,60,0,0,0,1,0,43,64,64,0,0,0
1041,0,60,0,0,0,2,0,44,77,77,0,0,0
1042,0,60,0,0,0,2,0,44,84,84,1,0,5
1043,0,60,0,0,0,1,0,43,64,64,0,0,0
1044,0,60,0,0,0,1,0,43,64,64,1,0,1
1045,0,60,0,0,0,2,0,44,77,77,0,0,0
1046,0,60,0,0,0,1,0,44,84,84,1,0,10
1047,0,60,0,0,0,1,0,43,64,64,0,0,0
1048,0,60,0,0,0,3,0,32,64,64,1,0,10
1048,4,60,0,0,2,5,0,35,110,66,0,0,0
1049,0,60,0,0,0,12,0,41,77,77,1,0,4
1050,0,60,0,0,0,12,0,42,84,84,0,0,0
1051,0,60,0,0,0,3,0,32,64,64,1,0,1
1051,4,60,0,0,2,5,0,35,110,70,0,0,0
1052,0,60,0,0,0,2,0,32,64,64,1,0,4
1052,4,60,0,0,2,3,0,35,110,66,0,0,0
1053,0,60,0,0,0,10,0,41,77,77,1,0,7
1054,0,60,0,0,0,4,0,42,84,84,0,0,0
1055,0,60,0,0,0,2,0,32,64,64,1,0,4
1055,4,60,0,0,2,3,0,35,110,70,0,0,0
1056,0,60,0,0,0,0,0,42,51,51,0,0,0
1057,0,60,0,0,0,1,0,43,64,64,1,0,1
1058,0,60,0,0,0,1,0,43,64,64,0,0,0
1059,0,60,0,0,0,0,0,42,51,51,1,0,4
1060,0,60,0,0,0,0,0,42,51,51,0,0,0
1061,0,60,0,0,0,1,0,43,64,64,1,0,4
1062,0,60,0,0,0,0,0,43,64,64,0,0,0
1063,0,60,0,0,0,0,0,42,51,51,1,0,4
1064,0,60,0,0,0,2,0,31,51,51,0,0,0
1064,4,60,0,0,2,4,0,34,98,54,1,0,3
1065,0,60,0,0,0,11,0,40,64,64,0,0,0
1066,0,60,0,0,0,10,0,40,64,64,1,0,10
1067,0,60,0,0,0,2,0,31,51,51,0,0,0
1067,4,60,0,0,2,4,0,34,98,58,1,0,10
1068,0,60,0,0,0,1,0,31,51,51,0,0,0
1068,4,60,0,0,2,2,0,34,98,54,1,0,13
1069,0,60,0,0,0,9,0,40,64,64,0,0,0
1070,0,60,0,0,0,3,1,41,64,64,0,0,0
1071,0,60,0,0,0,1,0,31,51,51,1,0,1
1071,4,60,0,0,2,2,0,34,98,58,0,0,0
1072,0,60,0,0,0,1,0,43,64,64,1,0,4
1073,0,60,0,0,0,2,0,44,84,84,0,0,0
1074,0,60,0,0,0,2,0,44,77,77,1,0,7
1075,0,60,0,0,0,1,0,43,64,64,0,0,0
1076,0,60,0,0,0,1,0,43,64,64,1,0,4
1077,0,60,0,0,0,2,0,44,84,84,0,0,0
1078,0,60,0,0,0,1,0,44,77,77,1,0,1
1079,0,60,0,0,0,1,0,43,64,64,0,0,0
1080,0,60,0,0,0,2,0,31,64,64,1,0,5
1080,4,60,0,0,2,4,0,34,98,54,0,0,0
1081,0,60,0,0,0,12,0,41,84,84,1,0,10
1082,0,60,0,0,0,10,0,40,77,77,0,0,0
1083,0,60,0,0,0,2,0,31,64,64,1,0,4
1083,4,60,0,0,2,4,0,34,98,58,0,0,0
1084,0,60,0,0,0,1,0,31,64,64,1,0,1
1084,4,60,0,0,2,2,0,34,98,54,0,0,0
1085,0,60,0,0,0,10,0,41,84,84,0,0,0
1086,0,60,0,0,0,4,2,42,77,77,1,0,10
1087,0,60,0,0,0,1,0,31,64,64,0,0,0
1087,4,60,0,0,2,2,0,34,98,58,1,0,6
1088,0,60,0,0,0,0,0,42,51,51,0,0,0
1089,0,60,0,0,0,1,0,43,64,64,1,0,7
1090,0,60,0,0,0,1,0,43,64,64,0,0,0
1091,0,60,0,0,0,0,0,42,51,51,1,0,1
1092,0,60,0,0,0,0,0,42,51,51,0,0,0
1093,0,60,0,0,0,1,0,43,64,64,1,0,7
1094,0,60,0,0,0,1,0,43,64,64,0,0,0
1095,0,60,0,0,0,0,0,42,51,51,1,0,7
1096,0,60,0,0,0,2,0,31,51,51,0,0,0
1096,4,60,0,0,2,4,0,34,98,54,1,0,6
1097,0,60,0,0,0,11,0,40,64,64,0,0,0
1098,0,60,0,0,0,11,0,40,64,64,1,0,1
1099,0,60,0,0,0,2,0,31,51,51,0,0,0
1099,4,60,0,0,2,4,0,34,98,58,1,0,10
1100,0,60,0,0,0,2,0,31,51,51,0,0,0
1100,4,60,0,0,2,4,0,34,98,54,0,0,0
1101,0,60,0,0,0,10,0,40,64,64,1,0,4
1102,0,60,0,0,0,10,0,40,64,64,0,0,0
1103,0,60,0,0,0,2,0,31,51,51,1,0,7
1103,4,60,0,0,2,4,0,34,98,58,0,0,0
1104,0,60,0,0,0,1,0,43,64,64,1,0,1
1105,0,60,0,0,0,2,0,44,77,77,0,0,0
1106,0,60,0,0,0,2,0,44,84,84,1,0,10
1107,0,60,0,0,0,1,0,43,64,64,0,0,0
1108,0,60,0,0,0,1,0,43,64,64,1,0,4
1109,0,60,0,0,0,2,0,44,77,77,0,0,0
1110,0,60,0,0,0,2,0,44,84,84,1,0,4
1111,0,60,0,0,0,1,0,43,64,64,0,0,0
1112,0,60,0,0,0,3,0,32,64,64,1,0,1
1112,4,60,0,0,2,5,0,35,110,66,0,0,0
1113,0,60,0,0,0,12,0,41,77,77,1,0,13
1114,0,60,0,0,0,13,0,42,84,84,0,0,0
1115,0,60,0,0,0,3,0,32,64,64,0,0,0
1115,4,60,0,0,2,5,0,35,110,70,1,0,10
1116,0,60,0,0,0,3,0,32,64,64,0,0,0
1116,4,60,0,0,2,5,0,35,110,66,1,0,6
1117,0,60,0,0,0,11,0,41,77,77,0,0,0
1118,0,60,0,0,0,12,0,42,84,84,1,0,1
1119,0,60,0,0,0,3,0,32,64,64,0,0,0
1119,4,60,0,0,2,5,0,35,110,70,1,0,3
1120,0,60,0,0,0,0,0,42,51,51,0,0,0
1121,0,60,0,0,0,1,0,43,64,64,1,0,4
1122,0,60,0,0,0,1,0,43,64,64,0,0,0
1123,0,60,0,0,0,0,0,42,51,51,1,0,4
1124,0,60,0,0,0,0,0,42,51,51,0,0,0
1125,0,60,0,0,0,1,0,43,64,64,1,0,1
1126,0,60,0,0,0,1,0,43,64,64,0,0,0
1127,0,60,0,0,0,0,0,42,51,51,1,0,4
1128,0,60,0,0,0,2,0,31,51,51,0,0,0
1128,4,60,0,0,2,4,0,34,98,54,1,0,10
1129,0,60,0,0,0,11,0,40,64,64,0,0,0
1130,0,60,0,0,0,11,0,40,64,64,0,0,0
1131,0,60,0,0,0,2,0,31,51,51,1,0,4
1131,4,60,0,0,2,4,0,34,98,58,0,0,0
1132,0,60,0,0,0,2,0,31,51,51,1,0,1
1132,4,60,0,0,2,4,0,34,98,54,0,0,0
1133,0,60,0,0,0,10,0,40,64,64,1,0,10
1134,0,60,0,0,0,10,0,40,64,64,0,0,0
1135,0,60,0,0,0,2,0,31,51,51,1,0,4
1135,4,60,0,0,2,4,0,34,98,58,0,0,0
1136,0,60,0,0,0,0,0,43,64,64,1,0,4
1137,0,60,0,0,0,1,0,44,84,84,0,0,0
1138,0,60,0,0,0,1,0,44,77,77,1,0,1
1139,0,60,0,0,0,0,0,43,64,64,0,0,0
1140,0,60,0,0,0,1,0,43,64,64,1,0,4
1141,0,60,0,0,0,2,0,44,84,84,0,0,0
1142,0,60,0,0,0,2,0,44,77,77,1,0,10
1143,0,60,0,0,0,1,0,43,64,64,0,0,0
1144,0,60,0,0,0,2,1,32,64,64,0,0,0
1144,4,60,0,0,2,4,1,35,98,54,1,0,7
1145,0,60,0,0,0,11,0,41,84,84,0,0,0
1146,0,60,0,0,0,12,2,42,77,77,1,0,1
1147,0,60,0,0,0,2,1,32,64,64,0,0,0
1147,4,60,0,0,2,4,1,35,98,58,1,0,3
1148,0,60,0,0,0,2,0,31,64,64,0,0,0
1148,4,60,0,0,2,4,0,34,98,54,1,0,9
1149,0,60,0,0,0,11,0,41,84,84,0,0,0
1150,0,60,0,0,0,10,0,40,77,77,1,0,4
1151,0,60,0,0,0,2,0,31,64,64,0,0,0
1151,4,60,0,0,2,4,0,34,98,58,1,0,3
1152,0,60,0,0,0,2,0,31,51,51,0,0,0
1152,2,60,0,0,2,4,0,34,98,54,1,0,7
1153,0,60,0,0,0,3,0,32,64,64,0,0,0
1153,2,60,0,0,2,5,0,35,110,66,1,0,3
1154,0,60,0,0,0,2,0,31,64,64,0,0,0
1154,2,60,0,0,2,4,0,34,98,54,1,0,6
1155,0,60,0,0,0,2,0,31,51,51,0,0,0
1155,2,60,0,0,2,4,0,34,98,54,0,0,0
1156,0,60,0,0,0,2,0,31,51,51,1,0,1
1156,2,60,0,0,2,4,0,34,98,54,0,0,0
1157,0,60,0,0,0,3,0,32,64,64,1,0,7
1157,2,60,0,0,2,5,0,35,110,66,0,0,0
1158,0,60,0,0,0,2,1,32,64,64,1,0,5
1158,2,60,0,0,2,4,1,35,98,54,0,0,0
1159,0,60,0,0,0,2,0,31,51,51,1,0,4
1159,2,60,0,0,2,4,0,34,98,54,0,0,0
1160,0,60,0,0,0,2,0,18,51,51,1,0,1
1160,2,60,0,0,3,4,0,22,98,54,0,0,0
1160,4,60,0,0,3,4,0,22,98,54,1,0,3
1160,6,60,0,0,6,6,0,26,141,53,0,0,0
1161,0,60,0,0,0,12,0,28,64,64,1,0,5
1161,2,60,0,0,2,13,0,31,110,66,0,0,0
1162,0,60,0,0,0,4,1,21,64,64,1,0,4
1162,2,60,0,0,3,4,1,23,98,54,0,0,0
1162,4,60,0,0,9,8,3,29,132,61,0,0,0
1162,6,60,0,0,9,6,3,29,141,61,1,0,5
1163,0,60,0,0,0,2,0,18,51,51,0,0,0
1163,2,60,0,0,3,4,0,22,98,54,1,0,9
1163,4,60,0,0,3,4,0,22,98,58,0,0,0
1163,6,60,0,0,6,6,0,26,141,57,1,0,5
1164,0,60,0,0,0,2,1,19,51,51,0,0,0
1164,2,60,0,0,3,4,1,23,98,54,1,0,7
1164,4,60,0,0,6,4,3,25,98,54,0,0,0
1164,6,60,0,0,9,6,3,29,141,53,1,0,12
1165,0,60,0,0,0,11,1,29,64,64,0,0,0
1165,2,60,0,0,2,12,1,32,110,66,1,0,16
1166,0,60,0,0,0,3,8,28,64,64,0,0,0
1166,2,60,0,0,2,5,9,31,98,54,1,0,3
1167,0,60,0,0,0,2,1,19,51,51,0,0,0
1167,2,60,0,0,3,4,1,23,98,54,1,0,6
1167,4,60,0,0,6,4,3,25,98,58,0,0,0
1167,6,60,0,0,9,6,3,29,141,57,1,0,9
1168,0,60,0,0,0,11,0,40,64,64,0,0,0
1169,0,60,0,0,0,12,0,41,77,77,0,0,0
1170,0,60,0,0,0,12,0,41,84,84,1,0,14
1171,0,60,0,0,0,11,0,40,64,64,0,0,0
1172,0,60,0,0,0,11,0,40,64,64,1,0,10
1173,0,60,0,0,0,12,0,41,77,77,0,0,0
1174,0,60,0,0,0,11,0,41,84,84,1,0,13
1175,0,60,0,0,0,11,0,40,64,64,0,0,0
1176,0,60,0,0,0,12,0,28,64,64,1,0,1
1176,4,60,0,0,2,13,0,31,110,66,0,0,0
1177,0,60,0,0,0,22,0,38,77,77,1,0,10
1178,0,60,0,0,0,17,0,34,84,84,0,0,0
1179,0,60,0,0,0,12,0,28,64,64,1,0,13
1179,4,60,0,0,2,13,0,31,110,70,0,0,0
1180,0,60,0,0,0,11,0,28,64,64,1,0,4
1180,4,60,0,0,2,10,0,31,110,66,0,0,0
1181,0,60,0,0,0,20,0,38,77,77,1,0,1
1182,0,60,0,0,0,14,5,39,84,84,0,0,0
1183,0,60,0,0,0,11,0,28,64,64,1,0,16
1183,4,60,0,0,2,10,0,31,110,70,0,0,0
1184,0,60,0,0,0,2,0,31,51,51,0,0,0
1184,2,60,0,0,2,4,0,34,98,58,1,0,3
1185,0,60,0,0,0,3,0,32,64,64,0,0,0
1185,2,60,0,0,2,5,0,35,110,70,1,0,6
1186,0,60,0,0,0,2,0,31,64,64,0,0,0
1186,2,60,0,0,2,4,0,34,98,58,1,0,4
1187,0,60,0,0,0,2,0,31,51,51,0,0,0
1187,2,60,0,0,2,4,0,34,98,58,1,0,10
1188,0,60,0,0,0,2,0,31,51,51,0,0,0
1188,2,60,0,0,2,4,0,34,98,58,1,0,10
1189,0,60,0,0,0,3,0,32,64,64,0,0,0
1189,2,60,0,0,2,5,0,35,110,70,1,0,6
1190,0,60,0,0,0,2,1,32,64,64,0,0,0
1190,2,60,0,0,2,4,1,35,98,58,1,0,3
1191,0,60,0,0,0,2,0,31,51,51,0,0,0
1191,2,60,0,0,2,4,0,34,98,58,1,0,9
1192,0,60,0,0,0,2,0,18,51,51,0,0,0
1192,2,60,0,0,3,4,0,22,98,58,0,0,0
1192,4,60,0,0,3,4,0,22,98,54,1,0,9
1192,6,60,0,0,6,6,0,26,141,57,0,0,0
1193,0,60,0,0,0,12,0,28,64,64,1,0,4
1193,2,60,0,0,2,13,0,31,110,70,0,0,0
1194,0,60,0,0,0,4,1,21,64,64,1,0,1
1194,2,60,0,0,3,4,1,23,98,58,0,0,0
1194,4,60,0,0,9,8,3,29,132,65,1,0,6
1194,6,60,0,0,9,6,3,29,141,65,0,0,0
1195,0,60,0,0,0,2,0,18,51,51,1,0,5
1195,2,60,0,0,3,4,0,22,98,58,0,0,0
1195,4,60,0,0,3,4,0,22,98,58,1,0,6
1195,6,60,0,0,6,6,0,26,141,61,0,0,0
1196,0,60,0,0,0,2,1,19,51,51,1,0,1
1196,2,60,0,0,3,4,1,23,98,58,0,0,0
1196,4,60,0,0,6,4,3,25,98,54,1,0,10
1196,6,60,0,0,9,6,3,29,141,57,0,0,0
1197,0,60,0,0,0,11,1,29,64,64,1,0,7
1197,2,60,0,0,2,12,1,32,110,70,0,0,0
1198,0,60,0,0,0,3,8,28,64,64,0,0,0
1198,2,60,0,0,2,5,9,31,98,58,1,0,6
1199,0,60,0,0,0,2,1,19,51,51,0,0,0
1199,2,60,0,0,3,4,1,23,98,58,1,0,3
1199,4,60,0,0,6,4,3,25,98,58,0,0,0
1199,6,60,0,0,9,6,3,29,141,61,1,0,5
1200,0,60,0,0,0,10,0,40,64,64,0,0,0
1201,0,60,0,0,0,12,0,42,84,84,1,0,13
1202,0,60,0,0,0,10,0,40,77,77,0,0,0
1203,0,60,0,0,0,10,0,40,64,64,1,0,4
1204,0,60,0,0,0,11,0,40,64,64,0,0,0
1205,0,60,0,0,0,13,0,42,84,84,1,0,1
1206,0,60,0,0,0,12,2,42,77,77,0,0,0
1207,0,60,0,0,0,11,0,40,64,64,1,0,4
1208,0,60,0,0,0,4,1,21,64,64,0,0,0
1208,2,60,0,0,9,8,3,29,132,61,1,0,9
1208,4,60,0,0,3,4,1,23,98,54,0,0,0
1208,6,60,0,0,9,6,3,29,141,61,0,0,0
1209,0,60,0,0,0,17,0,34,84,84,1,0,5
1210,0,60,0,0,0,8,4,26,77,77,0,0,0
1210,2,60,0,0,12,10,6,32,132,69,1,0,5
1210,4,60,0,0,12,10,6,32,132,69,0,0,0
1210,6,60,0,0,12,6,6,32,141,69,1,0,5
1211,0,60,0,0,0,4,1,21,64,64,0,0,0
1211,2,60,0,0,9,8,3,29,132,65,1,0,6
1211,4,60,0,0,3,4,1,23,98,58,0,0,0
1211,6,60,0,0,9,6,3,29,141,65,1,0,10
1212,0,60,0,0,0,5,2,22,64,64,0,0,0
1212,2,60,0,0,9,10,3,29,132,61,1,0,7
1212,4,60,0,0,6,4,3,25,98,54,0,0,0
1212,6,60,0,0,9,6,3,29,141,61,1,0,6
1213,0,60,0,0,0,18,2,36,84,84,0,0,0
1214,0,60,0,0,0,9,12,34,77,77,1,0,11
1215,0,60,0,0,0,5,2,22,64,64,0,0,0
1215,2,60,0,0,9,10,3,29,132,65,1,0,12
1215,4,60,0,0,6,4,3,25,98,58,0,0,0
1215,6,60,0,0,9,6,3,29,141,65,0,0,0
1216,0,60,0,0,0,1,0,31,51,51,1,0,1
1216,2,60,0,0,2,2,0,34,98,54,0,0,0
1217,0,60,0,0,0,2,0,32,64,64,1,0,7
1217,2,60,0,0,2,3,0,35,110,66,0,0,0
1218,0,60,0,0,0,1,0,31,64,64,1,0,5
1218,2,60,0,0,2,2,0,34,98,54,0,0,0
1219,0,60,0,0,0,1,0,31,51,51,1,0,4
1219,2,60,0,0,2,2,0,34,98,54,0,0,0
1220,0,60,0,0,0,2,0,31,51,51,1,0,1
1220,2,60,0,0,2,4,0,34,98,54,0,0,0
1221,0,60,0,0,0,3,0,32,64,64,1,0,7
1221,2,60,0,0,2,5,0,35,110,66,0,0,0
1222,0,60,0,0,0,2,0,31,64,64,1,0,5
1222,2,60,0,0,2,4,0,34,98,54,0,0,0
1223,0,60,0,0,0,2,0,31,51,51,1,0,4
1223,2,60,0,0,2,4,0,34,98,54,0,0,0
1224,0,60,0,0,0,2,1,19,51,51,0,0,0
1224,2,60,0,0,6,4,3,25,98,54,1,0,3
1224,4,60,0,0,3,4,1,23,98,54,0,0,0
1224,6,60,0,0,9,6,3,29,141,53,1,0,5
1225,0,60,0,0,0,11,0,28,64,64,0,0,0
1225,2,60,0,0,2,10,0,31,110,66,1,0,3
1226,0,60,0,0,0,5,2,22,64,64,0,0,0
1226,2,60,0,0,6,4,3,25,98,54,1,0,7
1226,4,60,0,0,9,10,3,29,132,61,0,0,0
1226,6,60,0,0,9,6,3,29,141,61,1,0,12
1227,0,60,0,0,0,2,1,19,51,51,0,0,0
1227,2,60,0,0,6,4,3,25,98,54,1,0,13
1227,4,60,0,0,3,4,1,23,98,58,0,0,0
1227,6,60,0,0,9,6,3,29,141,57,1,0,6
1228,0,60,0,0,0,2,0,18,51,51,0,0,0
1228,2,60,0,0,3,4,0,22,98,54,1,0,6
1228,4,60,0,0,3,4,0,22,98,54,0,0,0
1228,6,60,0,0,6,6,0,26,141,53,1,0,9
1229,0,60,0,0,0,11,0,28,64,64,0,0,0
1229,2,60,0,0,2,12,0,31,110,66,0,0,0
1230,0,60,0,0,0,4,1,21,64,64,1,0,11
1230,2,60,0,0,3,4,1,23,98,54,0,0,0
1230,4,60,0,3,9,8,3,29,132,61,1,0,5
1230,6,60,0,3,9,6,3,29,141,61,0,0,0
1231,0,60,0,0,0,2,0,18,51,51,1,0,10
1231,2,60,0,0,3,4,0,22,98,54,0,0,0
1231,4,60,0,0,3,4,0,22,98,58,1,0,3
1231,6,60,0,0,6,6,0,26,141,57,0,0,0
1232,0,60,0,0,0,9,0,40,64,64,1,0,4
1233,0,60,0,0,0,10,0,41,77,77,0,0,0
1234,0,60,0,0,0,10,0,41,84,84,1,0,10
1235,0,60,0,0,0,9,0,40,64,64,0,0,0
1236,0,60,0,0,0,10,0,40,64,64,1,0,4
1237,0,60,0,0,0,11,0,41,77,77,0,0,0
1238,0,60,0,0,0,11,0,41,84,84,1,0,1
1239,0,60,0,0,0,10,0,40,64,64,0,0,0
1240,0,60,0,0,0,11,1,29,64,64,1,0,7
1240,4,60,0,0,2,12,1,32,110,66,0,0,0
1241,0,60,0,0,0,20,0,38,77,77,0,0,0
1242,0,60,0,0,0,18,2,36,84,84,1,0,10
1243,0,60,0,0,0,11,1,29,64,64,0,0,0
1243,4,60,0,0,2,12,1,32,110,70,1,0,12
1244,0,60,0,0,0,11,0,28,64,64,0,0,0
1244,4,60,0,0,2,12,0,31,110,66,1,0,3
1245,0,60,0,0,0,20,0,38,77,77,0,0,0
1246,0,60,0,0,0,16,0,34,84,84,1,0,16
1247,0,60,0,0,0,11,0,28,64,64,0,0,0
1247,4,60,0,0,2,12,0,31,110,70,1,0,9
1248,0,60,0,0,0,1,0,31,51,51,0,0,0
1248,2,60,0,0,2,2,0,34,98,58,1,0,6
1249,0,60,0,0,0,2,0,32,64,64,0,0,0
1249,2,60,0,0,2,3,0,35,110,70,1,0,3
1250,0,60,0,0,0,1,0,31,64,64,0,0,0
1250,2,60,0,0,2,2,0,34,98,58,1,0,9
1251,0,60,0,0,0,1,0,31,51,51,0,0,0
1251,2,60,0,0,2,2,0,34,98,58,0,0,0
1252,0,60,0,0,0,2,0,31,51,51,1,0,7
1252,2,60,0,0,2,4,0,34,98,58,0,0,0
1253,0,60,0,0,0,3,0,32,64,64,1,0,4
1253,2,60,0,0,2,5,0,35,110,70,0,0,0
1254,0,60,0,0,0,2,0,31,64,64,1,0,1
1254,2,60,0,0,2,4,0,34,98,58,0,0,0
1255,0,60,0,0,0,2,0,31,51,51,1,0,4
1255,2,60,0,0,2,4,0,34,98,58,0,0,0
1256,0,60,0,0,0,2,1,19,51,51,1,0,5
1256,2,60,0,0,6,4,3,25,98,58,0,0,0
1256,4,60,0,0,3,4,1,23,98,54,1,0,6
1256,6,60,0,0,9,6,3,29,141,57,0,0,0
1257,0,60,0,0,0,11,0,28,64,64,1,0,1
1257,2,60,0,0,2,10,0,31,110,70,0,0,0
1258,0,60,0,0,0,5,2,22,64,64,1,0,5
1258,2,60,0,0,6,4,3,25,98,58,0,0,0
1258,4,60,0,0,9,10,3,29,132,65,1,0,9
1258,6,60,0,0,9,6,3,29,141,65,0,0,0
1259,0,60,0,0,0,2,1,19,51,51,0,0,0
1259,2,60,0,0,6,4,3,25,98,58,1,0,6
1259,4,60,0,0,3,4,1,23,98,58,0,0,0
1259,6,60,0,0,9,6,3,29,141,61,1,0,5
1260,0,60,0,0,0,2,0,18,51,51,0,0,0
1260,2,60,0,0,3,4,0,22,98,58,1,0,7
1260,4,60,0,0,3,4,0,22,98,54,0,0,0
1260,6,60,0,0,6,6,0,26,141,57,1,0,9
1261,0,60,0,0,0,11,0,28,64,64,0,0,0
1261,2,60,0,0,2,12,0,31,110,70,1,0,10
1262,0,60,0,0,0,4,1,21,64,64,0,0,0
1262,2,60,0,0,3,4,1,23,98,58,1,0,3
1262,4,60,0,3,9,8,3,29,132,65,0,0,0
1262,6,60,0,3,9,6,3,29,141,65,1,0,9
1263,0,60,0,0,0,2,0,18,51,51,0,0,0
1263,2,60,0,0,3,4,0,22,98,58,1,0,3
1263,4,60,0,0,3,4,0,22,98,58,0,0,0
1263,6,60,0,0,6,6,0,26,141,61,0,0,0
1264,0,60,0,0,0,3,1,41,64,64,1,0,5
1265,0,60,0,0,0,4,0,42,84,84,0,0,0
1266,0,60,0,0,0,4,2,42,77,77,1,0,1
1267,0,60,0,0,0,3,1,41,64,64,0,0,0
1268,0,60,0,0,0,10,0,40,64,64,1,0,4
1269,0,60,0,0,0,12,0,42,84,84,0,0,0
1270,0,60,0,0,0,10,0,40,77,77,1,0,7
1271,0,60,0,0,0,10,0,40,64,64,0,0,0
1272,0,60,0,0,0,3,8,28,64,64,1,0,4
1272,4,60,0,0,2,5,9,31,98,54,0,0,0
1273,0,60,0,0,0,14,5,39,84,84,1,0,1
1274,0,60,0,0,0,9,12,34,77,77,0,0,0
1275,0,60,0,0,0,3,8,28,64,64,1,0,4
1275,4,60,0,0,2,5,9,31,98,58,0,0,0
1276,0,60,0,0,0,4,1,21,64,64,1,0,16
1276,2,60,0,3,9,8,3,29,132,61,0,0,0
1276,4,60,0,0,3,4,1,23,98,54,1,0,10
1276,6,60,0,3,9,6,3,29,141,61,0,0,0
1277,0,60,0,0,0,16,0,34,84,84,0,0,0
1278,0,60,0,0,0,8,4,26,77,77,1,0,1
1278,2,60,0,6,12,10,6,32,132,69,0,0,0
1278,4,60,0,6,12,10,6,32,132,69,1,0,5
1278,6,60,0,6,12,6,6,32,141,69,0,0,0
1279,0,60,0,0,0,4,1,21,64,64,1,0,13
1279,2,60,0,3,9,8,3,29,132,65,0,0,0
1279,4,60,0,0,3,4,1,23,98,58,1,0,6
1279,6,60,0,3,9,6,3,29,141,65,0,0,0
1280,0,60,0,0,0,0,0,42,51,51,1,0,1
1281,0,60,0,0,0,1,0,43,64,64,0,0,0
1282,0,60,0,0,0,1,0,43,64,64,1,0,7
1283,0,60,0,0,0,0,0,42,51,51,0,0,0
1284,0,60,0,0,0,0,0,42,51,51,1,0,4
1285,0,60,0,0,0,1,0,43,64,64,0,0,0
1286,0,60,0,0,0,0,0,43,64,64,1,0,4
1287,0,60,0,0,0,0,0,42,51,51,0,0,0
1288,0,60,0,0,0,2,0,31,51,51,0,0,0
1288,4,60,0,0,2,4,0,34,98,54,1,0,3
1289,0,60,0,0,0,11,0,40,64,64,0,0,0
1290,0,60,0,0,0,10,0,40,64,64,1,0,10
1291,0,60,0,0,0,2,0,31,51,51,0,0,0
1291,4,60,0,0,2,4,0,34,98,58,1,0,6
1292,0,60,0,0,0,1,0,31,51,51,0,0,0
1292,4,60,0,0,2,2,0,34,98,54,1,0,6
1293,0,60,0,0,0,9,0,40,64,64,0,0,0
1294,0,60,0,0,0,3,1,41,64,64,1,0,1
1295,0,60,0,0,0,1,0,31,51,51,0,0,0
1295,4,60,0,0,2,2,0,34,98,58,1,0,3
1296,0,60,0,0,0,1,0,43,64,64,0,0,0
1297,0,60,0,0,0,2,0,44,77,77,1,0,7
1298,0,60,0,0,0,2,0,44,84,84,0,0,0
1299,0,60,0,0,0,1,0,43,64,64,1,0,4
1300,0,60,0,0,0,1,0,43,64,64,0,0,0
1301,0,60,0,0,0,2,0,44,77,77,1,0,1
1302,0,60,0,0,0,1,0,44,84,84,0,0,0
1303,0,60,0,0,0,1,0,43,64,64,0,0,0
1304,0,60,0,0,0,3,0,32,64,64,1,0,5
1304,4,60,0,0,2,5,0,35,110,66,0,0,0
1305,0,60,0,0,0,12,0,41,77,77,1,0,7
1306,0,60,0,0,0,12,0,42,84,84,0,0,0
1307,0,60,0,0,0,3,0,32,64,64,1,0,10
1307,4,60,0,0,2,5,0,35,110,70,0,0,0
1308,0,60,0,0,0,2,0,32,64,64,1,0,1
1308,4,60,0,0,2,3,0,35,110,66,0,0,0
1309,0,60,0,0,0,10,0,41,77,77,1,0,10
1310,0,60,0,0,0,4,0,42,84,84,0,0,0
1311,0,60,0,0,0,2,0,32,64,64,1,0,10
1311,4,60,0,0,2,3,0,35,110,70,0,0,0
1312,0,60,0,0,0,0,0,42,51,51,1,0,4
1313,0,60,0,0,0,1,0,43,64,64,0,0,0
1314,0,60,0,0,0,1,0,43,64,64,1,0,1
1315,0,60,0,0,0,0,0,42,51,51,0,0,0
1316,0,60,0,0,0,0,0,42,51,51,1,0,4
1317,0,60,0,0,0,1,0,43,64,64,0,0,0
1318,0,60,0,0,0,0,0,43,64,64,0,0,0
1319,0,60,0,0,0,0,0,42,51,51,1,0,4
1320,0,60,0,0,0,2,0,31,51,51,0,0,0
1320,4,60,0,0,2,4,0,34,98,54,1,0,9
1321,0,60,0,0,0,11,0,40,64,64,0,0,0
1322,0,60,0,0,0,10,0,40,64,64,1,0,1
1323,0,60,0,0,0,2,0,31,51,51,0,0,0
1323,4,60,0,0,2,4,0,34,98,58,1,0,3
1324,0,60,0,0,0,1,0,31,51,51,0,0,0
1324,4,60,0,0,2,2,0,34,98,54,1,0,9
1325,0,60,0,0,0,9,0,40,64,64,0,0,0
1326,0,60,0,0,0,3,1,41,64,64,1,0,4
1327,0,60,0,0,0,1,0,31,51,51,0,0,0
1327,4,60,0,0,2,2,0,34,98,58,1,0,5
1328,0,60,0,0,0,1,0,43,64,64,0,0,0
1329,0,60,0,0,0,2,0,44,84,84,1,0,7
1330,0,60,0,0,0,2,0,44,77,77,0,0,0
1331,0,60,0,0,0,1,0,43,64,64,0,0,0
1332,0,60,0,0,0,1,0,43,64,64,1,0,7
1333,0,60,0,0,0,2,0,44,84,84,0,0,0
1334,0,60,0,0,0,1,0,44,77,77,1,0,4
1335,0,60,0,0,0,1,0,43,64,64,0,0,0
1336,0,60,0,0,0,2,0,31,64,64,1,0,1
1336,4,60,0,0,2,4,0,34,98,54,0,0,0
1337,0,60,0,0,0,12,0,41,84,84,1,0,10
1338,0,60,0,0,0,10,0,40,77,77,0,0,0
1339,0,60,0,0,0,2,0,31,64,64,1,0,4
1339,4,60,0,0,2,4,0,34,98,58,0,0,0
1340,0,60,0,0,0,1,0,31,64,64,1,0,4
1340,4,60,0,0,2,2,0,34,98,54,0,0,0
1341,0,60,0,0,0,10,0,41,84,84,1,0,1
1342,0,60,0,0,0,4,2,42,77,77,0,0,0
1343,0,60,0,0,0,1,0,31,64,64,1,0,5
1343,4,60,0,0,2,2,0,34,98,58,0,0,0
1344,0,60,0,0,0,0,0,42,51,51,1,0,4
1345,0,60,0,0,0,1,0,43,64,64,0,0,0
1346,0,60,0,0,0,1,0,43,64,64,0,0,0
1347,0,60,0,0,0,0,0,42,51,51,1,0,4
1348,0,60,0,0,0,0,0,42,51,51,0,0,0
1349,0,60,0,0,0,1,0,43,64,64,1,0,1
1350,0,60,0,0,0,1,0,43,64,64,0,0,0
1351,0,60,0,0,0,0,0,42,51,51,1,0,4
1352,0,60,0,0,0,2,0,31,51,51,0,0,0
1352,4,60,0,0,2,4,0,34,98,54,1,0,6
1353,0,60,0,0,0,11,0,40,64,64,0,0,0
1354,0,60,0,0,0,11,0,40,64,64,1,0,4
1355,0,60,0,0,0,2,0,31,51,51,0,0,0
1355,4,60,0,0,2,4,0,34,98,58,1,0,4
1356,0,60,0,0,0,2,0,31,51,51,0,0,0
1356,4,60,0,0,2,4,0,34,98,54,1,0,3
1357,0,60,0,0,0,10,0,40,64,64,0,0,0
1358,0,60,0,0,0,10,0,40,64,64,1,0,4
1359,0,60,0,0,0,2,0,31,51,51,0,0,0
1359,4,60,0,0,2,4,0,34,98,58,0,0,0
1360,0,60,0,0,0,1,0,43,64,64,1,0,7
1361,0,60,0,0,0,2,0,44,77,77,0,0,0
1362,0,60,0,0,0,2,0,44,84,84,1,0,1
1363,0,60,0,0,0,1,0,43,64,64,0,0,0
1364,0,60,0,0,0,1,0,43,64,64,1,0,4
1365,0,60,0,0,0,2,0,44,77,77,0,0,0
1366,0,60,0,0,0,2,0,44,84,84,1,0,10
1367,0,60,0,0,0,1,0,43,64,64,0,0,0
1368,0,60,0,0,0,3,0,32,64,64,1,0,4
1368,4,60,0,0,2,5,0,35,110,66,0,0,0
1369,0,60,0,0,0,12,0,41,77,77,1,0,1
1370,0,60,0,0,0,13,0,42,84,84,0,0,0
1371,0,60,0,0,0,3,0,32,64,64,1,0,4
1371,4,60,0,0,2,5,0,35,110,70,0,0,0
1372,0,60,0,0,0,3,0,32,64,64,1,0,7
1372,4,60,0,0,2,5,0,35,110,66,0,0,0
1373,0,60,0,0,0,11,0,41,77,77,1,0,4
1374,0,60,0,0,0,12,0,42,84,84,0,0,0
1375,0,60,0,0,0,3,0,32,64,64,0,0,0
1375,4,60,0,0,2,5,0,35,110,70,1,0,3
1376,0,60,0,0,0,0,0,42,51,51,0,0,0
1377,0,60,0,0,0,1,0,43,64,64,1,0,7
1378,0,60,0,0,0,1,0,43,64,64,0,0,0
1379,0,60,0,0,0,0,0,42,51,51,1,0,4
1380,0,60,0,0,0,0,0,42,51,51,0,0,0
1381,0,60,0,0,0,1,0,43,64,64,1,0,4
1382,0,60,0,0,0,1,0,43,64,64,0,0,0
1383,0,60,0,0,0,0,0,42,51,51,1,0,1
1384,0,60,0,0,0,2,0,31,51,51,0,0,0
1384,4,60,0,0,2,4,0,34,98,54,1,0,3
1385,0,60,0,0,0,11,0,40,64,64,0,0,0
1386,0,60,0,0,0,11,0,40,64,64,1,0,4
1387,0,60,0,0,0,2,0,31,51,51,0,0,0
1387,4,60,0,0,2,4,0,34,98,58,1,0,10
1388,0,60,0,0,0,2,0,31,51,51,0,0,0
1388,4,60,0,0,2,4,0,34,98,54,0,0,0
1389,0,60,0,0,0,10,0,40,64,64,1,0,1
1390,0,60,0,0,0,10,0,40,64,64,0,0,0
1391,0,60,0,0,0,2,0,31,51,51,1,0,7
1391,4,60,0,0,2,4,0,34,98,58,0,0,0
1392,0,60,0,0,0,0,0,43,64,64,1,0,7
1393,0,60,0,0,0,1,0,44,84,84,0,0,0
1394,0,60,0,0,0,1,0,44,77,77,1,0,4
1395,0,60,0,0,0,0,0,43,64,64,0,0,0
1396,0,60,0,0,0,1,0,43,64,64,1,0,1
1397,0,60,0,0,0,2,0,44,84,84,0,0,0
1398,0,60,0,0,0,2,0,44,77,77,1,0,10
1399,0,60,0,0,0,1,0,43,64,64,0,0,0
1400,0,60,0,0,0,2,1,32,64,64,1,0,7
1400,4,60,0,0,2,4,1,35,98,54,0,0,0
1401,0,60,0,0,0,11,0,41,84,84,1,0,4
1402,0,60,0,0,0,12,2,42,77,77,0,0,0
1403,0,60,0,0,0,2,1,32,64,64,1,0,1
1403,4,60,0,0,2,4,1,35,98,58,0,0,0
1404,0,60,0,0,0,2,0,31,64,64,0,0,0
1404,4,60,0,0,2,4,0,34,98,54,1,0,3
1405,0,60,0,0,0,11,0,41,84,84,0,0,0
1406,0,60,0,0,0,10,0,40,77,77,1,0,10
1407,0,60,0,0,0,2,0,31,64,64,0,0,0
1407,4,60,0,0,2,4,0,34,98,58,1,0,6
1408,0,60,0,0,0,2,0,31,51,51,0,0,0
1408,2,60,0,0,2,4,0,34,98,54,1,0,3
1409,0,60,0,0,0,3,0,32,64,64,0,0,0
1409,2,60,0,0,2,5,0,35,110,66,1,0,13
1410,0,60,0,0,0,2,0,31,64,64,0,0,0
1410,2,60,0,0,2,4,0,34,98,54,1,0,10
1411,0,60,0,0,0,2,0,31,51,51,0,0,0
1411,2,60,0,0,2,4,0,34,98,54,1,0,6
1412,0,60,0,0,0,2,0,31,51,51,0,0,0
1412,2,60,0,0,2,4,0,34,98,54,1,0,3
1413,0,60,0,0,0,3,0,32,64,64,0,0,0
1413,2,60,0,0,2,5,0,35,110,66,1,0,6
1414,0,60,0,0,0,2,1,32,64,64,0,0,0
1414,2,60,0,0,2,4,1,35,98,54,0,0,0
1415,0,60,0,0,0,2,0,31,51,51,1,0,5
1415,2,60,0,0,2,4,0,34,98,54,0,0,0
1416,0,60,0,0,0,2,0,18,51,51,1,0,8
1416,2,60,0,0,3,4,0,22,98,54,0,0,0
1416,4,60,0,0,3,4,0,22,98,54,1,0,3
1416,6,60,0,0,6,6,0,26,141,53,0,0,0
1417,0,60,0,0,0,12,0,28,64,64,1,0,10
1417,2,60,0,0,2,13,0,31,110,66,0,0,0
1418,0,60,0,0,0,4,1,21,64,64,1,0,7
1418,2,60,0,0,3,4,1,23,98,54,0,0,0
1418,4,60,0,0,9,8,3,29,132,61,1,0,9
1418,6,60,0,0,9,6,3,29,141,61,0,0,0
1419,0,60,0,0,0,2,0,18,51,51,1,0,1
1419,2,60,0,0,3,4,0,22,98,54,0,0,0
1419,4,60,0,0,3,4,0,22,98,58,1,0,10
1419,6,60,0,0,6,6,0,26,141,57,0,0,0
1420,0,60,0,0,0,2,1,19,51,51,0,0,0
1420,2,60,0,0,3,4,1,23,98,54,1,0,3
1420,4,60,0,0,6,4,3,25,98,54,0,0,0
1420,6,60,0,0,9,6,3,29,141,53,1,0,8
1421,0,60,0,0,0,11,1,29,64,64,0,0,0
1421,2,60,0,0,2,12,1,32,110,66,1,0,3
1422,0,60,0,0,0,3,8,28,64,64,0,0,0
1422,2,60,0,0,2,5,9,31,98,54,1,0,10
1423,0,60,0,0,0,2,1,19,51,51,0,0,0
1423,2,60,0,0,3,4,1,23,98,54,1,0,10
1423,4,60,0,0,6,4,3,25,98,58,0,0,0
1423,6,60,0,0,9,6,3,29,141,57,1,0,12
1424,0,60,0,0,0,11,0,40,64,64,0,0,0
1425,0,60,0,0,0,12,0,41,77,77,1,0,1
1426,0,60,0,0,0,12,0,41,84,84,0,0,0
1427,0,60,0,0,0,11,0,40,64,64,1,0,4
1428,0,60,0,0,0,11,0,40,64,64,0,0,0
1429,0,60,0,0,0,12,0,41,77,77,1,0,10
1430,0,60,0,0,0,11,0,41,84,84,0,0,0
1431,0,60,0,0,0,11,0,40,64,64,0,0,0
1432,0,60,0,0,0,12,0,28,64,64,1,0,4
1432,4,60,0,0,2,13,0,31,110,66,0,0,0
1433,0,60,0,0,0,22,0,38,77,77,1,0,1
1434,0,60,0,0,0,17,0,34,84,84,0,0,0
1435,0,60,0,0,0,12,0,28,64,64,1,0,7
1435,4,60,0,0,2,13,0,31,110,70,0,0,0
1436,0,60,0,0,0,11,0,28,64,64,1,0,10
1436,4,60,0,0,2,10,0,31,110,66,0,0,0
1437,0,60,0,0,0,20,0,38,77,77,1,0,4
1438,0,60,0,0,0,14,5,39,84,84,0,0,0
1439,0,60,0,0,0,11,0,28,64,64,1,0,1
1439,4,60,0,0,2,10,0,31,110,70,0,0,0
1440,0,60,0,0,0,2,0,31,51,51,1,0,4
1440,2,60,0,0,2,4,0,34,98,58,0,0,0
1441,0,60,0,0,0,3,0,32,64,64,1,0,7
1441,2,60,0,0,2,5,0,35,110,70,0,0,0
1442,0,60,0,0,0,2,0,31,64,64,0,0,0
1442,2,60,0,0,2,4,0,34,98,58,1,0,9
1443,0,60,0,0,0,2,0,31,51,51,0,0,0
1443,2,60,0,0,2,4,0,34,98,58,1,0,3
1444,0,60,0,0,0,2,0,31,51,51,0,0,0
1444,2,60,0,0,2,4,0,34,98,58,1,0,6
1445,0,60,0,0,0,3,0,32,64,64,0,0,0
1445,2,60,0,0,2,5,0,35,110,70,1,0,4
1446,0,60,0,0,0,2,1,32,64,64,0,0,0
1446,2,60,0,0,2,4,1,35,98,58,1,0,8
1447,0,60,0,0,0,2,0,31,51,51,0,0,0
1447,2,60,0,0,2,4,0,34,98,58,1,0,10
1448,0,60,0,0,0,2,0,18,51,51,0,0,0
1448,2,60,0,0,3,4,0,22,98,58,1,0,6
1448,4,60,0,0,3,4,0,22,98,54,0,0,0
1448,6,60,0,0,6,6,0,26,141,57,1,0,12
1449,0,60,0,0,0,12,0,28,64,64,0,0,0
1449,2,60,0,0,2,13,0,31,110,70,1,0,6
1450,0,60,0,0,0,4,1,21,64,64,0,0,0
1450,2,60,0,0,3,4,1,23,98,58,0,0,0
1450,4,60,0,0,9,8,3,29,132,65,1,0,5
1450,6,60,0,0,9,6,3,29,141,65,0,0,0
1451,0,60,0,0,0,2,0,18,51,51,1,0,7
1451,2,60,0,0,3,4,0,22,98,58,0,0,0
1451,4,60,0,0,3,4,0,22,98,58,1,0,9
1451,6,60,0,0,6,6,0,26,141,61,0,0,0
1452,0,60,0,0,0,2,1,19,51,51,1,0,4
1452,2,60,0,0,3,4,1,23,98,58,0,0,0
1452,4,60,0,0,6,4,3,25,98,54,1,0,3
1452,6,60,0,0,9,6,3,29,141,57,0,0,0
1453,0,60,0,0,0,11,1,29,64,64,1,0,10
1453,2,60,0,0,2,12,1,32,110,70,0,0,0
1454,0,60,0,0,0,3,8,28,64,64,1,0,7
1454,2,60,0,0,2,5,9,31,98,58,0,0,0
1455,0,60,0,0,0,2,1,19,51,51,1,0,4
1455,2,60,0,0,3,4,1,23,98,58,0,0,0
1455,4,60,0,0,6,4,3,25,98,58,0,0,0
1455,6,60,0,0,9,6,3,29,141,61,1,0,5
1456,0,60,0,0,0,10,0,40,64,64,0,0,0
1457,0,60,0,0,0,12,0,42,84,84,1,0,7
1458,0,60,0,0,0,10,0,40,77,77,0,0,0
1459,0,60,0,0,0,10,0,40,64,64,1,0,10
1460,0,60,0,0,0,11,0,40,64,64,0,0,0
1461,0,60,0,0,0,13,0,42,84,84,1,0,4
1462,0,60,0,0,0,12,2,42,77,77,0,0,0
1463,0,60,0,0,0,11,0,40,64,64,1,0,1
1464,0,60,0,0,0,4,1,21,64,64,0,0,0
1464,2,60,0,0,9,8,3,29,132,61,1,0,12
1464,4,60,0,0,3,4,1,23,98,54,0,0,0
1464,6,60,0,0,9,6,3,29,141,61,1,0,6
1465,0,60,0,0,0,17,0,34,84,84,0,0,0
1466,0,60,0,0,0,8,4,26,77,77,1,0,4
1466,2,60,0,0,12,10,6,32,132,69,0,0,0
1466,4,60,0,0,12,10,6,32,132,69,1,0,7
1466,6,60,0,0,12,6,6,32,141,69,0,0,0
1467,0,60,0,0,0,4,1,21,64,64,0,0,0
1467,2,60,0,0,9,8,3,29,132,65,1,0,5
1467,4,60,0,0,3,4,1,23,98,58,0,0,0
1467,6,60,0,0,9,6,3,29,141,65,1,0,5
1468,0,60,0,0,0,5,2,22,64,64,0,0,0
1468,2,60,0,0,9,10,3,29,132,61,1,0,8
1468,4,60,0,0,6,4,3,25,98,54,0,0,0
1468,6,60,0,0,9,6,3,29,141,61,1,0,9
1469,0,60,0,0,0,18,2,36,84,84,0,0,0
1470,0,60,0,0,0,9,12,34,77,77,1,0,11
1471,0,60,0,0,0,5,2,22,64,64,0,0,0
1471,2,60,0,0,9,10,3,29,132,65,1,0,7
1471,4,60,0,0,6,4,3,25,98,58,0,0,0
1471,6,60,0,0,9,6,3,29,141,65,1,0,16
1472,0,60,0,0,0,1,0,31,51,51,0,0,0
1472,2,60,0,0,2,2,0,34,98,54,1,0,3
1473,0,60,0,0,0,2,0,32,64,64,0,0,0
1473,2,60,0,0,2,3,0,35,110,66,1,0,6
1474,0,60,0,0,0,1,0,31,64,64,0,0,0
1474,2,60,0,0,2,2,0,34,98,54,0,0,0
1475,0,60,0,0,0,1,0,31,51,51,1,0,5
1475,2,60,0,0,2,2,0,34,98,54,0,0,0
1476,0,60,0,0,0,2,0,31,51,51,1,0,8
1476,2,60,0,0,2,4,0,34,98,54,0,0,0
1477,0,60,0,0,0,3,0,32,64,64,1,0,1
1477,2,60,0,0,2,5,0,35,110,66,0,0,0
1478,0,60,0,0,0,2,0,31,64,64,1,0,8
1478,2,60,0,0,2,4,0,34,98,54,0,0,0
1479,0,60,0,0,0,2,0,31,51,51,1,0,7
1479,2,60,0,0,2,4,0,34,98,54,0,0,0
1480,0,60,0,0,0,2,1,19,51,51,1,0,4
1480,2,60,0,0,6,4,3,25,98,54,0,0,0
1480,4,60,0,0,3,4,1,23,98,54,1,0,10
1480,6,60,0,0,9,6,3,29,141,53,0,0,0
1481,0,60,0,0,0,11,0,28,64,64,1,0,11
1481,2,60,0,0,2,10,0,31,110,66,0,0,0
1482,0,60,0,0,0,5,2,22,64,64,0,0,0
1482,2,60,0,0,6,4,3,25,98,54,1,0,3
1482,4,60,0,0,9,10,3,29,132,61,0,0,0
1482,6,60,0,0,9,6,3,29,141,61,1,0,8
1483,0,60,0,0,0,2,1,19,51,51,0,0,0
1483,2,60,0,0,6,4,3,25,98,54,1,0,3
1483,4,60,0,0,3,4,1,23,98,58,0,0,0
1483,6,60,0,0,9,6,3,29,141,57,1,0,6
1484,0,60,0,0,0,2,0,18,51,51,0,0,0
1484,2,60,0,0,3,4,0,22,98,54,1,0,10
1484,4,60,0,0,3,4,0,22,98,54,0,0,0
1484,6,60,0,0,6,6,0,26,141,53,1,0,12
1485,0,60,0,0,0,11,0,28,64,64,0,0,0
1485,2,60,0,0,2,12,0,31,110,66,1,0,3
1486,0,60,0,0,0,4,1,21,64,64,0,0,0
1486,2,60,0,0,3,4,1,23,98,54,1,0,7
1486,4,60,0,3,9,8,3,29,132,61,0,0,0
1486,6,60,0,3,9,6,3,29,141,61,1,0,9
1487,0,60,0,0,0,2,0,18,51,51,0,0,0
1487,2,60,0,0,3,4,0,22,98,54,0,0,0
1487,4,60,0,0,3,4,0,22,98,58,1,0,6
1487,6,60,0,0,6,6,0,26,141,57,0,0,0
1488,0,60,0,0,0,9,0,40,64,64,1,0,1
1489,0,60,0,0,0,10,0,41,77,77,0,0,0
1490,0,60,0,0,0,10,0,41,84,84,1,0,13
1491,0,60,0,0,0,9,0,40,64,64,0,0,0
1492,0,60,0,0,0,10,0,40,64,64,1,0,10
1493,0,60,0,0,0,11,0,41,77,77,0,0,0
1494,0,60,0,0,0,11,0,41,84,84,1,0,4
1495,0,60,0,0,0,10,0,40,64,64,0,0,0
1496,0,60,0,0,0,11,1,29,64,64,1,0,1
1496,4,60,0,0,2,12,1,32,110,66,0,0,0
1497,0,60,0,0,0,20,0,38,77,77,1,0,10
1498,0,60,0,0,0,18,2,36,84,84,0,0,0
1499,0,60,0,0,0,11,1,29,64,64,1,0,10
1499,4,60,0,0,2,12,1,32,110,70,0,0,0
1500,0,60,0,0,0,11,0,28,64,64,0,0,0
1500,4,60,0,0,2,12,0,31,110,66,1,0,9
1501,0,60,0,0,0,20,0,38,77,77,0,0,0
1502,0,60,0,0,0,16,0,34,84,84,1,0,1
1503,0,60,0,0,0,11,0,28,64,64,0,0,0
1503,4,60,0,0,2,12,0,31,110,70,1,0,3
1504,0,60,0,0,0,1,0,31,51,51,0,0,0
1504,2,60,0,0,2,2,0,34,98,58,1,0,4
1505,0,60,0,0,0,2,0,32,64,64,0,0,0
1505,2,60,0,0,2,3,0,35,110,70,1,0,8
1506,0,60,0,0,0,1,0,31,64,64,0,0,0
1506,2,60,0,0,2,2,0,34,98,58,1,0,10
1507,0,60,0,0,0,1,0,31,51,51,0,0,0
1507,2,60,0,0,2,2,0,34,98,58,1,0,9
1508,0,60,0,0,0,2,0,31,51,51,0,0,0
1508,2,60,0,0,2,4,0,34,98,58,1,0,3
1509,0,60,0,0,0,3,0,32,64,64,0,0,0
1509,2,60,0,0,2,5,0,35,110,70,1,0,6
1510,0,60,0,0,0,2,0,31,64,64,0,0,0
1510,2,60,0,0,2,4,0,34,98,58,0,0,0
1511,0,60,0,0,0,2,0,31,51,51,1,0,1
1511,2,60,0,0,2,4,0,34,98,58,0,0,0
1512,0,60,0,0,0,2,1,19,51,51,1,0,5
1512,2,60,0,0,6,4,3,25,98,58,0,0,0
1512,4,60,0,0,3,4,1,23,98,54,1,0,9
1512,6,60,0,0,9,6,3,29,141,57,0,0,0
1513,0,60,0,0,0,11,0,28,64,64,1,0,4
1513,2,60,0,0,2,10,0,31,110,70,0,0,0
1514,0,60,0,0,0,5,2,22,64,64,1,0,1
1514,2,60,0,0,6,4,3,25,98,58,0,0,0
1514,4,60,0,0,9,10,3,29,132,65,1,0,9
1514,6,60,0,0,9,6,3,29,141,65,0,0,0
1515,0,60,0,0,0,2,1,19,51,51,1,0,7
1515,2,60,0,0,6,4,3,25,98,58,0,0,0
1515,4,60,0,0,3,4,1,23,98,58,1,0,10
1515,6,60,0,0,9,6,3,29,141,61,0,0,0
1516,0,60,0,0,0,2,0,18,51,51,0,0,0
1516,2,60,0,0,3,4,0,22,98,58,1,0,3
1516,4,60,0,0,3,4,0,22,98,54,0,0,0
1516,6,60,0,0,6,6,0,26,141,57,1,0,5
1517,0,60,0,0,0,11,0,28,64,64,0,0,0
1517,2,60,0,0,2,12,0,31,110,70,1,0,3
1518,0,60,0,0,0,4,1,21,64,64,0,0,0
1518,2,60,0,0,3,4,1,23,98,58,1,0,7
1518,4,60,0,3,9,8,3,29,132,65,0,0,0
1518,6,60,0,3,9,6,3,29,141,65,1,0,7
1519,0,60,0,0,0,2,0,18,51,51,0,0,0
1519,2,60,0,0,3,4,0,22,98,58,1,0,16
1519,4,60,0,0,3,4,0,22,98,58,0,0,0
1519,6,60,0,0,6,6,0,26,141,61,1,0,6
1520,0,60,0,0,0,3,1,41,64,64,0,0,0
1521,0,60,0,0,0,4,0,42,84,84,1,0,4
1522,0,60,0,0,0,4,2,42,77,77,0,0,0
1523,0,60,0,0,0,3,1,41,64,64,1,0,1
1524,0,60,0,0,0,10,0,40,64,64,0,0,0
1525,0,60,0,0,0,12,0,42,84,84,0,0,0
1526,0,60,0,0,0,10,0,40,77,77,1,0,10
1527,0,60,0,0,0,10,0,40,64,64,0,0,0
1528,0,60,0,0,0,3,8,28,64,64,1,0,11
1528,4,60,0,0,2,5,9,31,98,54,0,0,0
1529,0,60,0,0,0,14,5,39,84,84,1,0,10
1530,0,60,0,0,0,9,12,34,77,77,0,0,0
1531,0,60,0,0,0,3,8,28,64,64,1,0,1
1531,4,60,0,0,2,5,9,31,98,58,0,0,0
1532,0,60,0,0,0,4,1,21,64,64,1,0,5
1532,2,60,0,3,9,8,3,29,132,61,0,0,0
1532,4,60,0,0,3,4,1,23,98,54,1,0,9
1532,6,60,0,3,9,6,3,29,141,61,0,0,0
1533,0,60,0,0,0,16,0,34,84,84,1,0,4
1534,0,60,0,0,0,8,4,26,77,77,0,0,0
1534,2,60,0,6,12,10,6,32,132,69,1,0,12
1534,4,60,0,6,12,10,6,32,132,69,0,0,0
1534,6,60,0,6,12,6,6,32,141,69,1,0,9
1535,0,60,0,0,0,4,1,21,64,64,0,0,0
1535,2,60,0,3,9,8,3,29,132,65,0,0,0
1535,4,60,0,0,3,4,1,23,98,58,1,0,9
1535,6,60,0,3,9,6,3,29,141,65,0,0,0
1536,0,60,0,0,0,0,0,43,64,64,1,0,4
1537,0,60,0,0,0,1,0,44,84,84,0,0,0
1538,0,60,0,0,0,1,0,44,77,77,1,0,1
1539,0,60,0,0,0,0,0,43,64,64,0,0,0
1540,0,60,0,0,0,0,0,43,64,64,1,0,4
1541,0,60,0,0,0,1,0,44,84,84,0,0,0
1542,0,60,0,0,0,0,0,44,77,77,1,0,4
1543,0,60,0,0,0,0,0,43,64,64,0,0,0
1544,0,60,0,0,0,2,0,32,64,64,1,0,7
1544,4,60,0,0,2,4,0,35,110,66,0,0,0
1545,0,60,0,0,0,12,0,42,84,84,1,0,1
1546,0,60,0,0,0,10,0,41,77,77,0,0,0
1547,0,60,0,0,0,2,0,32,64,64,1,0,13
1547,4,60,0,0,2,4,0,35,110,70,0,0,0
1548,0,60,0,0,0,1,0,32,64,64,0,0,0
1548,4,60,0,0,2,2,0,35,110,66,1,0,6
1549,0,60,0,0,0,10,0,42,84,84,0,0,0
1550,0,60,0,0,0,3,1,42,77,77,1,0,4
1551,0,60,0,0,0,1,0,32,64,64,0,0,0
1551,4,60,0,0,2,2,0,35,110,70,1,0,3
1552,0,60,0,0,0,1,0,44,77,77,0,0,0
1553,0,60,0,0,0,2,0,45,97,97,1,0,13
1554,0,60,0,0,0,2,0,45,97,97,0,0,0
1555,0,60,0,0,0,1,0,44,77,77,1,0,4
1556,0,60,0,0,0,1,0,44,77,77,0,0,0
1557,0,60,0,0,0,2,0,45,97,97,1,0,10
1558,0,60,0,0,0,1,0,45,97,97,0,0,0
1559,0,60,0,0,0,1,0,44,77,77,1,0,1
1560,0,60,0,0,0,3,0,33,77,77,0,0,0
1560,4,60,0,0,2,5,0,36,122,78,1,0,13
1561,0,60,0,0,0,13,0,43,97,97,0,0,0
1562,0,60,0,0,0,12,0,43,97,97,1,0,7
1563,0,60,0,0,0,3,0,33,77,77,0,0,0
1563,4,60,0,0,2,5,0,36,122,82,0,0,0
1564,0,60,0,0,0,2,0,33,77,77,1,0,7
1564,4,60,0,0,2,3,0,36,122,78,0,0,0
1565,0,60,0,0,0,11,0,43,97,97,1,0,1
1566,0,60,0,0,0,4,0,43,97,97,0,0,0
1567,0,60,0,0,0,2,0,33,77,77,1,0,7
1567,4,60,0,0,2,3,0,36,122,82,0,0,0
1568,0,60,0,0,0,0,0,43,64,64,1,0,4
1569,0,60,0,0,0,1,0,44,84,84,0,0,0
1570,0,60,0,0,0,1,0,44,77,77,1,0,7
1571,0,60,0,0,0,0,0,43,64,64,0,0,0
1572,0,60,0,0,0,0,0,43,64,64,1,0,1
1573,0,60,0,0,0,1,0,44,84,84,0,0,0
1574,0,60,0,0,0,0,0,44,77,77,1,0,7
1575,0,60,0,0,0,0,0,43,64,64,0,0,0
1576,0,60,0,0,0,2,0,32,64,64,1,0,4
1576,4,60,0,0,2,4,0,35,110,66,0,0,0
1577,0,60,0,0,0,12,0,42,84,84,0,0,0
1578,0,60,0,0,0,10,0,41,77,77,1,0,10
1579,0,60,0,0,0,2,0,32,64,64,0,0,0
1579,4,60,0,0,2,4,0,35,110,70,1,0,3
1580,0,60,0,0,0,1,0,32,64,64,0,0,0
1580,4,60,0,0,2,2,0,35,110,66,1,0,3
1581,0,60,0,0,0,10,0,42,84,84,0,0,0
1582,0,60,0,0,0,3,1,42,77,77,1,0,7
1583,0,60,0,0,0,1,0,32,64,64,0,0,0
1583,4,60,0,0,2,2,0,35,110,70,1,0,9
1584,0,60,0,0,0,1,0,44,84,84,0,0,0
1585,0,60,0,0,0,2,0,45,111,111,1,0,1
1586,0,60,0,0,0,2,0,45,97,97,0,0,0
1587,0,60,0,0,0,1,0,44,84,84,1,0,7
1588,0,60,0,0,0,1,0,44,84,84,0,0,0
1589,0,60,0,0,0,2,0,45,111,111,1,0,7
1590,0,60,0,0,0,1,0,45,97,97,0,0,0
1591,0,60,0,0,0,1,0,44,84,84,1,0,10
1592,0,60,0,0,0,2,0,32,84,84,0,0,0
1592,4,60,0,0,2,4,0,35,110,66,0,0,0
1593,0,60,0,0,0,13,0,43,111,111,1,0,1
1594,0,60,0,0,0,10,0,41,97,97,0,0,0
1595,0,60,0,0,0,2,0,32,84,84,1,0,7
1595,4,60,0,0,2,4,0,35,110,70,0,0,0
1596,0,60,0,0,0,1,0,32,84,84,1,0,8
1596,4,60,0,0,2,2,0,35,110,66,0,0,0
1597,0,60,0,0,0,11,0,43,111,111,1,0,13
1598,0,60,0,0,0,4,2,43,97,97,0,0,0
1599,0,60,0,0,0,1,0,32,84,84,1,0,1
1599,4,60,0,0,2,2,0,35,110,70,0,0,0
1600,0,60,0,0,0,1,0,43,64,64,1,0,4
1601,0,60,0,0,0,2,0,44,84,84,0,0,0
1602,0,60,0,0,0,2,0,44,77,77,1,0,4
1603,0,60,0,0,0,1,0,43,64,64,0,0,0
1604,0,60,0,0,0,1,0,43,64,64,1,0,7
1605,0,60,0,0,0,2,0,44,84,84,0,0,0
1606,0,60,0,0,0,2,0,44,77,77,0,0,0
1607,0,60,0,0,0,1,0,43,64,64,1,0,1
1608,0,60,0,0,0,3,0,32,64,64,0,0,0
1608,4,60,0,0,2,5,0,35,110,66,1,0,3
1609,0,60,0,0,0,13,0,42,84,84,0,0,0
1610,0,60,0,0,0,12,0,41,77,77,1,0,4
1611,0,60,0,0,0,3,0,32,64,64,0,0,0
1611,4,60,0,0,2,5,0,35,110,70,1,0,10
1612,0,60,0,0,0,3,0,32,64,64,0,0,0
1612,4,60,0,0,2,5,0,35,110,66,1,0,3
1613,0,60,0,0,0,12,0,42,84,84,0,0,0
1614,0,60,0,0,0,11,0,41,77,77,1,0,10
1615,0,60,0,0,0,3,0,32,64,64,0,0,0
1615,4,60,0,0,2,5,0,35,110,70,1,0,7
1616,0,60,0,0,0,2,0,44,77,77,0,0,0
1617,0,60,0,0,0,3,0,45,97,97,1,0,7
1618,0,60,0,0,0,3,0,45,97,97,0,0,0
1619,0,60,0,0,0,2,0,44,77,77,1,0,1
1620,0,60,0,0,0,2,0,44,77,77,0,0,0
1621,0,60,0,0,0,3,0,45,97,97,0,0,0
1622,0,60,0,0,0,3,0,45,97,97,1,0,13
1623,0,60,0,0,0,2,0,44,77,77,0,0,0
1624,0,60,0,0,0,4,0,33,77,77,1,0,7
1624,4,60,0,0,2,6,0,36,122,78,0,0,0
1625,0,60,0,0,0,14,0,43,97,97,1,0,10
1626,0,60,0,0,0,14,0,43,97,97,0,0,0
1627,0,60,0,0,0,4,0,33,77,77,1,0,1
1627,4,60,0,0,2,6,0,36,122,82,0,0,0
1628,0,60,0,0,0,4,0,33,77,77,1,0,5
1628,4,60,0,0,2,6,0,36,122,78,0,0,0
1629,0,60,0,0,0,13,0,43,97,97,1,0,13
1630,0,60,0,0,0,13,0,43,97,97,0,0,0
1631,0,60,0,0,0,4,0,33,77,77,1,0,7
1631,4,60,0,0,2,6,0,36,122,82,0,0,0
1632,0,60,0,0,0,1,0,43,64,64,1,0,1
1633,0,60,0,0,0,2,0,44,84,84,0,0,0
1634,0,60,0,0,0,2,0,44,77,77,1,0,4
1635,0,60,0,0,0,1,0,43,64,64,0,0,0
1636,0,60,0,0,0,1,0,43,64,64,0,0,0
1637,0,60,0,0,0,2,0,44,84,84,1,0,4
1638,0,60,0,0,0,2,0,44,77,77,0,0,0
1639,0,60,0,0,0,1,0,43,64,64,1,0,4
1640,0,60,0,0,0,3,0,32,64,64,0,0,0
1640,4,60,0,0,2,5,0,35,110,66,1,0,3
1641,0,60,0,0,0,13,0,42,84,84,0,0,0
1642,0,60,0,0,0,12,0,41,77,77,1,0,10
1643,0,60,0,0,0,3,0,32,64,64,0,0,0
1643,4,60,0,0,2,5,0,35,110,70,1,0,9
1644,0,60,0,0,0,3,0,32,64,64,0,0,0
1644,4,60,0,0,2,5,0,35,110,66,1,0,10
1645,0,60,0,0,0,12,0,42,84,84,0,0,0
1646,0,60,0,0,0,11,0,41,77,77,1,0,1
1647,0,60,0,0,0,3,0,32,64,64,0,0,0
1647,4,60,0,0,2,5,0,35,110,70,1,0,13
1648,0,60,0,0,0,1,0,44,84,84,0,0,0
1649,0,60,0,0,0,2,0,45,111,111,0,0,0
1650,0,60,0,0,0,2,0,45,97,97,1,0,7
1651,0,60,0,0,0,1,0,44,84,84,0,0,0
1652,0,60,0,0,0,2,0,44,84,84,1,0,4
1653,0,60,0,0,0,3,0,45,111,111,0,0,0
1654,0,60,0,0,0,3,0,45,97,97,1,0,1
1655,0,60,0,0,0,2,0,44,84,84,0,0,0
1656,0,60,0,0,0,3,1,33,84,84,1,0,5
1656,4,60,0,0,2,5,1,36,110,66,0,0,0
1657,0,60,0,0,0,13,0,43,111,111,1,0,4
1658,0,60,0,0,0,13,2,43,97,97,0,0,0
1659,0,60,0,0,0,3,1,33,84,84,1,0,7
1659,4,60,0,0,2,5,1,36,110,70,0,0,0
1660,0,60,0,0,0,3,0,32,84,84,1,0,1
1660,4,60,0,0,2,5,0,35,110,66,0,0,0
1661,0,60,0,0,0,13,0,43,111,111,1,0,5
1662,0,60,0,0,0,11,0,41,97,97,0,0,0
1663,0,60,0,0,0,3,0,32,84,84,1,0,10
1663,4,60,0,0,2,5,0,35,110,70,0,0,0
1664,0,60,0,0,0,2,1,32,64,64,0,0,0
1664,2,60,0,0,2,4,1,35,98,54,1,0,6
1665,0,60,0,0,0,3,1,33,84,84,0,0,0
1665,2,60,0,0,2,5,1,36,110,66,1,0,3
1666,0,60,0,0,0,2,1,32,77,77,0,0,0
1666,2,60,0,0,2,4,1,35,98,54,1,0,6
1667,0,60,0,0,0,2,1,32,64,64,0,0,0
1667,2,60,0,0,2,4,1,35,98,54,1,0,3
1668,0,60,0,0,0,2,1,32,64,64,0,0,0
1668,2,60,0,0,2,4,1,35,98,54,1,0,10
1669,0,60,0,0,0,3,1,33,84,84,0,0,0
1669,2,60,0,0,2,5,1,36,110,66,1,0,3
1670,0,60,0,0,0,2,2,33,77,77,0,0,0
1670,2,60,0,0,2,4,2,36,98,54,1,0,6
1671,0,60,0,0,0,2,1,32,64,64,0,0,0
1671,2,60,0,0,2,4,1,35,98,54,1,0,3
1672,0,60,0,0,0,2,1,19,64,64,0,0,0
1672,2,60,0,0,3,4,1,23,98,54,0,0,0
1672,4,60,0,0,3,4,1,23,110,66,1,0,13
1672,6,60,0,0,6,6,1,27,141,53,0,0,0
1673,0,60,0,0,0,13,2,30,84,84,1,0,1
1673,2,60,0,0,2,14,2,33,110,66,0,0,0
1674,0,60,0,0,0,4,2,22,77,77,1,0,11
1674,2,60,0,0,3,4,2,24,98,54,0,0,0
1674,4,60,0,0,9,8,4,30,137,61,1,0,6
1674,6,60,0,0,9,6,4,30,141,61,0,0,0
1675,0,60,0,0,0,2,1,19,64,64,1,0,10
1675,2,60,0,0,3,4,1,23,98,54,0,0,0
1675,4,60,0,0,3,4,1,23,110,70,1,0,3
1675,6,60,0,0,6,6,1,27,141,57,0,0,0
1676,0,60,0,0,0,2,2,20,64,64,1,0,4
1676,2,60,0,0,3,4,2,24,98,54,0,0,0
1676,4,60,0,0,6,4,4,26,110,66,1,0,14
1676,6,60,0,0,9,6,4,30,141,53,0,0,0
1677,0,60,0,0,0,12,3,31,84,84,1,0,8
1677,2,60,0,0,2,13,3,34,110,66,0,0,0
1678,0,60,0,0,0,3,9,29,77,77,0,0,0
1678,2,60,0,0,2,5,10,32,98,54,1,0,3
1679,0,60,0,0,0,2,2,20,64,64,0,0,0
1679,2,60,0,0,3,4,2,24,98,54,1,0,9
1679,4,60,0,0,6,4,4,26,110,70,0,0,0
1679,6,60,0,0,9,6,4,30,141,57,1,0,5
1680,0,60,0,0,0,12,2,42,77,77,0,0,0
1681,0,60,0,0,0,13,2,43,97,97,1,0,10
1682,0,60,0,0,0,13,2,43,97,97,0,0,0
1683,0,60,0,0,0,12,2,42,77,77,1,0,1
1684,0,60,0,0,0,12,2,42,77,77,0,0,0
1685,0,60,0,0,0,13,2,43,97,97,1,0,13
1686,0,60,0,0,0,12,2,43,97,97,0,0,0
1687,0,60,0,0,0,12,2,42,77,77,1,0,10
1688,0,60,0,0,0,13,2,30,77,77,0,0,0
1688,4,60,0,0,2,14,2,33,122,78,1,0,16
1689,0,60,0,0,0,24,3,41,97,97,0,0,0
1690,0,60,0,0,0,19,3,37,97,97,0,0,0
1691,0,60,0,0,0,13,2,30,77,77,1,0,1
1691,4,60,0,0,2,14,2,33,122,82,0,0,0
1692,0,60,0,0,0,12,2,30,77,77,1,0,5
1692,4,60,0,0,2,11,2,33,122,78,0,0,0
1693,0,60,0,0,0,22,3,41,97,97,1,0,10
1694,0,60,0,0,0,15,7,41,97,97,0,0,0
1695,0,60,0,0,0,12,2,30,77,77,1,0,7
1695,4,60,0,0,2,11,2,33,122,82,0,0,0
1696,0,60,0,0,0,2,1,32,64,64,1,0,1
1696,2,60,0,0,2,4,1,35,98,58,0,0,0
1697,0,60,0,0,0,3,1,33,84,84,1,0,13
1697,2,60,0,0,2,5,1,36,110,70,0,0,0
1698,0,60,0,0,0,2,1,32,77,77,1,0,7
1698,2,60,0,0,2,4,1,35,98,58,0,0,0
1699,0,60,0,0,0,2,1,32,64,64,1,0,10
1699,2,60,0,0,2,4,1,35,98,58,0,0,0
1700,0,60,0,0,0,2,1,32,64,64,1,0,1
1700,2,60,0,0,2,4,1,35,98,58,0,0,0
1701,0,60,0,0,0,3,1,33,84,84,0,0,0
1701,2,60,0,0,2,5,1,36,110,70,1,0,12
1702,0,60,0,0,0,2,2,33,77,77,0,0,0
1702,2,60,0,0,2,4,2,36,98,58,1,0,3
1703,0,60,0,0,0,2,1,32,64,64,0,0,0
1703,2,60,0,0,2,4,1,35,98,58,1,0,9
1704,0,60,0,0,0,2,1,19,64,64,0,0,0
1704,2,60,0,0,3,4,1,23,98,58,1,0,7
1704,4,60,0,0,3,4,1,23,110,66,0,0,0
1704,6,60,0,0,6,6,1,27,141,57,1,0,7
1705,0,60,0,0,0,13,2,30,84,84,0,0,0
1705,2,60,0,0,2,14,2,33,110,70,1,0,16
1706,0,60,0,0,0,4,2,22,77,77,0,0,0
1706,2,60,0,0,3,4,2,24,98,58,1,0,6
1706,4,60,0,0,9,8,4,30,137,65,0,0,0
1706,6,60,0,0,9,6,4,30,141,65,1,0,12
1707,0,60,0,0,0,2,1,19,64,64,0,0,0
1707,2,60,0,0,3,4,1,23,98,58,1,0,9
1707,4,60,0,0,3,4,1,23,110,70,0,0,0
1707,6,60,0,0,6,6,1,27,141,61,0,0,0
1708,0,60,0,0,0,2,2,20,64,64,1,0,7
1708,2,60,0,0,3,4,2,24,98,58,0,0,0
1708,4,60,0,0,6,4,4,26,110,66,1,0,6
1708,6,60,0,0,9,6,4,30,141,57,0,0,0
1709,0,60,0,0,0,12,3,31,84,84,1,0,1
1709,2,60,0,0,2,13,3,34,110,70,0,0,0
1710,0,60,0,0,0,3,9,29,77,77,1,0,13
1710,2,60,0,0,2,5,10,32,98,58,0,0,0
1711,0,60,0,0,0,2,2,20,64,64,1,0,10
1711,2,60,0,0,3,4,2,24,98,58,0,0,0
1711,4,60,0,0,6,4,4,26,110,70,1,0,13
1711,6,60,0,0,9,6,4,30,141,61,0,0,0
1712,0,60,0,0,0,10,0,41,84,84,1,0,1
1713,0,60,0,0,0,12,0,43,111,111,0,0,0
1714,0,60,0,0,0,10,0,41,97,97,1,0,13
1715,0,60,0,0,0,10,0,41,84,84,0,0,0
1716,0,60,0,0,0,11,0,41,84,84,0,0,0
1717,0,60,0,0,0,13,0,43,111,111,1,0,16
1718,0,60,0,0,0,12,2,43,97,97,0,0,0
1719,0,60,0,0,0,11,0,41,84,84,1,0,4
1720,0,60,0,0,0,4,2,22,84,84,0,0,0
1720,2,60,0,0,9,8,4,30,132,61,1,0,5
1720,4,60,0,0,3,4,2,24,110,66,0,0,0
1720,6,60,0,0,9,6,4,30,141,61,1,0,6
1721,0,60,0,0,0,19,3,37,111,111,0,0,0
1722,0,60,0,0,0,8,5,27,97,97,1,0,5
1722,2,60,0,0,12,10,7,33,132,69,0,0,0
1722,4,60,0,0,12,10,7,33,137,69,1,0,12
1722,6,60,0,0,12,6,7,33,141,69,0,0,0
1723,0,60,0,0,0,4,2,22,84,84,1,0,1
1723,2,60,0,0,9,8,4,30,132,65,0,0,0
1723,4,60,0,0,3,4,2,24,110,70,1,0,5
1723,6,60,0,0,9,6,4,30,141,65,0,0,0
1724,0,60,0,0,0,5,3,23,84,84,1,0,13
1724,2,60,0,0,9,10,4,30,132,61,0,0,0
1724,4,60,0,0,6,4,4,26,110,66,0,0,0
1724,6,60,0,0,9,6,4,30,141,61,1,0,8
1725,0,60,0,0,0,20,5,39,111,111,0,0,0
1726,0,60,0,0,0,9,13,35,97,97,1,0,1
1727,0,60,0,0,0,5,3,23,84,84,0,0,0
1727,2,60,0,0,9,10,4,30,132,65,1,0,5
1727,4,60,0,0,6,4,4,26,110,70,0,0,0
1727,6,60,0,0,9,6,4,30,141,65,1,0,9
1728,0,60,0,0,0,1,0,31,64,64,0,0,0
1728,2,60,0,0,2,2,0,34,98,54,1,0,10
1729,0,60,0,0,0,2,0,32,84,84,0,0,0
1729,2,60,0,0,2,3,0,35,110,66,1,0,3
1730,0,60,0,0,0,1,0,31,77,77,0,0,0
1730,2,60,0,0,2,2,0,34,98,54,1,0,6
1731,0,60,0,0,0,1,0,31,64,64,0,0,0
1731,2,60,0,0,2,2,0,34,98,54,1,0,3
1732,0,60,0,0,0,2,0,31,64,64,0,0,0
1732,2,60,0,0,2,4,0,34,98,54,0,0,0
1733,0,60,0,0,0,3,0,32,84,84,1,0,11
1733,2,60,0,0,2,5,0,35,110,66,0,0,0
1734,0,60,0,0,0,2,0,31,77,77,1,0,1
1734,2,60,0,0,2,4,0,34,98,54,0,0,0
1735,0,60,0,0,0,2,0,31,64,64,1,0,4
1735,2,60,0,0,2,4,0,34,98,54,0,0,0
1736,0,60,0,0,0,2,1,19,64,64,1,0,4
1736,2,60,0,0,6,4,3,25,98,54,0,0,0
1736,4,60,0,0,3,4,1,23,110,66,1,0,12
1736,6,60,0,0,9,6,3,29,141,53,0,0,0
1737,0,60,0,0,0,11,0,28,84,84,1,0,1
1737,2,60,0,0,2,10,0,31,110,66,0,0,0
1738,0,60,0,0,0,5,2,22,77,77,1,0,8
1738,2,60,0,0,6,4,3,25,98,54,0,0,0
1738,4,60,0,0,9,10,3,29,137,61,1,0,7
1738,6,60,0,0,9,6,3,29,141,61,0,0,0
1739,0,60,0,0,0,2,1,19,64,64,1,0,8
1739,2,60,0,0,6,4,3,25,98,54,0,0,0
1739,4,60,0,0,3,4,1,23,110,70,0,0,0
1739,6,60,0,0,9,6,3,29,141,57,1,0,5
1740,0,60,0,0,0,2,0,18,64,64,0,0,0
1740,2,60,0,0,3,4,0,22,98,54,1,0,7
1740,4,60,0,0,3,4,0,22,110,66,0,0,0
1740,6,60,0,0,6,6,0,26,141,53,1,0,5
1741,0,60,0,0,0,11,0,28,84,84,0,0,0
1741,2,60,0,0,2,12,0,31,110,66,1,0,6
1742,0,60,0,0,0,4,1,21,77,77,0,0,0
1742,2,60,0,0,3,4,1,23,98,54,1,0,7
1742,4,60,0,3,9,8,3,29,137,61,0,0,0
1742,6,60,0,3,9,6,3,29,141,61,1,0,9
1743,0,60,0,0,0,2,0,18,64,64,0,0,0
1743,2,60,0,0,3,4,0,22,98,54,1,0,3
1743,4,60,0,0,3,4,0,22,110,70,0,0,0
1743,6,60,0,0,6,6,0,26,141,57,1,0,12
1744,0,60,0,0,0,9,0,40,77,77,0,0,0
1745,0,60,0,0,0,10,0,41,97,97,0,0,0
1746,0,60,0,0,0,10,0,41,97,97,1,0,1
1747,0,60,0,0,0,9,0,40,77,77,0,0,0
1748,0,60,0,0,0,10,0,40,77,77,1,0,4
1749,0,60,0,0,0,11,0,41,97,97,0,0,0
1750,0,60,0,0,0,11,0,41,97,97,1,0,10
1751,0,60,0,0,0,10,0,40,77,77,0,0,0
1752,0,60,0,0,0,11,1,29,77,77,1,0,7
1752,4,60,0,0,2,12,1,32,122,78,0,0,0
1753,0,60,0,0,0,20,0,38,97,97,1,0,1
1754,0,60,0,0,0,18,2,36,97,97,0,0,0
1755,0,60,0,0,0,11,1,29,77,77,1,0,7
1755,4,60,0,0,2,12,1,32,122,82,0,0,0
1756,0,60,0,0,0,11,0,28,77,77,1,0,10
1756,4,60,0,0,2,12,0,31,122,78,0,0,0
1757,0,60,0,0,0,20,0,38,97,97,1,0,10
1758,0,60,0,0,0,16,0,34,97,97,0,0,0
1759,0,60,0,0,0,11,0,28,77,77,1,0,1
1759,4,60,0,0,2,12,0,31,122,82,0,0,0
1760,0,60,0,0,0,1,0,31,64,64,0,0,0
1760,2,60,0,0,2,2,0,34,98,58,1,0,6
1761,0,60,0,0,0,2,0,32,84,84,0,0,0
1761,2,60,0,0,2,3,0,35,110,70,1,0,3
1762,0,60,0,0,0,1,0,31,77,77,0,0,0
1762,2,60,0,0,2,2,0,34,98,58,1,0,9
1763,0,60,0,0,0,1,0,31,64,64,0,0,0
1763,2,60,0,0,2,2,0,34,98,58,1,0,7
1764,0,60,0,0,0,2,0,31,64,64,0,0,0
1764,2,60,0,0,2,4,0,34,98,58,1,0,8
1765,0,60,0,0,0,3,0,32,84,84,0,0,0
1765,2,60,0,0,2,5,0,35,110,70,1,0,13
1766,0,60,0,0,0,2,0,31,77,77,0,0,0
1766,2,60,0,0,2,4,0,34,98,58,1,0,6
1767,0,60,0,0,0,2,0,31,64,64,0,0,0
1767,2,60,0,0,2,4,0,34,98,58,1,0,3
1768,0,60,0,0,0,2,1,19,64,64,0,0,0
1768,2,60,0,0,6,4,3,25,98,58,1,0,9
1768,4,60,0,0,3,4,1,23,110,66,0,0,0
1768,6,60,0,0,9,6,3,29,141,57,0,0,0
1769,0,60,0,0,0,11,0,28,84,84,1,0,7
1769,2,60,0,0,2,10,0,31,110,70,0,0,0
1770,0,60,0,0,0,5,2,22,77,77,1,0,4
1770,2,60,0,0,6,4,3,25,98,58,0,0,0
1770,4,60,0,0,9,10,3,29,137,65,1,0,6
1770,6,60,0,0,9,6,3,29,141,65,0,0,0
1771,0,60,0,0,0,2,1,19,64,64,1,0,7
1771,2,60,0,0,6,4,3,25,98,58,0,0,0
1771,4,60,0,0,3,4,1,23,110,70,1,0,12
1771,6,60,0,0,9,6,3,29,141,61,0,0,0
1772,0,60,0,0,0,2,0,18,64,64,1,0,10
1772,2,60,0,0,3,4,0,22,98,58,0,0,0
1772,4,60,0,0,3,4,0,22,110,66,1,0,16
1772,6,60,0,0,6,6,0,26,141,57,0,0,0
1773,0,60,0,0,0,11,0,28,84,84,1,0,13
1773,2,60,0,0,2,12,0,31,110,70,0,0,0
1774,0,60,0,0,0,4,1,21,77,77,0,0,0
1774,2,60,0,0,3,4,1,23,98,58,1,0,3
1774,4,60,0,3,9,8,3,29,137,65,0,0,0
1774,6,60,0,3,9,6,3,29,141,65,1,0,8
1775,0,60,0,0,0,2,0,18,64,64,0,0,0
1775,2,60,0,0,3,4,0,22,98,58,1,0,3
1775,4,60,0,0,3,4,0,22,110,70,0,0,0
1775,6,60,0,0,6,6,0,26,141,61,1,0,6
1776,0,60,0,0,0,4,1,42,84,84,0,0,0
1777,0,60,0,0,0,5,0,43,111,111,1,0,5
1778,0,60,0,0,0,5,2,43,97,97,0,0,0
1779,0,60,0,0,0,4,1,42,84,84,1,0,10
1780,0,60,0,0,0,11,0,41,84,84,0,0,0
1781,0,60,0,0,0,13,0,43,111,111,1,0,1
1782,0,60,0,0,0,11,0,41,97,97,0,0,0
1783,0,60,0,0,0,11,0,41,84,84,1,0,4
1784,0,60,0,0,0,4,9,29,84,84,0,0,0
1784,4,60,0,0,2,6,10,32,110,66,1,0,13
1785,0,60,0,0,0,16,7,41,111,111,0,0,0
1786,0,60,0,0,0,10,13,35,97,97,0,0,0
1787,0,60,0,0,0,4,9,29,84,84,1,0,16
1787,4,60,0,0,2,6,10,32,110,70,0,0,0
1788,0,60,0,0,0,4,1,21,84,84,1,0,1
1788,2,60,0,3,9,8,3,29,132,61,0,0,0
1788,4,60,0,0,3,4,1,23,110,66,1,0,3
1788,6,60,0,3,9,6,3,29,141,61,0,0,0
1789,0,60,0,0,0,16,0,34,111,111,1,0,16
1790,0,60,0,0,0,8,4,26,97,97,0,0,0
1790,2,60,0,6,12,10,6,32,132,69,1,0,10
1790,4,60,0,6,12,10,6,32,137,69,0,0,0
1790,6,60,0,6,12,6,6,32,141,69,1,0,6
1791,0,60,0,0,0,4,1,21,84,84,0,0,0
1791,2,60,0,3,9,8,3,29,132,65,1,0,13
1791,4,60,0,0,3,4,1,23,110,70,0,0,0
1791,6,60,0,3,9,6,3,29,141,65,1,0,12
1792,0,60,0,0,0,0,0,43,64,64,0,0,0
1793,0,60,0,0,0,1,0,44,77,77,0,0,0
1794,0,60,0,0,0,1,0,44,84,84,1,0,13
1795,0,60,0,0,0,0,0,43,64,64,0,0,0
1796,0,60,0,0,0,1,0,43,64,64,1,0,1
1797,0,60,0,0,0,2,0,44,77,77,0,0,0
1798,0,60,0,0,0,1,0,44,84,84,1,0,7
1799,0,60,0,0,0,1,0,43,64,64,0,0,0
1800,0,60,0,0,0,2,1,32,64,64,1,0,5
1800,4,60,0,0,2,4,1,35,98,54,0,0,0
1801,0,60,0,0,0,12,2,42,77,77,1,0,10
1802,0,60,0,0,0,10,0,41,84,84,0,0,0
1803,0,60,0,0,0,2,1,32,64,64,1,0,1
1803,4,60,0,0,2,4,1,35,98,58,0,0,0
1804,0,60,0,0,0,1,0,31,64,64,1,0,4
1804,4,60,0,0,2,2,0,34,98,54,0,0,0
1805,0,60,0,0,0,9,0,40,77,77,1,0,4
1806,0,60,0,0,0,4,1,42,84,84,0,0,0
1807,0,60,0,0,0,1,0,31,64,64,1,0,13
1807,4,60,0,0,2,2,0,34,98,58,0,0,0
1808,0,60,0,0,0,1,0,44,84,84,0,0,0
1809,0,60,0,0,0,2,0,45,97,97,1,0,1
1810,0,60,0,0,0,2,0,45,111,111,0,0,0
1811,0,60,0,0,0,1,0,44,84,84,1,0,4
1812,0,60,0,0,0,2,0,44,84,84,0,0,0
1813,0,60,0,0,0,3,0,45,97,97,1,0,7
1814,0,60,0,0,0,2,0,45,111,111,0,0,0
1815,0,60,0,0,0,2,0,44,84,84,1,0,7
1816,0,60,0,0,0,3,1,33,84,84,0,0,0
1816,4,60,0,0,2,5,1,36,110,66,1,0,3
1817,0,60,0,0,0,13,2,43,97,97,0,0,0
1818,0,60,0,0,0,12,0,43,111,111,1,0,10
1819,0,60,0,0,0,3,1,33,84,84,0,0,0
1819,4,60,0,0,2,5,1,36,110,70,1,0,13
1820,0,60,0,0,0,2,0,32,84,84,0,0,0
1820,4,60,0,0,2,3,0,35,110,66,1,0,13
1821,0,60,0,0,0,10,0,41,97,97,0,0,0
1822,0,60,0,0,0,5,0,43,111,111,0,0,0
1823,0,60,0,0,0,2,0,32,84,84,1,0,1
1823,4,60,0,0,2,3,0,35,110,70,0,0,0
1824,0,60,0,0,0,0,0,43,64,64,1,0,4
1825,0,60,0,0,0,1,0,44,77,77,0,0,0
1826,0,60,0,0,0,1,0,44,84,84,1,0,4
1827,0,60,0,0,0,0,0,43,64,64,0,0,0
1828,0,60,0,0,0,1,0,43,64,64,1,0,7
1829,0,60,0,0,0,2,0,44,77,77,0,0,0
1830,0,60,0,0,0,1,0,44,84,84,1,0,1
1831,0,60,0,0,0,1,0,43,64,64,0,0,0
1832,0,60,0,0,0,2,1,32,64,64,1,0,5
1832,4,60,0,0,2,4,1,35,98,54,0,0,0
1833,0,60,0,0,0,12,2,42,77,77,1,0,4
1834,0,60,0,0,0,10,0,41,84,84,0,0,0
1835,0,60,0,0,0,2,1,32,64,64,1,0,8
1835,4,60,0,0,2,4,1,35,98,58,0,0,0
1836,0,60,0,0,0,1,0,31,64,64,1,0,1
1836,4,60,0,0,2,2,0,34,98,54,0,0,0
1837,0,60,0,0,0,9,0,40,77,77,0,0,0
1838,0,60,0,0,0,4,1,42,84,84,1,0,10
1839,0,60,0,0,0,1,0,31,64,64,0,0,0
1839,4,60,0,0,2,2,0,34,98,58,1,0,6
1840,0,60,0,0,0,1,0,44,77,77,0,0,0
1841,0,60,0,0,0,2,0,45,97,97,1,0,10
1842,0,60,0,0,0,2,0,45,97,97,0,0,0
1843,0,60,0,0,0,1,0,44,77,77,1,0,1
1844,0,60,0,0,0,2,0,44,77,77,0,0,0
1845,0,60,0,0,0,3,0,45,97,97,1,0,7
1846,0,60,0,0,0,2,0,45,97,97,0,0,0
1847,0,60,0,0,0,2,0,44,77,77,1,0,4
1848,0,60,0,0,0,2,1,32,77,77,0,0,0
1848,4,60,0,0,2,4,1,35,98,54,1,0,6
1849,0,60,0,0,0,13,2,43,97,97,0,0,0
1850,0,60,0,0,0,10,0,41,97,97,1,0,1
1851,0,60,0,0,0,2,1,32,77,77,0,0,0
1851,4,60,0,0,2,4,1,35,98,58,1,0,10
1852,0,60,0,0,0,1,0,31,77,77,0,0,0
1852,4,60,0,0,2,2,0,34,98,54,0,0,0
1853,0,60,0,0,0,10,0,41,97,97,1,0,13
1854,0,60,0,0,0,5,2,43,97,97,0,0,0
1855,0,60,0,0,0,1,0,31,77,77,1,0,4
1855,4,60,0,0,2,2,0,34,98,58,0,0,0
1856,0,60,0,0,0,0,0,43,64,64,1,0,1
1857,0,60,0,0,0,1,0,44,77,77,0,0,0
1858,0,60,0,0,0,1,0,44,84,84,1,0,7
1859,0,60,0,0,0,0,0,43,64,64,0,0,0
1860,0,60,0,0,0,1,0,43,64,64,1,0,4
1861,0,60,0,0,0,2,0,44,77,77,0,0,0
1862,0,60,0,0,0,2,0,44,84,84,1,0,13
1863,0,60,0,0,0,1,0,43,64,64,0,0,0
1864,0,60,0,0,0,2,1,32,64,64,1,0,1
1864,4,60,0,0,2,4,1,35,98,54,0,0,0
1865,0,60,0,0,0,12,2,42,77,77,1,0,10
1866,0,60,0,0,0,11,0,41,84,84,0,0,0
1867,0,60,0,0,0,2,1,32,64,64,0,0,0
1867,4,60,0,0,2,4,1,35,98,58,1,0,6
1868,0,60,0,0,0,2,0,31,64,64,0,0,0
1868,4,60,0,0,2,4,0,34,98,54,1,0,6
1869,0,60,0,0,0,10,0,40,77,77,0,0,0
1870,0,60,0,0,0,11,0,41,84,84,1,0,1
1871,0,60,0,0,0,2,0,31,64,64,0,0,0
1871,4,60,0,0,2,4,0,34,98,58,1,0,3
1872,0,60,0,0,0,1,0,44,84,84,0,0,0
1873,0,60,0,0,0,2,0,45,97,97,1,0,4
1874,0,60,0,0,0,2,0,45,111,111,0,0,0
1875,0,60,0,0,0,1,0,44,84,84,1,0,7
1876,0,60,0,0,0,2,0,44,84,84,0,0,0
1877,0,60,0,0,0,3,0,45,97,97,1,0,1
1878,0,60,0,0,0,3,0,45,111,111,0,0,0
1879,0,60,0,0,0,2,0,44,84,84,1,0,4
1880,0,60,0,0,0,3,1,33,84,84,0,0,0
1880,4,60,0,0,2,5,1,36,110,66,1,0,13
1881,0,60,0,0,0,13,2,43,97,97,0,0,0
1882,0,60,0,0,0,13,0,43,111,111,0,0,0
1883,0,60,0,0,0,3,1,33,84,84,1,0,10
1883,4,60,0,0,2,5,1,36,110,70,0,0,0
1884,0,60,0,0,0,3,0,32,84,84,1,0,1
1884,4,60,0,0,2,5,0,35,110,66,0,0,0
1885,0,60,0,0,0,11,0,41,97,97,1,0,13
1886,0,60,0,0,0,13,0,43,111,111,0,0,0
1887,0,60,0,0,0,3,0,32,84,84,1,0,13
1887,4,60,0,0,2,5,0,35,110,70,0,0,0
1888,0,60,0,0,0,0,0,43,64,64,1,0,7
1889,0,60,0,0,0,1,0,44,77,77,0,0,0
1890,0,60,0,0,0,1,0,44,84,84,1,0,1
1891,0,60,0,0,0,0,0,43,64,64,0,0,0
1892,0,60,0,0,0,1,0,43,64,64,1,0,4
1893,0,60,0,0,0,2,0,44,77,77,0,0,0
1894,0,60,0,0,0,2,0,44,84,84,1,0,4
1895,0,60,0,0,0,1,0,43,64,64,0,0,0
1896,0,60,0,0,0,2,1,32,64,64,0,0,0
1896,4,60,0,0,2,4,1,35,98,54,1,0,9
1897,0,60,0,0,0,12,2,42,77,77,0,0,0
1898,0,60,0,0,0,11,0,41,84,84,1,0,1
1899,0,60,0,0,0,2,1,32,64,64,0,0,0
1899,4,60,0,0,2,4,1,35,98,58,1,0,3
1900,0,60,0,0,0,2,0,31,64,64,0,0,0
1900,4,60,0,0,2,4,0,34,98,54,1,0,9
1901,0,60,0,0,0,10,0,40,77,77,0,0,0
1902,0,60,0,0,0,11,0,41,84,84,1,0,13
1903,0,60,0,0,0,2,0,31,64,64,0,0,0
1903,4,60,0,0,2,4,0,34,98,58,1,0,3
1904,0,60,0,0,0,0,0,44,77,77,0,0,0
1905,0,60,0,0,0,1,0,45,97,97,1,0,10
1906,0,60,0,0,0,1,0,45,97,97,0,0,0
1907,0,60,0,0,0,0,0,44,77,77,1,0,7
1908,0,60,0,0,0,2,0,44,77,77,0,0,0
1909,0,60,0,0,0,3,0,45,97,97,1,0,7
1910,0,60,0,0,0,3,0,45,97,97,0,0,0
1911,0,60,0,0,0,2,0,44,77,77,0,0,0
1912,0,60,0,0,0,2,2,33,77,77,1,0,1
1912,4,60,0,0,2,4,2,36,98,54,0,0,0
1913,0,60,0,0,0,12,2,43,97,97,1,0,10
1914,0,60,0,0,0,12,2,43,97,97,0,0,0
1915,0,60,0,0,0,2,2,33,77,77,1,0,10
1915,4,60,0,0,2,4,2,36,98,58,0,0,0
1916,0,60,0,0,0,2,0,31,77,77,1,0,8
1916,4,60,0,0,2,4,0,34,98,54,0,0,0
1917,0,60,0,0,0,11,0,41,97,97,1,0,1
1918,0,60,0,0,0,11,0,41,97,97,0,0,0
1919,0,60,0,0,0,2,0,31,77,77,1,0,7
1919,4,60,0,0,2,4,0,34,98,58,0,0,0
1920,0,60,0,0,0,2,0,32,64,64,1,0,5
1920,2,60,0,0,2,4,0,35,110,66,0,0,0
1921,0,60,0,0,0,3,0,33,77,77,1,0,11
1921,2,60,0,0,2,5,0,36,122,78,0,0,0
1922,0,60,0,0,0,2,0,32,84,84,0,0,0
1922,2,60,0,0,2,4,0,35,110,66,1,0,3
1923,0,60,0,0,0,2,0,32,64,64,0,0,0
1923,2,60,0,0,2,4,0,35,110,66,1,0,6
1924,0,60,0,0,0,3,0,32,64,64,0,0,0
1924,2,60,0,0,2,5,0,35,110,66,1,0,3
1925,0,60,0,0,0,4,0,33,77,77,0,0,0
1925,2,60,0,0,2,6,0,36,122,78,1,0,10
1926,0,60,0,0,0,3,1,33,84,84,0,0,0
1926,2,60,0,0,2,5,1,36,110,66,1,0,13
1927,0,60,0,0,0,3,0,32,64,64,0,0,0
1927,2,60,0,0,2,5,0,35,110,66,1,0,10
1928,0,60,0,0,0,2,1,19,64,64,0,0,0
1928,2,60,0,0,3,4,1,23,110,66,1,0,3
1928,4,60,0,0,3,4,1,23,98,54,0,0,0
1928,6,60,0,0,6,6,1,27,141,53,1,0,12
1929,0,60,0,0,0,13,2,30,77,77,0,0,0
1929,2,60,0,0,2,14,2,33,122,78,1,0,3
1930,0,60,0,0,0,4,2,22,84,84,0,0,0
1930,2,60,0,0,3,4,2,24,110,66,0,0,0
1930,4,60,0,0,9,8,4,30,132,61,1,0,5
1930,6,60,0,0,9,6,4,30,141,61,0,0,0
1931,0,60,0,0,0,2,1,19,64,64,1,0,5
1931,2,60,0,0,3,4,1,23,110,66,0,0,0
1931,4,60,0,0,3,4,1,23,98,58,1,0,10
1931,6,60,0,0,6,6,1,27,141,57,0,0,0
1932,0,60,0,0,0,2,1,19,64,64,1,0,1
1932,2,60,0,0,3,4,1,23,110,66,0,0,0
1932,4,60,0,0,6,4,3,25,98,54,1,0,3
1932,6,60,0,0,9,6,3,29,141,53,0,0,0
1933,0,60,0,0,0,11,1,29,77,77,1,0,16
1933,2,60,0,0,2,12,1,32,122,78,0,0,0
1934,0,60,0,0,0,4,9,29,84,84,1,0,14
1934,2,60,0,0,2,6,10,32,110,66,0,0,0
1935,0,60,0,0,0,2,1,19,64,64,1,0,1
1935,2,60,0,0,3,4,1,23,110,66,0,0,0
1935,4,60,0,0,6,4,3,25,98,58,1,0,11
1935,6,60,0,0,9,6,3,29,141,57,0,0,0
1936,0,60,0,0,0,12,0,42,84,84,0,0,0
1937,0,60,0,0,0,13,0,43,97,97,1,0,13
1938,0,60,0,0,0,13,0,43,111,111,0,0,0
1939,0,60,0,0,0,12,0,42,84,84,1,0,4
1940,0,60,0,0,0,13,0,42,84,84,0,0,0
1941,0,60,0,0,0,14,0,43,97,97,1,0,1
1942,0,60,0,0,0,13,0,43,111,111,0,0,0
1943,0,60,0,0,0,13,0,42,84,84,1,0,4
1944,0,60,0,0,0,13,2,30,84,84,0,0,0
1944,4,60,0,0,2,14,2,33,110,66,1,0,9
1945,0,60,0,0,0,24,3,41,97,97,0,0,0
1946,0,60,0,0,0,19,3,37,111,111,1,0,13
1947,0,60,0,0,0,13,2,30,84,84,0,0,0
1947,4,60,0,0,2,14,2,33,110,70,1,0,5
1948,0,60,0,0,0,11,0,28,84,84,0,0,0
1948,4,60,0,0,2,10,0,31,110,66,1,0,16
1949,0,60,0,0,0,20,0,38,97,97,0,0,0
1950,0,60,0,0,0,16,7,41,111,111,0,0,0
1951,0,60,0,0,0,11,0,28,84,84,1,0,19
1951,4,60,0,0,2,10,0,31,110,70,0,0,0
1952,0,60,0,0,0,2,0,32,64,64,1,0,4
1952,2,60,0,0,2,4,0,35,110,70,0,0,0
1953,0,60,0,0,0,3,0,33,77,77,1,0,1
1953,2,60,0,0,2,5,0,36,122,82,0,0,0
1954,0,60,0,0,0,2,0,32,84,84,1,0,7
1954,2,60,0,0,2,4,0,35,110,70,0,0,0
1955,0,60,0,0,0,2,0,32,64,64,1,0,5
1955,2,60,0,0,2,4,0,35,110,70,0,0,0
1956,0,60,0,0,0,3,0,32,64,64,1,0,7
1956,2,60,0,0,2,5,0,35,110,70,0,0,0
1957,0,60,0,0,0,4,0,33,77,77,1,0,1
1957,2,60,0,0,2,6,0,36,122,82,0,0,0
1958,0,60,0,0,0,3,1,33,84,84,1,0,4
1958,2,60,0,0,2,5,1,36,110,70,0,0,0
1959,0,60,0,0,0,3,0,32,64,64,1,0,7
1959,2,60,0,0,2,5,0,35,110,70,0,0,0
1960,0,60,0,0,0,2,1,19,64,64,0,0,0
1960,2,60,0,0,3,4,1,23,110,70,1,0,10
1960,4,60,0,0,3,4,1,23,98,54,0,0,0
1960,6,60,0,0,6,6,1,27,141,57,1,0,5
1961,0,60,0,0,0,13,2,30,77,77,0,0,0
1961,2,60,0,0,2,14,2,33,122,82,1,0,12
1962,0,60,0,0,0,4,2,22,84,84,0,0,0
1962,2,60,0,0,3,4,2,24,110,70,1,0,7
1962,4,60,0,0,9,8,4,30,132,65,0,0,0
1962,6,60,0,0,9,6,4,30,141,65,1,0,12
1963,0,60,0,0,0,2,1,19,64,64,0,0,0
1963,2,60,0,0,3,4,1,23,110,70,1,0,3
1963,4,60,0,0,3,4,1,23,98,58,0,0,0
1963,6,60,0,0,6,6,1,27,141,61,1,0,9
1964,0,60,0,0,0,2,1,19,64,64,0,0,0
1964,2,60,0,0,3,4,1,23,110,70,1,0,3
1964,4,60,0,0,6,4,3,25,98,54,0,0,0
1964,6,60,0,0,9,6,3,29,141,57,0,0,0
1965,0,60,0,0,0,11,1,29,77,77,1,0,13
1965,2,60,0,0,2,12,1,32,122,82,0,0,0
1966,0,60,0,0,0,4,9,29,84,84,1,0,1
1966,2,60,0,0,2,6,10,32,110,70,0,0,0
1967,0,60,0,0,0,2,1,19,64,64,1,0,7
1967,2,60,0,0,3,4,1,23,110,70,0,0,0
1967,4,60,0,0,6,4,3,25,98,58,1,0,6
1967,6,60,0,0,9,6,3,29,141,61,0,0,0
1968,0,60,0,0,0,10,0,41,77,77,1,0,7
1969,0,60,0,0,0,12,0,43,97,97,0,0,0
1970,0,60,0,0,0,10,0,41,97,97,1,0,1
1971,0,60,0,0,0,10,0,41,77,77,0,0,0
1972,0,60,0,0,0,12,0,41,77,77,1,0,5
1973,0,60,0,0,0,14,0,43,97,97,0,0,0
1974,0,60,0,0,0,13,2,43,97,97,1,0,10
1975,0,60,0,0,0,12,0,41,77,77,0,0,0
1976,0,60,0,0,0,4,2,22,77,77,1,0,10
1976,2,60,0,0,9,8,4,30,137,61,0,0,0
1976,4,60,0,0,3,4,2,24,98,54,0,0,0
1976,6,60,0,0,9,6,4,30,141,61,1,0,5
1977,0,60,0,0,0,19,3,37,97,97,0,0,0
1978,0,60,0,0,0,8,5,27,97,97,1,0,13
1978,2,60,0,0,12,10,7,33,137,69,0,0,0
1978,4,60,0,0,12,10,7,33,132,69,1,0,5
1978,6,60,0,0,12,6,7,33,141,69,0,0,0
1979,0,60,0,0,0,4,2,22,77,77,1,0,10
1979,2,60,0,0,9,8,4,30,137,65,0,0,0
1979,4,60,0,0,3,4,2,24,98,58,1,0,3
1979,6,60,0,0,9,6,4,30,141,65,0,0,0
1980,0,60,0,0,0,5,2,22,77,77,1,0,5
1980,2,60,0,0,9,10,3,29,137,61,0,0,0
1980,4,60,0,0,6,4,3,25,98,54,1,0,9
1980,6,60,0,0,9,6,3,29,141,61,0,0,0
1981,0,60,0,0,0,18,2,36,97,97,1,0,16
1982,0,60,0,0,0,10,13,35,97,97,0,0,0
1983,0,60,0,0,0,5,2,22,77,77,0,0,0
1983,2,60,0,0,9,10,3,29,137,65,1,0,5
1983,4,60,0,0,6,4,3,25,98,58,0,0,0
1983,6,60,0,0,9,6,3,29,141,65,1,0,5
1984,0,60,0,0,0,1,0,32,64,64,0,0,0
1984,2,60,0,0,2,2,0,35,110,66,1,0,3
1985,0,60,0,0,0,2,0,33,77,77,0,0,0
1985,2,60,0,0,2,3,0,36,122,78,1,0,10
1986,0,60,0,0,0,1,0,32,84,84,0,0,0
1986,2,60,0,0,2,2,0,35,110,66,1,0,13
1987,0,60,0,0,0,1,0,32,64,64,0,0,0
1987,2,60,0,0,2,2,0,35,110,66,1,0,10
1988,0,60,0,0,0,3,0,32,64,64,0,0,0
1988,2,60,0,0,2,5,0,35,110,66,1,0,3
1989,0,60,0,0,0,4,0,33,77,77,0,0,0
1989,2,60,0,0,2,6,0,36,122,78,1,0,9
1990,0,60,0,0,0,3,0,32,84,84,0,0,0
1990,2,60,0,0,2,5,0,35,110,66,1,0,3
1991,0,60,0,0,0,3,0,32,64,64,0,0,0
1991,2,60,0,0,2,5,0,35,110,66,0,0,0
1992,0,60,0,0,0,2,2,20,64,64,1,0,5
1992,2,60,0,0,6,4,4,26,110,66,0,0,0
1992,4,60,0,0,3,4,2,24,98,54,1,0,7
1992,6,60,0,0,9,6,4,30,141,53,0,0,0
1993,0,60,0,0,0,12,2,30,77,77,1,0,8
1993,2,60,0,0,2,11,2,33,122,78,0,0,0
1994,0,60,0,0,0,5,3,23,84,84,1,0,1
1994,2,60,0,0,6,4,4,26,110,66,0,0,0
1994,4,60,0,0,9,10,4,30,132,61,1,0,12
1994,6,60,0,0,9,6,4,30,141,61,0,0,0
1995,0,60,0,0,0,2,2,20,64,64,1,0,13
1995,2,60,0,0,6,4,4,26,110,66,0,0,0
1995,4,60,0,0,3,4,2,24,98,58,1,0,10
1995,6,60,0,0,9,6,4,30,141,57,0,0,0
1996,0,60,0,0,0,2,0,18,64,64,1,0,1
1996,2,60,0,0,3,4,0,22,110,66,0,0,0
1996,4,60,0,0,3,4,0,22,98,54,1,0,7
1996,6,60,0,0,6,6,0,26,141,53,0,0,0
1997,0,60,0,0,0,11,0,28,77,77,0,0,0
1997,2,60,0,0,2,12,0,31,122,78,1,0,3
1998,0,60,0,0,0,4,1,21,84,84,0,0,0
1998,2,60,0,0,3,4,1,23,110,66,1,0,6
1998,4,60,0,3,9,8,3,29,132,61,0,0,0
1998,6,60,0,3,9,6,3,29,141,61,1,0,6
1999,0,60,0,0,0,2,0,18,64,64,0,0,0
1999,2,60,0,0,3,4,0,22,110,66,1,0,9
1999,4,60,0,0,3,4,0,22,98,58,0,0,0
1999,6,60,0,0,6,6,0,26,141,57,1,0,9
2000,0,60,0,0,0,10,0,42,84,84,0,0,0
2001,0,60,0,0,0,11,0,43,97,97,1,0,10
2002,0,60,0,0,0,11,0,43,111,111,0,0,0
2003,0,60,0,0,0,10,0,42,84,84,1,0,1
2004,0,60,0,0,0,12,0,42,84,84,0,0,0
2005,0,60,0,0,0,13,0,43,97,97,1,0,13
2006,0,60,0,0,0,13,0,43,111,111,0,0,0
2007,0,60,0,0,0,12,0,42,84,84,0,0,0
2008,0,60,0,0,0,12,3,31,84,84,1,0,17
2008,4,60,0,0,2,13,3,34,110,66,0,0,0
2009,0,60,0,0,0,22,3,41,97,97,1,0,4
2010,0,60,0,0,0,20,5,39,111,111,0,0,0
2011,0,60,0,0,0,12,3,31,84,84,1,0,1
2011,4,60,0,0,2,13,3,34,110,70,0,0,0
2012,0,60,0,0,0,11,0,28,84,84,1,0,5
2012,4,60,0,0,2,12,0,31,110,66,0,0,0
2013,0,60,0,0,0,20,0,38,97,97,1,0,5
2014,0,60,0,0,0,16,0,34,111,111,0,0,0
2015,0,60,0,0,0,11,0,28,84,84,1,0,10
2015,4,60,0,0,2,12,0,31,110,70,0,0,0
2016,0,60,0,0,0,1,0,32,64,64,1,0,1
2016,2,60,0,0,2,2,0,35,110,70,0,0,0
2017,0,60,0,0,0,2,0,33,77,77,1,0,4
2017,2,60,0,0,2,3,0,36,122,82,0,0,0
2018,0,60,0,0,0,1,0,32,84,84,1,0,7
2018,2,60,0,0,2,2,0,35,110,70,0,0,0
2019,0,60,0,0,0,1,0,32,64,64,0,0,0
2019,2,60,0,0,2,2,0,35,110,70,1,0,9
2020,0,60,0,0,0,3,0,32,64,64,0,0,0
2020,2,60,0,0,2,5,0,35,110,70,1,0,3
2021,0,60,0,0,0,4,0,33,77,77,0,0,0
2021,2,60,0,0,2,6,0,36,122,82,1,0,9
2022,0,60,0,0,0,3,0,32,84,84,0,0,0
2022,2,60,0,0,2,5,0,35,110,70,1,0,7
2023,0,60,0,0,0,3,0,32,64,64,0,0,0
2023,2,60,0,0,2,5,0,35,110,70,1,0,13
2024,0,60,0,0,0,2,2,20,64,64,0,0,0
2024,2,60,0,0,6,4,4,26,110,70,1,0,3
2024,4,60,0,0,3,4,2,24,98,54,0,0,0
2024,6,60,0,0,9,6,4,30,141,57,1,0,5
2025,0,60,0,0,0,12,2,30,77,77,0,0,0
2025,2,60,0,0,2,11,2,33,122,82,1,0,3
2026,0,60,0,0,0,5,3,23,84,84,0,0,0
2026,2,60,0,0,6,4,4,26,110,70,0,0,0
2026,4,60,0,0,9,10,4,30,132,65,1,0,11
2026,6,60,0,0,9,6,4,30,141,65,0,0,0
2027,0,60,0,0,0,2,2,20,64,64,1,0,1
2027,2,60,0,0,6,4,4,26,110,70,0,0,0
2027,4,60,0,0,3,4,2,24,98,58,1,0,3
2027,6,60,0,0,9,6,4,30,141,61,0,0,0
2028,0,60,0,0,0,2,0,18,64,64,1,0,4
2028,2,60,0,0,3,4,0,22,110,70,0,0,0
2028,4,60,0,0,3,4,0,22,98,54,1,0,6
2028,6,60,0,0,6,6,0,26,141,57,0,0,0
2029,0,60,0,0,0,11,0,28,77,77,1,0,1
2029,2,60,0,0,2,12,0,31,122,82,0,0,0
2030,0,60,0,0,0,4,1,21,84,84,1,0,10
2030,2,60,0,0,3,4,1,23,110,70,0,0,0
2030,4,60,0,3,9,8,3,29,132,65,1,0,7
2030,6,60,0,3,9,6,3,29,141,65,0,0,0
2031,0,60,0,0,0,2,0,18,64,64,1,0,16
2031,2,60,0,0,3,4,0,22,110,70,0,0,0
2031,4,60,0,0,3,4,0,22,98,58,0,0,0
2031,6,60,0,0,6,6,0,26,141,61,1,0,5
2032,0,60,0,0,0,3,1,42,77,77,0,0,0
2033,0,60,0,0,0,4,0,43,97,97,1,0,7
2034,0,60,0,0,0,4,2,43,97,97,0,0,0
2035,0,60,0,0,0,3,1,42,77,77,1,0,10
2036,0,60,0,0,0,11,0,41,77,77,0,0,0
2037,0,60,0,0,0,13,0,43,97,97,1,0,7
2038,0,60,0,0,0,11,0,41,97,97,0,0,0
2039,0,60,0,0,0,11,0,41,77,77,1,0,1
2040,0,60,0,0,0,3,9,29,77,77,0,0,0
2040,4,60,0,0,2,5,10,32,98,54,1,0,3
2041,0,60,0,0,0,15,7,41,97,97,0,0,0
2042,0,60,0,0,0,9,13,35,97,97,1,0,13
2043,0,60,0,0,0,3,9,29,77,77,0,0,0
2043,4,60,0,0,2,5,10,32,98,58,1,0,10
2044,0,60,0,0,0,4,1,21,77,77,0,0,0
2044,2,60,0,3,9,8,3,29,137,61,0,0,0
2044,4,60,0,0,3,4,1,23,98,54,1,0,3
2044,6,60,0,3,9,6,3,29,141,61,0,0,0
2045,0,60,0,0,0,16,0,34,97,97,1,0,10
2046,0,60,0,0,0,8,4,26,97,97,0,0,0
2046,2,60,0,6,12,10,6,32,137,69,1,0,5
2046,4,60,0,6,12,10,6,32,132,69,0,0,0
2046,6,60,0,6,12,6,6,32,141,69,1,0,9
2047,0,60,0,0,0,4,1,21,77,77,0,0,0
2047,2,60,0,3,9,8,3,29,137,65,1,0,5
2047,4,60,0,0,3,4,1,23,98,58,0,0,0
2047,6,60,0,3,9,6,3,29,141,65,1,0,12
2048,0,60,0,0,0,2,0,31,51,51,0,0,0
2048,1,60,0,0,2,4,0,34,98,54,1,0,6
2049,0,60,0,0,0,2,0,31,64,64,0,0,0
2049,1,60,0,0,2,4,0,34,98,54,1,0,3
2050,0,60,0,0,0,3,0,32,64,64,0,0,0
2050,1,60,0,0,2,5,0,35,110,66,1,0,3
2051,0,60,0,0,0,2,0,31,51,51,0,0,0
2051,1,60,0,0,2,4,0,34,98,54,0,0,0
2052,0,60,0,0,0,2,0,31,51,51,1,0,4
2052,1,60,0,0,2,4,0,34,98,54,0,0,0
2053,0,60,0,0,0,2,1,32,64,64,1,0,4
2053,1,60,0,0,2,4,1,35,98,54,0,0,0
2054,0,60,0,0,0,2,0,32,64,64,1,0,13
2054,1,60,0,0,2,4,0,35,110,66,0,0,0
2055,0,60,0,0,0,2,0,31,51,51,1,0,1
2055,1,60,0,0,2,4,0,34,98,54,0,0,0
2056,0,60,0,0,0,2,0,18,51,51,1,0,5
2056,1,60,0,0,3,4,0,22,98,54,0,0,0
2056,4,60,0,0,3,4,0,22,98,54,1,0,6
2056,5,60,0,0,6,6,0,26,141,53,0,0,0
2057,0,60,0,0,0,4,1,21,64,64,1,0,5
2057,1,60,0,0,3,4,1,23,98,54,0,0,0
2057,4,60,0,0,9,8,3,29,132,61,1,0,10
2057,5,60,0,0,9,6,3,29,141,61,0,0,0
2058,0,60,0,0,0,11,0,28,64,64,1,0,7
2058,1,60,0,0,2,12,0,31,110,66,0,0,0
2059,0,60,0,0,0,2,0,18,51,51,0,0,0
2059,1,60,0,0,3,4,0,22,98,54,1,0,6
2059,4,60,0,0,3,4,0,22,98,58,0,0,0
2059,5,60,0,0,6,6,0,26,141,57,1,0,12
2060,0,60,0,0,0,1,1,19,51,51,0,0,0
2060,1,60,0,0,3,3,1,23,98,54,1,0,3
2060,4,60,0,0,6,1,3,25,98,54,0,0,0
2060,5,60,0,0,9,3,3,29,141,53,1,0,5
2061,0,60,0,0,0,2,8,28,64,64,0,0,0
2061,1,60,0,0,2,4,9,31,98,54,1,0,6
2062,0,60,0,0,0,4,2,30,64,64,0,0,0
2062,1,60,0,0,2,6,2,33,110,66,1,0,3
2063,0,60,0,0,0,1,1,19,51,51,0,0,0
2063,1,60,0,0,3,3,1,23,98,54,1,0,3
2063,4,60,0,0,6,1,3,25,98,58,0,0,0
2063,5,60,0,0,9,3,3,29,141,57,1,0,9
2064,0,60,0,0,0,2,0,31,64,64,0,0,0
2064,1,60,0,0,2,4,0,34,98,54,0,0,0
2065,0,60,0,0,0,2,0,31,77,77,1,0,7
2065,1,60,0,0,2,4,0,34,98,54,0,0,0
2066,0,60,0,0,0,3,0,32,84,84,1,0,7
2066,1,60,0,0,2,5,0,35,110,66,0,0,0
2067,0,60,0,0,0,2,0,31,64,64,1,0,1
2067,1,60,0,0,2,4,0,34,98,54,0,0,0
2068,0,60,0,0,0,2,0,31,64,64,1,0,4
2068,1,60,0,0,2,4,0,34,98,54,0,0,0
2069,0,60,0,0,0,2,1,32,77,77,1,0,4
2069,1,60,0,0,2,4,1,35,98,54,0,0,0
2070,0,60,0,0,0,2,0,32,84,84,1,0,5
2070,1,60,0,0,2,4,0,35,110,66,0,0,0
2071,0,60,0,0,0,2,0,31,64,64,1,0,1
2071,1,60,0,0,2,4,0,34,98,54,0,0,0
2072,0,60,0,0,0,2,0,18,64,64,1,0,11
2072,1,60,0,0,3,4,0,22,98,54,0,0,0
2072,4,60,0,0,3,4,0,22,110,66,1,0,14
2072,5,60,0,0,6,6,0,26,141,53,0,0,0
2073,0,60,0,0,0,4,1,21,77,77,0,0,0
2073,1,60,0,0,3,4,1,23,98,54,1,0,3
2073,4,60,0,0,9,8,3,29,137,61,0,0,0
2073,5,60,0,0,9,6,3,29,141,61,1,0,12
2074,0,60,0,0,0,11,0,28,84,84,0,0,0
2074,1,60,0,0,2,12,0,31,110,66,1,0,16
2075,0,60,0,0,0,2,0,18,64,64,0,0,0
2075,1,60,0,0,3,4,0,22,98,54,1,0,6
2075,4,60,0,0,3,4,0,22,110,70,0,0,0
2075,5,60,0,0,6,6,0,26,141,57,1,0,5
2076,0,60,0,0,0,1,1,19,64,64,0,0,0
2076,1,60,0,0,3,3,1,23,98,54,1,0,3
2076,4,60,0,0,6,1,3,25,110,66,0,0,0
2076,5,60,0,0,9,3,3,29,141,53,1,0,5
2077,0,60,0,0,0,2,8,28,77,77,0,0,0
2077,1,60,0,0,2,4,9,31,98,54,1,0,6
2078,0,60,0,0,0,4,2,30,84,84,0,0,0
2078,1,60,0,0,2,6,2,33,110,66,0,0,0
2079,0,60,0,0,0,1,1,19,64,64,1,0,4
2079,1,60,0,0,3,3,1,23,98,54,0,0,0
2079,4,60,0,0,6,1,3,25,110,70,1,0,3
2079,5,60,0,0,9,3,3,29,141,57,0,0,0
2080,0,60,0,0,0,2,0,31,51,51,1,0,4
2080,1,60,0,0,2,4,0,34,98,54,0,0,0
2081,0,60,0,0,0,2,0,31,64,64,1,0,7
2081,1,60,0,0,2,4,0,34,98,54,0,0,0
2082,0,60,0,0,0,3,0,32,64,64,1,0,5
2082,1,60,0,0,2,5,0,35,110,66,0,0,0
2083,0,60,0,0,0,2,0,31,51,51,1,0,1
2083,1,60,0,0,2,4,0,34,98,54,0,0,0
2084,0,60,0,0,0,2,0,31,51,51,1,0,5
2084,1,60,0,0,2,4,0,34,98,54,0,0,0
2085,0,60,0,0,0,2,1,32,64,64,1,0,4
2085,1,60,0,0,2,4,1,35,98,54,0,0,0
2086,0,60,0,0,0,2,0,32,64,64,1,0,5
2086,1,60,0,0,2,4,0,35,110,66,0,0,0
2087,0,60,0,0,0,2,0,31,51,51,0,0,0
2087,1,60,0,0,2,4,0,34,98,54,1,0,3
2088,0,60,0,0,0,2,0,18,51,51,0,0,0
2088,1,60,0,0,3,4,0,22,98,54,1,0,11
2088,4,60,0,0,3,4,0,22,98,54,0,0,0
2088,5,60,0,0,6,6,0,26,141,53,1,0,12
2089,0,60,0,0,0,4,1,21,64,64,0,0,0
2089,1,60,0,0,3,4,1,23,98,54,1,0,3
2089,4,60,0,0,9,8,3,29,132,61,0,0,0
2089,5,60,0,0,9,6,3,29,141,61,1,0,5
2090,0,60,0,0,0,11,0,28,64,64,0,0,0
2090,1,60,0,0,2,12,0,31,110,66,1,0,12
2091,0,60,0,0,0,2,0,18,51,51,0,0,0
2091,1,60,0,0,3,4,0,22,98,54,1,0,6
2091,4,60,0,0,3,4,0,22,98,58,0,0,0
2091,5,60,0,0,6,6,0,26,141,57,1,0,9
2092,0,60,0,0,0,1,1,19,51,51,0,0,0
2092,1,60,0,0,3,3,1,23,98,54,0,0,0
2092,4,60,0,0,6,1,3,25,98,54,1,0,3
2092,5,60,0,0,9,3,3,29,141,53,0,0,0
2093,0,60,0,0,0,2,8,28,64,64,1,0,11
2093,1,60,0,0,2,4,9,31,98,54,0,0,0
2094,0,60,0,0,0,4,2,30,64,64,1,0,4
2094,1,60,0,0,2,6,2,33,110,66,0,0,0
2095,0,60,0,0,0,1,1,19,51,51,1,0,5
2095,1,60,0,0,3,3,1,23,98,54,0,0,0
2095,4,60,0,0,6,1,3,25,98,58,1,0,3
2095,5,60,0,0,9,3,3,29,141,57,0,0,0
2096,0,60,0,0,0,3,0,32,64,64,1,0,4
2096,1,60,0,0,2,5,0,35,110,66,0,0,0
2097,0,60,0,0,0,3,0,32,84,84,1,0,14
2097,1,60,0,0,2,5,0,35,110,66,0,0,0
2098,0,60,0,0,0,4,0,33,77,77,1,0,5
2098,1,60,0,0,2,6,0,36,122,78,0,0,0
2099,0,60,0,0,0,3,0,32,64,64,1,0,1
2099,1,60,0,0,2,5,0,35,110,66,0,0,0
2100,0,60,0,0,0,3,0,32,64,64,0,0,0
2100,1,60,0,0,2,5,0,35,110,66,1,0,7
2101,0,60,0,0,0,3,1,33,84,84,0,0,0
2101,1,60,0,0,2,5,1,36,110,66,1,0,13
2102,0,60,0,0,0,3,0,33,77,77,0,0,0
2102,1,60,0,0,2,5,0,36,122,78,1,0,13
2103,0,60,0,0,0,3,0,32,64,64,0,0,0
2103,1,60,0,0,2,5,0,35,110,66,1,0,3
2104,0,60,0,0,0,2,0,18,64,64,0,0,0
2104,1,60,0,0,3,4,0,22,110,66,1,0,7
2104,4,60,0,0,3,4,0,22,98,54,0,0,0
2104,5,60,0,0,6,6,0,26,141,53,1,0,8
2105,0,60,0,0,0,4,1,21,84,84,0,0,0
2105,1,60,0,0,3,4,1,23,110,66,1,0,3
2105,4,60,0,0,9,8,3,29,132,61,0,0,0
2105,5,60,0,0,9,6,3,29,141,61,1,0,12
2106,0,60,0,0,0,11,0,28,77,77,0,0,0
2106,1,60,0,0,2,12,0,31,122,78,1,0,9
2107,0,60,0,0,0,2,0,18,64,64,0,0,0
2107,1,60,0,0,3,4,0,22,110,66,0,0,0
2107,4,60,0,0,3,4,0,22,98,58,1,0,6
2107,5,60,0,0,6,6,0,26,141,57,0,0,0
2108,0,60,0,0,0,1,1,19,64,64,1,0,14
2108,1,60,0,0,3,3,1,23,110,66,0,0,0
2108,4,60,0,0,6,1,3,25,98,54,1,0,3
2108,5,60,0,0,9,3,3,29,141,53,0,0,0
2109,0,60,0,0,0,3,9,29,84,84,1,0,11
2109,1,60,0,0,2,5,10,32,110,66,0,0,0
2110,0,60,0,0,0,5,3,31,77,77,1,0,8
2110,1,60,0,0,2,7,3,34,122,78,0,0,0
2111,0,60,0,0,0,1,1,19,64,64,1,0,5
2111,1,60,0,0,3,3,1,23,110,66,0,0,0
2111,4,60,0,0,6,1,3,25,98,58,1,0,5
2111,5,60,0,0,9,3,3,29,141,57,0,0,0
2112,0,60,0,0,0,2,0,31,51,51,1,0,7
2112,1,60,0,0,2,4,0,34,98,54,0,0,0
2113,0,60,0,0,0,2,0,31,64,64,0,0,0
2113,1,60,0,0,2,4,0,34,98,54,1,0,7
2114,0,60,0,0,0,3,0,32,64,64,0,0,0
2114,1,60,0,0,2,5,0,35,110,66,1,0,7
2115,0,60,0,0,0,2,0,31,51,51,0,0,0
2115,1,60,0,0,2,4,0,34,98,54,1,0,10
2116,0,60,0,0,0,2,0,31,51,51,0,0,0
2116,1,60,0,0,2,4,0,34,98,54,1,0,6
2117,0,60,0,0,0,2,1,32,64,64,0,0,0
2117,1,60,0,0,2,4,1,35,98,54,1,0,6
2118,0,60,0,0,0,3,0,32,64,64,0,0,0
2118,1,60,0,0,2,5,0,35,110,66,1,0,3
2119,0,60,0,0,0,2,0,31,51,51,0,0,0
2119,1,60,0,0,2,4,0,34,98,54,1,0,3
2120,0,60,0,0,0,2,0,18,51,51,0,0,0
2120,1,60,0,0,3,4,0,22,98,54,1,0,9
2120,4,60,0,0,3,4,0,22,98,54,0,0,0
2120,5,60,0,0,6,6,0,26,141,53,1,0,12
2121,0,60,0,0,0,4,1,21,64,64,0,0,0
2121,1,60,0,0,3,4,1,23,98,54,0,0,0
2121,4,60,0,0,9,8,3,29,132,61,1,0,9
2121,5,60,0,0,9,6,3,29,141,61,0,0,0
2122,0,60,0,0,0,12,0,28,64,64,1,0,1
2122,1,60,0,0,2,13,0,31,110,66,0,0,0
2123,0,60,0,0,0,2,0,18,51,51,1,0,7
2123,1,60,0,0,3,4,0,22,98,54,0,0,0
2123,4,60,0,0,3,4,0,22,98,58,1,0,6
2123,5,60,0,0,6,6,0,26,141,57,0,0,0
2124,0,60,0,0,0,2,1,19,51,51,1,0,5
2124,1,60,0,0,3,4,1,23,98,54,0,0,0
2124,4,60,0,0,6,4,3,25,98,54,1,0,4
2124,5,60,0,0,9,6,3,29,141,53,0,0,0
2125,0,60,0,0,0,3,8,28,64,64,1,0,11
2125,1,60,0,0,2,5,9,31,98,54,0,0,0
2126,0,60,0,0,0,11,1,29,64,64,1,0,4
2126,1,60,0,0,2,12,1,32,110,66,0,0,0
2127,0,60,0,0,0,2,1,19,51,51,0,0,0
2127,1,60,0,0,3,4,1,23,98,54,1,0,4
2127,4,60,0,0,6,4,3,25,98,58,0,0,0
2127,5,60,0,0,9,6,3,29,141,57,1,0,9
2128,0,60,0,0,0,2,1,32,64,64,0,0,0
2128,1,60,0,0,2,4,1,35,98,54,1,0,13
2129,0,60,0,0,0,2,1,32,77,77,0,0,0
2129,1,60,0,0,2,4,1,35,98,54,1,0,9
2130,0,60,0,0,0,3,1,33,84,84,0,0,0
2130,1,60,0,0,2,5,1,36,110,66,1,0,3
2131,0,60,0,0,0,2,1,32,64,64,0,0,0
2131,1,60,0,0,2,4,1,35,98,54,1,0,3
2132,0,60,0,0,0,2,1,32,64,64,0,0,0
2132,1,60,0,0,2,4,1,35,98,54,1,0,7
2133,0,60,0,0,0,2,2,33,77,77,0,0,0
2133,1,60,0,0,2,4,2,36,98,54,1,0,6
2134,0,60,0,0,0,3,1,33,84,84,0,0,0
2134,1,60,0,0,2,5,1,36,110,66,1,0,3
2135,0,60,0,0,0,2,1,32,64,64,0,0,0
2135,1,60,0,0,2,4,1,35,98,54,0,0,0
2136,0,60,0,0,0,2,1,19,64,64,1,0,1
2136,1,60,0,0,3,4,1,23,98,54,0,0,0
2136,4,60,0,0,3,4,1,23,110,66,1,0,3
2136,5,60,0,0,6,6,1,27,141,53,0,0,0
2137,0,60,0,0,0,4,2,22,77,77,1,0,16
2137,1,60,0,0,3,4,2,24,98,54,0,0,0
2137,4,60,0,0,9,8,4,30,137,61,1,0,5
2137,5,60,0,0,9,6,4,30,141,61,0,0,0
2138,0,60,0,0,0,13,2,30,84,84,1,0,1
2138,1,60,0,0,2,14,2,33,110,66,0,0,0
2139,0,60,0,0,0,2,1,19,64,64,1,0,7
2139,1,60,0,0,3,4,1,23,98,54,0,0,0
2139,4,60,0,0,3,4,1,23,110,70,1,0,14
2139,5,60,0,0,6,6,1,27,141,57,0,0,0
2140,0,60,0,0,0,2,2,20,64,64,1,0,5
2140,1,60,0,0,3,4,2,24,98,54,0,0,0
2140,4,60,0,0,6,4,4,26,110,66,0,0,0
2140,5,60,0,0,9,6,4,30,141,53,1,0,6
2141,0,60,0,0,0,3,9,29,77,77,0,0,0
2141,1,60,0,0,2,5,10,32,98,54,1,0,9
2142,0,60,0,0,0,12,3,31,84,84,0,0,0
2142,1,60,0,0,2,13,3,34,110,66,1,0,10
2143,0,60,0,0,0,2,2,20,64,64,0,0,0
2143,1,60,0,0,3,4,2,24,98,54,1,0,3
2143,4,60,0,0,6,4,4,26,110,70,0,0,0
2143,5,60,0,0,9,6,4,30,141,57,1,0,5
2144,0,60,0,0,0,2,0,31,51,51,0,0,0
2144,1,60,0,0,2,4,0,34,98,54,1,0,6
2145,0,60,0,0,0,2,0,31,64,64,0,0,0
2145,1,60,0,0,2,4,0,34,98,54,1,0,6
2146,0,60,0,0,0,3,0,32,64,64,0,0,0
2146,1,60,0,0,2,5,0,35,110,66,1,0,3
2147,0,60,0,0,0,2,0,31,51,51,0,0,0
2147,1,60,0,0,2,4,0,34,98,54,1,0,3
2148,0,60,0,0,0,2,0,31,51,51,0,0,0
2148,1,60,0,0,2,4,0,34,98,54,0,0,0
2149,0,60,0,0,0,2,1,32,64,64,1,0,7
2149,1,60,0,0,2,4,1,35,98,54,0,0,0
2150,0,60,0,0,0,3,0,32,64,64,1,0,4
2150,1,60,0,0,2,5,0,35,110,66,0,0,0
2151,0,60,0,0,0,2,0,31,51,51,1,0,10
2151,1,60,0,0,2,4,0,34,98,54,0,0,0
2152,0,60,0,0,0,2,0,18,51,51,1,0,1
2152,1,60,0,0,3,4,0,22,98,54,0,0,0
2152,4,60,0,0,3,4,0,22,98,54,1,0,3
2152,5,60,0,0,6,6,0,26,141,53,0,0,0
2153,0,60,0,0,0,4,1,21,64,64,1,0,14
2153,1,60,0,0,3,4,1,23,98,54,0,0,0
2153,4,60,0,0,9,8,3,29,132,61,1,0,9
2153,5,60,0,0,9,6,3,29,141,61,0,0,0
2154,0,60,0,0,0,12,0,28,64,64,1,0,1
2154,1,60,0,0,2,13,0,31,110,66,0,0,0
2155,0,60,0,0,0,2,0,18,51,51,1,0,10
2155,1,60,0,0,3,4,0,22,98,54,0,0,0
2155,4,60,0,0,3,4,0,22,98,58,0,0,0
2155,5,60,0,0,6,6,0,26,141,57,1,0,8
2156,0,60,0,0,0,2,1,19,51,51,0,0,0
2156,1,60,0,0,3,4,1,23,98,54,1,0,10
2156,4,60,0,0,6,4,3,25,98,54,0,0,0
2156,5,60,0,0,9,6,3,29,141,53,1,0,5
2157,0,60,0,0,0,3,8,28,64,64,0,0,0
2157,1,60,0,0,2,5,9,31,98,54,1,0,9
2158,0,60,0,0,0,11,1,29,64,64,0,0,0
2158,1,60,0,0,2,12,1,32,110,66,1,0,6
2159,0,60,0,0,0,2,1,19,51,51,0,0,0
2159,1,60,0,0,3,4,1,23,98,54,1,0,3
2159,4,60,0,0,6,4,3,25,98,58,0,0,0
2159,5,60,0,0,9,6,3,29,141,57,1,0,7
2160,0,60,0,0,0,2,0,32,64,64,0,0,0
2160,1,60,0,0,2,4,0,35,110,66,1,0,9
2161,0,60,0,0,0,2,0,32,84,84,0,0,0
2161,1,60,0,0,2,4,0,35,110,66,0,0,0
2162,0,60,0,0,0,3,0,33,77,77,1,0,7
2162,1,60,0,0,2,5,0,36,122,78,0,0,0
2163,0,60,0,0,0,2,0,32,64,64,1,0,7
2163,1,60,0,0,2,4,0,35,110,66,0,0,0
2164,0,60,0,0,0,3,0,32,64,64,1,0,1
2164,1,60,0,0,2,5,0,35,110,66,0,0,0
2165,0,60,0,0,0,3,1,33,84,84,1,0,8
2165,1,60,0,0,2,5,1,36,110,66,0,0,0
2166,0,60,0,0,0,4,0,33,77,77,1,0,4
2166,1,60,0,0,2,6,0,36,122,78,0,0,0
2167,0,60,0,0,0,3,0,32,64,64,1,0,5
2167,1,60,0,0,2,5,0,35,110,66,0,0,0
2168,0,60,0,0,0,2,1,19,64,64,1,0,1
2168,1,60,0,0,3,4,1,23,110,66,0,0,0
2168,4,60,0,0,3,4,1,23,98,54,1,0,11
2168,5,60,0,0,6,6,1,27,141,53,0,0,0
2169,0,60,0,0,0,4,2,22,84,84,1,0,10
2169,1,60,0,0,3,4,2,24,110,66,0,0,0
2169,4,60,0,0,9,8,4,30,132,61,0,0,0
2169,5,60,0,0,9,6,4,30,141,61,1,0,9
2170,0,60,0,0,0,13,2,30,77,77,0,0,0
2170,1,60,0,0,2,14,2,33,122,78,1,0,16
2171,0,60,0,0,0,2,1,19,64,64,0,0,0
2171,1,60,0,0,3,4,1,23,110,66,1,0,13
2171,4,60,0,0,3,4,1,23,98,58,0,0,0
2171,5,60,0,0,6,6,1,27,141,57,1,0,8
2172,0,60,0,0,0,2,1,19,64,64,0,0,0
2172,1,60,0,0,3,4,1,23,110,66,1,0,3
2172,4,60,0,0,6,4,3,25,98,54,0,0,0
2172,5,60,0,0,9,6,3,29,141,53,1,0,6
2173,0,60,0,0,0,4,9,29,84,84,0,0,0
2173,1,60,0,0,2,6,10,32,110,66,1,0,9
2174,0,60,0,0,0,11,1,29,77,77,0,0,0
2174,1,60,0,0,2,12,1,32,122,78,1,0,12
2175,0,60,0,0,0,2,1,19,64,64,0,0,0
2175,1,60,0,0,3,4,1,23,110,66,0,0,0
2175,4,60,0,0,6,4,3,25,98,58,1,0,6
2175,5,60,0,0,9,6,3,29,141,57,0,0,0
2176,0,60,0,0,0,2,0,18,51,51,1,0,1
2176,1,60,0,0,3,4,0,22,98,54,0,0,0
2176,2,60,0,0,3,4,0,22,98,54,1,0,6
2176,3,60,0,0,6,6,0,26,141,53,0,0,0
2177,0,60,0,0,0,2,0,18,64,64,1,0,4
2177,1,60,0,0,3,4,0,22,98,54,0,0,0
2177,2,60,0,0,3,4,0,22,110,66,1,0,11
2177,3,60,0,0,6,6,0,26,141,53,0,0,0
2178,0,60,0,0,0,2,0,18,64,64,1,0,1
2178,1,60,0,0,3,4,0,22,110,66,0,0,0
2178,2,60,0,0,3,4,0,22,98,54,1,0,9
2178,3,60,0,0,6,6,0,26,141,53,0,0,0
2179,0,60,0,0,0,2,0,18,51,51,1,0,5
2179,1,60,0,0,3,4,0,22,98,54,0,0,0
2179,2,60,0,0,3,4,0,22,98,54,1,0,7
2179,3,60,0,0,6,6,0,26,141,53,0,0,0
2180,0,60,0,0,0,2,0,18,51,51,0,0,0
2180,1,60,0,0,3,4,0,22,98,54,1,0,3
2180,2,60,0,0,3,4,0,22,98,54,0,0,0
2180,3,60,0,0,6,6,0,26,141,53,1,0,12
2181,0,60,0,0,0,2,1,19,64,64,0,0,0
2181,1,60,0,0,3,4,1,23,98,54,1,0,14
2181,2,60,0,0,3,4,1,23,110,66,0,0,0
2181,3,60,0,0,6,6,1,27,141,53,1,0,5
2182,0,60,0,0,0,2,1,19,64,64,0,0,0
2182,1,60,0,0,3,4,1,23,110,66,1,0,3
2182,2,60,0,0,3,4,1,23,98,54,0,0,0
2182,3,60,0,0,6,6,1,27,141,53,1,0,12
2183,0,60,0,0,0,2,0,18,51,51,0,0,0
2183,1,60,0,0,3,4,0,22,98,54,1,0,7
2183,2,60,0,0,3,4,0,22,98,54,0,0,0
2183,3,60,0,0,6,6,0,26,141,53,1,0,5
2184,0,60,0,0,0,0,0,3,51,51,0,0,0
2184,1,60,0,0,4,0,0,6,98,54,0,0,0
2184,2,60,0,0,4,0,0,6,98,54,1,0,3
2184,3,60,0,0,8,0,0,9,141,53,0,0,0
2184,4,60,0,0,4,0,0,6,98,54,1,0,3
2184,5,60,0,0,8,0,0,9,141,53,0,0,0
2184,6,60,0,0,8,0,0,9,141,53,1,0,5
2184,7,60,0,0,12,0,0,12,180,48,0,0,0
2185,0,60,0,0,0,1,1,5,64,64,1,0,5
2185,1,60,0,0,4,0,1,7,98,54,0,0,0
2185,2,60,0,0,4,1,1,8,110,66,1,0,11
2185,3,60,0,0,8,0,1,10,141,53,0,0,0
2185,4,60,0,0,12,3,4,13,132,61,1,0,5
2185,5,60,0,0,12,0,4,13,141,61,0,0,0
2185,6,60,0,0,16,3,4,16,171,56,1,0,8
2185,7,60,0,0,16,0,4,16,180,56,0,0,0
2186,0,60,0,0,0,1,1,5,64,64,1,0,5
2186,1,60,0,0,4,1,1,8,110,66,0,0,0
2186,2,60,0,0,4,0,1,7,98,54,1,0,3
2186,3,60,0,0,8,0,1,10,141,53,0,0,0
2186,4,60,0,0,12,3,4,13,132,61,0,0,0
2186,5,60,0,0,16,3,4,16,171,56,1,0,8
2186,6,60,0,0,12,0,4,13,141,61,0,0,0
2186,7,60,0,0,16,0,4,16,180,56,1,0,11
2187,0,60,0,0,0,0,0,3,51,51,0,0,0
2187,1,60,0,0,4,0,0,6,98,54,1,0,13
2187,2,60,0,0,4,0,0,6,98,54,0,0,0
2187,3,60,0,0,8,0,0,9,141,53,1,0,5
2187,4,60,0,0,4,0,0,6,98,58,0,0,0
2187,5,60,0,0,8,0,0,9,141,57,1,0,5
2187,6,60,0,0,8,0,0,9,141,57,0,0,0
2187,7,60,0,0,12,0,0,12,180,52,1,0,11
2188,0,60,0,0,0,0,2,5,51,51,0,0,0
2188,1,60,0,0,4,0,2,8,98,54,1,0,3
2188,2,60,0,0,4,0,2,8,98,54,0,0,0
2188,3,60,0,0,8,0,2,11,141,53,1,0,5
2188,4,60,0,0,12,0,8,14,98,54,0,0,0
2188,5,60,0,0,16,0,8,17,141,53,1,0,9
2188,6,60,0,0,16,0,8,17,141,53,0,0,0
2188,7,60,0,0,20,0,8,20,180,48,0,0,0
2189,0,60,0,0,0,2,11,15,64,64,1,0,5
2189,1,60,0,0,3,4,13,19,98,54,0,0,0
2189,2,60,0,0,3,4,12,19,110,66,1,0,9
2189,3,60,0,0,6,6,14,23,141,53,0,0,0
2190,0,60,0,0,0,2,11,15,64,64,1,0,1
2190,1,60,0,0,3,4,12,19,110,66,0,0,0
2190,2,60,0,0,3,4,13,19,98,54,1,0,9
2190,3,60,0,0,6,6,14,23,141,53,0,0,0
2191,0,60,0,0,0,0,2,5,51,51,1,0,7
2191,1,60,0,0,4,0,2,8,98,54,0,0,0
2191,2,60,0,0,4,0,2,8,98,54,1,0,7
2191,3,60,0,0,8,0,2,11,141,53,0,0,0
2191,4,60,0,0,12,0,8,14,98,58,1,0,5
2191,5,60,0,0,16,0,8,17,141,57,0,0,0
2191,6,60,0,0,16,0,8,17,141,57,1,0,13
2191,7,60,0,0,20,0,8,20,180,52,0,0,0
2192,0,60,0,0,0,4,1,21,64,64,0,0,0
2192,1,60,0,0,3,4,1,23,98,54,1,0,10
2192,2,60,0,0,9,8,3,29,132,61,0,0,0
2192,3,60,0,0,9,6,3,29,141,61,1,0,9
2193,0,60,0,0,0,4,1,21,77,77,0,0,0
2193,1,60,0,0,3,4,1,23,98,54,1,0,10
2193,2,60,0,0,9,8,3,29,137,61,0,0,0
2193,3,60,0,0,9,6,3,29,141,61,1,0,9
2194,0,60,0,0,0,4,1,21,84,84,0,0,0
2194,1,60,0,0,3,4,1,23,110,66,1,0,7
2194,2,60,0,0,9,8,3,29,132,61,0,0,0
2194,3,60,0,0,9,6,3,29,141,61,1,0,12
2195,0,60,0,0,0,4,1,21,64,64,0,0,0
2195,1,60,0,0,3,4,1,23,98,54,1,0,3
2195,2,60,0,0,9,8,3,29,132,61,0,0,0
2195,3,60,0,0,9,6,3,29,141,61,1,0,8
2196,0,60,0,0,0,4,1,21,64,64,0,0,0
2196,1,60,0,0,3,4,1,23,98,54,1,0,9
2196,2,60,0,0,9,8,3,29,132,61,0,0,0
2196,3,60,0,0,9,6,3,29,141,61,0,0,0
2197,0,60,0,0,0,4,2,22,77,77,1,0,5
2197,1,60,0,0,3,4,2,24,98,54,0,0,0
2197,2,60,0,0,9,8,4,30,137,61,1,0,9
2197,3,60,0,0,9,6,4,30,141,61,0,0,0
2198,0,60,0,0,0,4,2,22,84,84,1,0,16
2198,1,60,0,0,3,4,2,24,110,66,0,0,0
2198,2,60,0,0,9,8,4,30,132,61,1,0,9
2198,3,60,0,0,9,6,4,30,141,61,0,0,0
2199,0,60,0,0,0,4,1,21,64,64,1,0,5
2199,1,60,0,0,3,4,1,23,98,54,0,0,0
2199,2,60,0,0,9,8,3,29,132,61,1,0,5
2199,3,60,0,0,9,6,3,29,141,61,0,0,0
2200,0,60,0,0,0,1,1,5,64,64,1,0,5
2200,1,60,0,0,4,0,1,7,98,54,0,0,0
2200,2,60,0,0,12,3,4,13,132,61,1,0,5
2200,3,60,0,0,12,0,4,13,141,61,0,0,0
2200,4,60,0,0,4,1,1,8,110,66,0,0,0
2200,5,60,0,0,8,0,1,10,141,53,1,0,6
2200,6,60,0,0,16,3,4,16,171,56,0,0,0
2200,7,60,0,0,16,0,4,16,180,56,1,0,11
2201,0,60,0,0,0,2,2,7,77,77,0,0,0
2201,1,60,0,0,4,0,2,8,98,54,1,0,19
2201,2,60,0,0,12,3,5,14,137,61,0,0,0
2201,3,60,0,0,12,0,5,14,141,61,1,0,6
2201,4,60,0,0,12,3,5,14,137,61,0,0,0
2201,5,60,0,0,12,0,5,14,141,61,1,0,5
2201,6,60,0,0,20,3,8,20,180,64,0,0,0
2201,7,60,0,0,20,0,8,20,180,64,1,0,11
2202,0,60,0,0,0,4,3,9,84,84,0,0,0
2202,1,60,0,0,4,2,3,10,110,66,1,0,12
2202,2,60,0,0,12,3,5,14,132,61,0,0,0
2202,3,60,0,0,12,0,5,14,141,61,1,0,5
2202,4,60,0,0,20,9,8,20,158,64,0,0,0
2202,5,60,0,0,20,6,8,20,171,64,1,0,9
2202,6,60,0,0,20,3,8,20,171,64,0,0,0
2202,7,60,0,0,20,0,8,20,180,64,0,0,0
2203,0,60,0,0,0,1,1,5,64,64,1,0,1
2203,1,60,0,0,4,0,1,7,98,54,0,0,0
2203,2,60,0,0,12,3,4,13,132,61,1,0,15
2203,3,60,0,0,12,0,4,13,141,61,0,0,0
2203,4,60,0,0,4,1,1,8,110,70,1,0,15
2203,5,60,0,0,8,0,1,10,141,57,0,0,0
2203,6,60,0,0,16,3,4,16,171,60,1,0,11
2203,7,60,0,0,16,0,4,16,180,60,0,0,0
2204,0,60,0,0,0,1,3,7,64,64,1,0,1
2204,1,60,0,0,4,0,3,9,98,54,0,0,0
2204,2,60,0,0,12,3,6,15,132,61,1,0,11
2204,3,60,0,0,12,0,6,15,141,61,0,0,0
2204,4,60,0,0,12,1,9,16,110,66,1,0,13
2204,5,60,0,0,16,0,9,18,141,53,0,0,0
2204,6,60,0,0,24,3,12,24,171,56,1,0,11
2204,7,60,0,0,24,0,12,24,180,56,0,0,0
2205,0,60,0,0,0,4,13,18,77,77,0,0,0
2205,1,60,0,0,3,4,14,20,98,54,1,0,4
2205,2,60,0,0,9,8,17,26,137,61,0,0,0
2205,3,60,0,0,9,6,17,26,141,61,1,0,15
2206,0,60,0,0,0,5,13,19,84,84,0,0,0
2206,1,60,0,0,3,5,14,21,110,66,1,0,13
2206,2,60,0,0,10,8,18,27,132,61,0,0,0
2206,3,60,0,0,10,6,18,27,141,61,1,0,6
2207,0,60,0,0,0,1,3,7,64,64,0,0,0
2207,1,60,0,0,4,0,3,9,98,54,1,0,3
2207,2,60,0,0,12,3,6,15,132,61,0,0,0
2207,3,60,0,0,12,0,6,15,141,61,1,0,15
2207,4,60,0,0,12,1,9,16,110,70,0,0,0
2207,5,60,0,0,16,0,9,18,141,57,1,0,12
2207,6,60,0,0,24,3,12,24,171,60,0,0,0
2207,7,60,0,0,24,0,12,24,180,60,1,0,9
2208,0,60,0,0,0,2,0,18,51,51,0,0,0
2208,1,60,0,0,3,4,0,22,98,54,1,0,3
2208,2,60,0,0,3,4,0,22,98,58,0,0,0
2208,3,60,0,0,6,6,0,26,141,57,0,0,0
2209,0,60,0,0,0,2,0,18,64,64,1,0,7
2209,1,60,0,0,3,4,0,22,98,54,0,0,0
2209,2,60,0,0,3,4,0,22,110,70,1,0,3
2209,3,60,0,0,6,6,0,26,141,57,0,0,0
2210,0,60,0,0,0,2,0,18,64,64,1,0,16
2210,1,60,0,0,3,4,0,22,110,66,0,0,0
2210,2,60,0,0,3,4,0,22,98,58,1,0,7
2210,3,60,0,0,6,6,0,26,141,57,0,0,0
2211,0,60,0,0,0,2,0,18,51,51,1,0,4
2211,1,60,0,0,3,4,0,22,98,54,0,0,0
2211,2,60,0,0,3,4,0,22,98,58,1,0,10
2211,3,60,0,0,6,6,0,26,141,57,0,0,0
2212,0,60,0,0,0,2,0,18,51,51,1,0,5
2212,1,60,0,0,3,4,0,22,98,54,0,0,0
2212,2,60,0,0,3,4,0,22,98,58,1,0,3
2212,3,60,0,0,6,6,0,26,141,57,0,0,0
2213,0,60,0,0,0,2,1,19,64,64,1,0,4
2213,1,60,0,0,3,4,1,23,98,54,0,0,0
2213,2,60,0,0,3,4,1,23,110,70,0,0,0
2213,3,60,0,0,6,6,1,27,141,57,1,0,5
2214,0,60,0,0,0,2,1,19,64,64,0,0,0
2214,1,60,0,0,3,4,1,23,110,66,1,0,13
2214,2,60,0,0,3,4,1,23,98,58,0,0,0
2214,3,60,0,0,6,6,1,27,141,57,1,0,6
2215,0,60,0,0,0,2,0,18,51,51,0,0,0
2215,1,60,0,0,3,4,0,22,98,54,1,0,6
2215,2,60,0,0,3,4,0,22,98,58,0,0,0
2215,3,60,0,0,6,6,0,26,141,57,1,0,9
2216,0,60,0,0,0,0,0,3,51,51,0,0,0
2216,1,60,0,0,4,0,0,6,98,54,1,0,3
2216,2,60,0,0,4,0,0,6,98,58,0,0,0
2216,3,60,0,0,8,0,0,9,141,57,1,0,5
2216,4,60,0,0,4,0,0,6,98,54,0,0,0
2216,5,60,0,0,8,0,0,9,141,53,1,0,15
2216,6,60,0,0,8,0,0,9,141,57,0,0,0
2216,7,60,0,0,12,0,0,12,180,52,0,0,0
2217,0,60,0,0,0,1,1,5,64,64,1,0,7
2217,1,60,0,0,4,0,1,7,98,54,0,0,0
2217,2,60,0,0,4,1,1,8,110,70,1,0,9
2217,3,60,0,0,8,0,1,10,141,57,0,0,0
2217,4,60,0,0,12,3,4,13,132,61,1,0,9
2217,5,60,0,0,12,0,4,13,141,61,0,0,0
2217,6,60,0,0,16,3,4,16,171,60,1,0,8
2217,7,60,0,0,16,0,4,16,180,60,0,0,0
2218,0,60,0,0,0,1,1,5,64,64,1,0,5
2218,1,60,0,0,4,1,1,8,110,66,0,0,0
2218,2,60,0,0,4,0,1,7,98,58,1,0,17
2218,3,60,0,0,8,0,1,10,141,57,0,0,0
2218,4,60,0,0,12,3,4,13,132,65,1,0,9
2218,5,60,0,0,16,3,4,16,171,60,0,0,0
2218,6,60,0,0,12,0,4,13,141,65,1,0,7
2218,7,60,0,0,16,0,4,16,180,60,0,0,0
2219,0,60,0,0,0,0,0,3,51,51,1,0,7
2219,1,60,0,0,4,0,0,6,98,54,0,0,0
2219,2,60,0,0,4,0,0,6,98,58,0,0,0
2219,3,60,0,0,8,0,0,9,141,57,1,0,5
2219,4,60,0,0,4,0,0,6,98,58,0,0,0
2219,5,60,0,0,8,0,0,9,141,57,1,0,15
2219,6,60,0,0,8,0,0,9,141,61,0,0,0
2219,7,60,0,0,12,0,0,12,180,56,1,0,11
2220,0,60,0,0,0,0,2,5,51,51,0,0,0
2220,1,60,0,0,4,0,2,8,98,54,1,0,9
2220,2,60,0,0,4,0,2,8,98,58,0,0,0
2220,3,60,0,0,8,0,2,11,141,57,1,0,9
2220,4,60,0,0,12,0,8,14,98,54,0,0,0
2220,5,60,0,0,16,0,8,17,141,53,1,0,6
2220,6,60,0,0,16,0,8,17,141,57,0,0,0
2220,7,60,0,0,20,0,8,20,180,52,1,0,7
2221,0,60,0,0,0,2,11,15,64,64,0,0,0
2221,1,60,0,0,3,4,13,19,98,54,1,0,9
2221,2,60,0,0,3,4,12,19,110,70,0,0,0
2221,3,60,0,0,6,6,14,23,141,57,0,0,0
2222,0,60,0,0,0,2,11,15,64,64,1,0,4
2222,1,60,0,0,3,4,12,19,110,66,0,0,0
2222,2,60,0,0,3,4,13,19,98,58,1,0,3
2222,3,60,0,0,6,6,14,23,141,57,0,0,0
2223,0,60,0,0,0,0,2,5,51,51,1,0,7
2223,1,60,0,0,4,0,2,8,98,54,0,0,0
2223,2,60,0,0,4,0,2,8,98,58,1,0,4
2223,3,60,0,0,8,0,2,11,141,57,0,0,0
2223,4,60,0,0,12,0,8,14,98,58,1,0,7
2223,5,60,0,0,16,0,8,17,141,57,0,0,0
2223,6,60,0,0,16,0,8,17,141,61,1,0,9
2223,7,60,0,0,20,0,8,20,180,56,0,0,0
2224,0,60,0,0,0,11,0,28,64,64,1,0,5
2224,1,60,0,0,2,12,0,31,110,66,0,0,0
2225,0,60,0,0,0,11,0,28,84,84,1,0,10
2225,1,60,0,0,2,12,0,31,110,66,0,0,0
2226,0,60,0,0,0,11,0,28,77,77,1,0,5
2226,1,60,0,0,2,12,0,31,122,78,0,0,0
2227,0,60,0,0,0,11,0,28,64,64,0,0,0
2227,1,60,0,0,2,12,0,31,110,66,1,0,3
2228,0,60,0,0,0,12,0,28,64,64,0,0,0
2228,1,60,0,0,2,13,0,31,110,66,1,0,10
2229,0,60,0,0,0,13,2,30,84,84,0,0,0
2229,1,60,0,0,2,14,2,33,110,66,1,0,16
2230,0,60,0,0,0,13,2,30,77,77,0,0,0
2230,1,60,0,0,2,14,2,33,122,78,1,0,3
2231,0,60,0,0,0,12,0,28,64,64,0,0,0
2231,1,60,0,0,2,13,0,31,110,66,1,0,3
2232,0,60,0,0,0,1,1,5,64,64,0,0,0
2232,1,60,0,0,4,1,1,8,110,66,1,0,7
2232,2,60,0,0,12,3,4,13,132,61,0,0,0
2232,3,60,0,0,16,3,4,16,171,56,1,0,11
2232,4,60,0,0,4,0,1,7,98,54,0,0,0
2232,5,60,0,0,8,0,1,10,141,53,1,0,15
2232,6,60,0,0,12,0,4,13,141,61,0,0,0
2232,7,60,0,0,16,0,4,16,180,56,0,0,0
2233,0,60,0,0,0,4,3,9,84,84,1,0,1
2233,1,60,0,0,4,2,3,10,110,66,0,0,0
2233,2,60,0,0,20,9,8,20,158,64,1,0,11
2233,3,60,0,0,20,6,8,20,171,64,0,0,0
2233,4,60,0,0,12,3,5,14,132,61,1,0,15
2233,5,60,0,0,12,0,5,14,141,61,0,0,0
2233,6,60,0,0,20,3,8,20,171,64,1,0,8
2233,7,60,0,0,20,0,8,20,180,64,0,0,0
2234,0,60,0,0,0,4,4,9,77,77,1,0,1
2234,1,60,0,0,4,4,4,12,122,78,0,0,0
2234,2,60,0,0,16,6,8,17,132,69,1,0,13
2234,3,60,0,0,20,6,8,20,171,64,0,0,0
2234,4,60,0,0,16,6,8,17,132,69,1,0,6
2234,5,60,0,0,20,6,8,20,171,64,0,0,0
2234,6,60,0,0,16,0,8,17,141,69,1,0,11
2234,7,60,0,0,20,0,8,20,180,64,0,0,0
2235,0,60,0,0,0,1,1,5,64,64,1,0,1
2235,1,60,0,0,4,1,1,8,110,66,0,0,0
2235,2,60,0,0,12,3,4,13,132,65,0,0,0
2235,3,60,0,0,16,3,4,16,171,60,1,0,8
2235,4,60,0,0,4,0,1,7,98,58,0,0,0
2235,5,60,0,0,8,0,1,10,141,57,1,0,15
2235,6,60,0,0,12,0,4,13,141,65,0,0,0
2235,7,60,0,0,16,0,4,16,180,60,1,0,11
2236,0,60,0,0,0,3,4,8,64,64,0,0,0
2236,1,60,0,0,4,3,4,11,110,66,1,0,3
2236,2,60,0,0,16,9,8,17,132,61,0,0,0
2236,3,60,0,0,20,9,8,20,171,56,1,0,9
2236,4,60,0,0,12,0,8,14,98,54,0,0,0
2236,5,60,0,0,16,0,8,17,141,53,1,0,11
2236,6,60,0,0,16,0,8,17,141,61,0,0,0
2236,7,60,0,0,20,0,8,20,180,56,1,0,11
2237,0,60,0,0,0,9,16,22,84,84,0,0,0
2237,1,60,0,0,2,10,18,25,110,66,1,0,3
2238,0,60,0,0,0,9,17,22,77,77,0,0,0
2238,1,60,0,0,2,10,17,25,122,78,1,0,9
2239,0,60,0,0,0,3,4,8,64,64,0,0,0
2239,1,60,0,0,4,3,4,11,110,66,0,0,0
2239,2,60,0,0,16,9,8,17,132,65,1,0,5
2239,3,60,0,0,20,9,8,20,171,60,0,0,0
2239,4,60,0,0,12,0,8,14,98,58,1,0,15
2239,5,60,0,0,16,0,8,17,141,57,0,0,0
2239,6,60,0,0,16,0,8,17,141,65,1,0,6
2239,7,60,0,0,20,0,8,20,180,60,0,0,0
2240,0,60,0,0,0,1,1,19,51,51,1,0,4
2240,1,60,0,0,3,3,1,23,98,54,0,0,0
2240,2,60,0,0,6,1,3,25,98,54,1,0,7
2240,3,60,0,0,9,3,3,29,141,53,0,0,0
2241,0,60,0,0,0,1,1,19,64,64,1,0,5
2241,1,60,0,0,3,3,1,23,98,54,0,0,0
2241,2,60,0,0,6,1,3,25,110,66,1,0,3
2241,3,60,0,0,9,3,3,29,141,53,0,0,0
2242,0,60,0,0,0,1,1,19,64,64,1,0,8
2242,1,60,0,0,3,3,1,23,110,66,0,0,0
2242,2,60,0,0,6,1,3,25,98,54,0,0,0
2242,3,60,0,0,9,3,3,29,141,53,1,0,6
2243,0,60,0,0,0,1,1,19,51,51,0,0,0
2243,1,60,0,0,3,3,1,23,98,54,1,0,7
2243,2,60,0,0,6,1,3,25,98,54,0,0,0
2243,3,60,0,0,9,3,3,29,141,53,1,0,12
2244,0,60,0,0,0,2,1,19,51,51,0,0,0
2244,1,60,0,0,3,4,1,23,98,54,1,0,6
2244,2,60,0,0,6,4,3,25,98,54,0,0,0
2244,3,60,0,0,9,6,3,29,141,53,1,0,9
2245,0,60,0,0,0,2,2,20,64,64,0,0,0
2245,1,60,0,0,3,4,2,24,98,54,1,0,3
2245,2,60,0,0,6,4,4,26,110,66,0,0,0
2245,3,60,0,0,9,6,4,30,141,53,1,0,5
2246,0,60,0,0,0,2,1,19,64,64,0,0,0
2246,1,60,0,0,3,4,1,23,110,66,1,0,6
2246,2,60,0,0,6,4,3,25,98,54,0,0,0
2246,3,60,0,0,9,6,3,29,141,53,1,0,5
2247,0,60,0,0,0,2,1,19,51,51,0,0,0
2247,1,60,0,0,3,4,1,23,98,54,0,0,0
2247,2,60,0,0,6,4,3,25,98,54,1,0,7
2247,3,60,0,0,9,6,3,29,141,53,0,0,0
2248,0,60,0,0,0,0,2,5,51,51,1,0,1
2248,1,60,0,0,4,0,2,8,98,54,0,0,0
2248,2,60,0,0,12,0,8,14,98,54,1,0,7
2248,3,60,0,0,16,0,8,17,141,53,0,0,0
2248,4,60,0,0,4,0,2,8,98,54,1,0,7
2248,5,60,0,0,8,0,2,11,141,53,0,0,0
2248,6,60,0,0,16,0,8,17,141,53,1,0,13
2248,7,60,0,0,20,0,8,20,180,48,0,0,0
2249,0,60,0,0,0,1,3,7,64,64,1,0,1
2249,1,60,0,0,4,0,3,9,98,54,0,0,0
2249,2,60,0,0,12,1,9,16,110,66,1,0,13
2249,3,60,0,0,16,0,9,18,141,53,0,0,0
2249,4,60,0,0,12,3,6,15,132,61,1,0,11
2249,5,60,0,0,12,0,6,15,141,61,0,0,0
2249,6,60,0,0,24,3,12,24,171,56,0,0,0
2249,7,60,0,0,24,0,12,24,180,56,1,0,8
2250,0,60,0,0,0,3,4,8,64,64,0,0,0
2250,1,60,0,0,4,3,4,11,110,66,1,0,7
2250,2,60,0,0,12,0,8,14,98,54,0,0,0
2250,3,60,0,0,16,0,8,17,141,53,1,0,15
2250,4,60,0,0,16,9,8,17,132,61,0,0,0
2250,5,60,0,0,20,9,8,20,171,56,1,0,8
2250,6,60,0,0,16,0,8,17,141,61,0,0,0
2250,7,60,0,0,20,0,8,20,180,56,1,0,11
2251,0,60,0,0,0,0,2,5,51,51,0,0,0
2251,1,60,0,0,4,0,2,8,98,54,1,0,3
2251,2,60,0,0,12,0,8,14,98,54,0,0,0
2251,3,60,0,0,16,0,8,17,141,53,1,0,8
2251,4,60,0,0,4,0,2,8,98,58,0,0,0
2251,5,60,0,0,8,0,2,11,141,57,1,0,11
2251,6,60,0,0,16,0,8,17,141,57,0,0,0
2251,7,60,0,0,20,0,8,20,180,52,1,0,11
2252,0,60,0,0,0,0,2,5,51,51,0,0,0
2252,1,60,0,0,4,0,2,8,98,54,0,0,0
2252,2,60,0,0,8,0,5,11,98,54,1,0,3
2252,3,60,0,0,12,0,5,14,141,53,0,0,0
2252,4,60,0,0,8,0,5,11,98,54,1,0,3
2252,5,60,0,0,12,0,5,14,141,53,0,0,0
2252,6,60,0,0,16,0,8,17,141,53,1,0,5
2252,7,60,0,0,20,0,8,20,180,48,0,0,0
2253,0,60,0,0,0,2,11,15,64,64,1,0,5
2253,1,60,0,0,3,4,13,19,98,54,0,0,0
2253,2,60,0,0,6,4,14,21,110,66,1,0,7
2253,3,60,0,0,9,6,16,25,141,53,0,0,0
2254,0,60,0,0,0,2,4,8,64,64,1,0,13
2254,1,60,0,0,4,2,4,11,110,66,0,0,0
2254,2,60,0,0,8,0,6,12,98,54,1,0,3
2254,3,60,0,0,12,0,6,15,141,53,0,0,0
2254,4,60,0,4,20,6,12,21,132,61,1,0,11
2254,5,60,0,4,24,6,12,24,171,56,0,0,0
2254,6,60,0,4,20,0,12,21,141,61,0,0,0
2254,7,60,0,4,24,0,12,24,180,56,1,0,8
2255,0,60,0,0,0,0,2,5,51,51,0,0,0
2255,1,60,0,0,4,0,2,8,98,54,1,0,9
2255,2,60,0,0,8,0,5,11,98,54,0,0,0
2255,3,60,0,0,12,0,5,14,141,53,1,0,9
2255,4,60,0,0,8,0,5,11,98,58,0,0,0
2255,5,60,0,0,12,0,5,14,141,57,1,0,5
2255,6,60,0,0,16,0,8,17,141,57,0,0,0
2255,7,60,0,0,20,0,8,20,180,52,1,0,11
2256,0,60,0,0,0,2,8,28,64,64,0,0,0
2256,1,60,0,0,2,4,9,31,98,54,1,0,6
2257,0,60,0,0,0,2,8,28,77,77,0,0,0
2257,1,60,0,0,2,4,9,31,98,54,1,0,9
2258,0,60,0,0,0,3,9,29,84,84,0,0,0
2258,1,60,0,0,2,5,10,32,110,66,1,0,3
2259,0,60,0,0,0,2,8,28,64,64,0,0,0
2259,1,60,0,0,2,4,9,31,98,54,1,0,3
2260,0,60,0,0,0,3,8,28,64,64,0,0,0
2260,1,60,0,0,2,5,9,31,98,54,0,0,0
2261,0,60,0,0,0,3,9,29,77,77,1,0,7
2261,1,60,0,0,2,5,10,32,98,54,0,0,0
2262,0,60,0,0,0,4,9,29,84,84,1,0,13
2262,1,60,0,0,2,6,10,32,110,66,0,0,0
2263,0,60,0,0,0,3,8,28,64,64,1,0,10
2263,1,60,0,0,2,5,9,31,98,54,0,0,0
2264,0,60,0,0,0,2,11,15,64,64,1,0,1
2264,1,60,0,0,3,4,13,19,98,54,0,0,0
2264,4,60,0,0,3,4,12,19,110,66,1,0,3
2264,5,60,0,0,6,6,14,23,141,53,0,0,0
2265,0,60,0,0,0,4,13,18,77,77,1,0,17
2265,1,60,0,0,3,4,14,20,98,54,0,0,0
2265,4,60,0,0,9,8,17,26,137,61,1,0,9
2265,5,60,0,0,9,6,17,26,141,61,0,0,0
2266,0,60,0,0,0,9,16,22,84,84,1,0,1
2266,1,60,0,0,2,10,18,25,110,66,0,0,0
2267,0,60,0,0,0,2,11,15,64,64,1,0,17
2267,1,60,0,0,3,4,13,19,98,54,0,0,0
2267,4,60,0,0,3,4,12,19,110,70,0,0,0
2267,5,60,0,0,6,6,14,23,141,57,1,0,11
2268,0,60,0,0,0,2,11,15,64,64,0,0,0
2268,1,60,0,0,3,4,13,19,98,54,1,0,13
2268,4,60,0,0,6,4,14,21,110,66,0,0,0
2268,5,60,0,0,9,6,16,25,141,53,1,0,5
2269,0,60,0,0,0,4,20,25,77,77,0,0,0
2269,1,60,0,0,2,6,22,28,98,54,1,0,9
2270,0,60,0,0,0,8,16,22,84,84,0,0,0
2270,1,60,0,0,2,9,18,25,110,66,1,0,9
2271,0,60,0,0,0,2,11,15,64,64,0,0,0
2271,1,60,0,0,3,4,13,19,98,54,1,0,3
2271,4,60,0,0,6,4,14,21,110,70,0,0,0
2271,5,60,0,0,9,6,16,25,141,57,1,0,7
2272,0,60,0,0,0,1,1,19,51,51,0,0,0
2272,1,60,0,0,3,3,1,23,98,54,1,0,12
2272,2,60,0,0,6,1,3,25,98,58,0,0,0
2272,3,60,0,0,9,3,3,29,141,57,0,0,0
2273,0,60,0,0,0,1,1,19,64,64,1,0,7
2273,1,60,0,0,3,3,1,23,98,54,0,0,0
2273,2,60,0,0,6,1,3,25,110,70,1,0,9
2273,3,60,0,0,9,3,3,29,141,57,0,0,0
2274,0,60,0,0,0,1,1,19,64,64,1,0,1
2274,1,60,0,0,3,3,1,23,110,66,0,0,0
2274,2,60,0,0,6,1,3,25,98,58,1,0,7
2274,3,60,0,0,9,3,3,29,141,57,0,0,0
2275,0,60,0,0,0,1,1,19,51,51,1,0,5
2275,1,60,0,0,3,3,1,23,98,54,0,0,0
2275,2,60,0,0,6,1,3,25,98,58,1,0,14
2275,3,60,0,0,9,3,3,29,141,57,0,0,0
2276,0,60,0,0,0,2,1,19,51,51,1,0,1
2276,1,60,0,0,3,4,1,23,98,54,0,0,0
2276,2,60,0,0,6,4,3,25,98,58,1,0,10
2276,3,60,0,0,9,6,3,29,141,57,0,0,0
2277,0,60,0,0,0,2,2,20,64,64,1,0,7
2277,1,60,0,0,3,4,2,24,98,54,0,0,0
2277,2,60,0,0,6,4,4,26,110,70,0,0,0
2277,3,60,0,0,9,6,4,30,141,57,1,0,5
2278,0,60,0,0,0,2,1,19,64,64,0,0,0
2278,1,60,0,0,3,4,1,23,110,66,1,0,13
2278,2,60,0,0,6,4,3,25,98,58,0,0,0
2278,3,60,0,0,9,6,3,29,141,57,1,0,12
2279,0,60,0,0,0,2,1,19,51,51,0,0,0
2279,1,60,0,0,3,4,1,23,98,54,1,0,9
2279,2,60,0,0,6,4,3,25,98,58,0,0,0
2279,3,60,0,0,9,6,3,29,141,57,1,0,9
2280,0,60,0,0,0,0,2,5,51,51,0,0,0
2280,1,60,0,0,4,0,2,8,98,54,1,0,3
2280,2,60,0,0,12,0,8,14,98,58,0,0,0
2280,3,60,0,0,16,0,8,17,141,57,1,0,9
2280,4,60,0,0,4,0,2,8,98,54,0,0,0
2280,5,60,0,0,8,0,2,11,141,53,1,0,15
2280,6,60,0,0,16,0,8,17,141,57,0,0,0
2280,7,60,0,0,20,0,8,20,180,52,0,0,0
2281,0,60,0,0,0,1,3,7,64,64,1,0,4
2281,1,60,0,0,4,0,3,9,98,54,0,0,0
2281,2,60,0,0,12,1,9,16,110,70,1,0,3
2281,3,60,0,0,16,0,9,18,141,57,0,0,0
2281,4,60,0,0,12,3,6,15,132,61,1,0,15
2281,5,60,0,0,12,0,6,15,141,61,0,0,0
2281,6,60,0,0,24,3,12,24,171,60,1,0,8
2281,7,60,0,0,24,0,12,24,180,60,0,0,0
2282,0,60,0,0,0,3,4,8,64,64,1,0,5
2282,1,60,0,0,4,3,4,11,110,66,0,0,0
2282,2,60,0,0,12,0,8,14,98,58,1,0,13
2282,3,60,0,0,16,0,8,17,141,57,0,0,0
2282,4,60,0,0,16,9,8,17,132,65,1,0,6
2282,5,60,0,0,20,9,8,20,171,60,0,0,0
2282,6,60,0,0,16,0,8,17,141,65,1,0,7
2282,7,60,0,0,20,0,8,20,180,60,0,0,0
2283,0,60,0,0,0,0,2,5,51,51,1,0,5
2283,1,60,0,0,4,0,2,8,98,54,0,0,0
2283,2,60,0,0,12,0,8,14,98,58,0,0,0
2283,3,60,0,0,16,0,8,17,141,57,1,0,5
2283,4,60,0,0,4,0,2,8,98,58,0,0,0
2283,5,60,0,0,8,0,2,11,141,57,1,0,9
2283,6,60,0,0,16,0,8,17,141,61,0,0,0
2283,7,60,0,0,20,0,8,20,180,56,1,0,11
2284,0,60,0,0,0,0,2,5,51,51,0,0,0
2284,1,60,0,0,4,0,2,8,98,54,1,0,3
2284,2,60,0,0,8,0,5,11,98,58,0,0,0
2284,3,60,0,0,12,0,5,14,141,57,1,0,9
2284,4,60,0,0,8,0,5,11,98,54,0,0,0
2284,5,60,0,0,12,0,5,14,141,53,1,0,5
2284,6,60,0,0,16,0,8,17,141,57,0,0,0
2284,7,60,0,0,20,0,8,20,180,52,1,0,7
2285,0,60,0,0,0,2,11,15,64,64,0,0,0
2285,1,60,0,0,3,4,13,19,98,54,1,0,3
2285,2,60,0,0,6,4,14,21,110,70,0,0,0
2285,3,60,0,0,9,6,16,25,141,57,0,0,0
2286,0,60,0,0,0,2,4,8,64,64,1,0,1
2286,1,60,0,0,4,2,4,11,110,66,0,0,0
2286,2,60,0,0,8,0,6,12,98,58,1,0,9
2286,3,60,0,0,12,0,6,15,141,57,0,0,0
2286,4,60,0,4,20,6,12,21,132,65,1,0,5
2286,5,60,0,4,24,6,12,24,171,60,0,0,0
2286,6,60,0,4,20,0,12,21,141,65,1,0,10
2286,7,60,0,4,24,0,12,24,180,60,0,0,0
2287,0,60,0,0,0,0,2,5,51,51,1,0,1
2287,1,60,0,0,4,0,2,8,98,54,0,0,0
2287,2,60,0,0,8,0,5,11,98,58,1,0,17
2287,3,60,0,0,12,0,5,14,141,57,0,0,0
2287,4,60,0,0,8,0,5,11,98,58,1,0,10
2287,5,60,0,0,12,0,5,14,141,57,0,0,0
2287,6,60,0,0,16,0,8,17,141,61,1,0,11
2287,7,60,0,0,20,0,8,20,180,56,0,0,0
2288,0,60,0,0,0,4,2,30,64,64,1,0,1
2288,1,60,0,0,2,6,2,33,110,66,0,0,0
2289,0,60,0,0,0,4,2,30,84,84,0,0,0
2289,1,60,0,0,2,6,2,33,110,66,1,0,7
2290,0,60,0,0,0,5,3,31,77,77,0,0,0
2290,1,60,0,0,2,7,3,34,122,78,1,0,16
2291,0,60,0,0,0,4,2,30,64,64,0,0,0
2291,1,60,0,0,2,6,2,33,110,66,1,0,10
2292,0,60,0,0,0,11,1,29,64,64,0,0,0
2292,1,60,0,0,2,12,1,32,110,66,1,0,3
2293,0,60,0,0,0,12,3,31,84,84,0,0,0
2293,1,60,0,0,2,13,3,34,110,66,1,0,6
2294,0,60,0,0,0,11,1,29,77,77,0,0,0
2294,1,60,0,0,2,12,1,32,122,78,1,0,9
2295,0,60,0,0,0,11,1,29,64,64,0,0,0
2295,1,60,0,0,2,12,1,32,110,66,1,0,3
2296,0,60,0,0,0,2,11,15,64,64,0,0,0
2296,1,60,0,0,3,4,12,19,110,66,1,0,3
2296,4,60,0,0,3,4,13,19,98,54,0,0,0
2296,5,60,0,0,6,6,14,23,141,53,1,0,9
2297,0,60,0,0,0,5,13,19,84,84,0,0,0
2297,1,60,0,0,3,5,14,21,110,66,0,0,0
2297,4,60,0,0,10,8,18,27,132,61,1,0,15
2297,5,60,0,0,10,6,18,27,141,61,0,0,0
2298,0,60,0,0,0,9,17,22,77,77,1,0,19
2298,1,60,0,0,2,10,17,25,122,78,0,0,0
2299,0,60,0,0,0,2,11,15,64,64,1,0,1
2299,1,60,0,0,3,4,12,19,110,66,0,0,0
2299,4,60,0,0,3,4,13,19,98,58,1,0,3
2299,5,60,0,0,6,6,14,23,141,57,0,0,0
2300,0,60,0,0,0,2,4,8,64,64,1,0,11
2300,1,60,0,0,4,2,4,11,110,66,0,0,0
2300,2,60,0,4,20,6,12,21,132,61,1,0,10
2300,3,60,0,4,24,6,12,24,171,56,0,0,0
2300,4,60,0,0,8,0,6,12,98,54,1,0,11
2300,5,60,0,0,12,0,6,15,141,53,0,0,0
2300,6,60,0,4,20,0,12,21,141,61,1,0,9
2300,7,60,0,4,24,0,12,24,180,56,0,0,0
2301,0,60,0,0,0,8,16,22,84,84,0,0,0
2301,1,60,0,0,2,9,18,25,110,66,1,0,16
2302,0,60,0,0,0,6,8,13,77,77,0,0,0
2302,1,60,0,0,4,6,8,16,122,78,1,0,7
2302,2,60,0,8,24,9,16,25,132,69,0,0,0
2302,3,60,0,8,28,9,16,28,171,64,1,0,11
2302,4,60,0,8,24,9,16,25,132,69,0,0,0
2302,5,60,0,8,28,9,16,28,171,64,1,0,8
2302,6,60,0,8,24,0,16,25,141,69,0,0,0
2302,7,60,0,8,28,0,16,28,180,64,1,0,9
2303,0,60,0,0,0,2,4,8,64,64,0,0,0
2303,1,60,0,0,4,2,4,11,110,66,1,0,3
2303,2,60,0,4,20,6,12,21,132,65,0,0,0
2303,3,60,0,4,24,6,12,24,171,60,1,0,15
2303,4,60,0,0,8,0,6,12,98,58,0,0,0
2303,5,60,0,0,12,0,6,15,141,57,1,0,7
2303,6,60,0,4,20,0,12,21,141,65,0,0,0
2303,7,60,0,4,24,0,12,24,180,60,1,0,11
2304,0,60,0,0,0,2,0,31,51,51,0,0,0
2304,1,60,0,0,2,4,0,34,98,58,0,0,0
2305,0,60,0,0,0,2,0,31,64,64,1,0,7
2305,1,60,0,0,2,4,0,34,98,58,0,0,0
2306,0,60,0,0,0,3,0,32,64,64,1,0,1
2306,1,60,0,0,2,5,0,35,110,70,0,0,0
2307,0,60,0,0,0,2,0,31,51,51,1,0,4
2307,1,60,0,0,2,4,0,34,98,58,0,0,0
2308,0,60,0,0,0,2,0,31,51,51,1,0,4
2308,1,60,0,0,2,4,0,34,98,58,0,0,0
2309,0,60,0,0,0,2,1,32,64,64,1,0,7
2309,1,60,0,0,2,4,1,35,98,58,0,0,0
2310,0,60,0,0,0,2,0,32,64,64,1,0,1
2310,1,60,0,0,2,4,0,35,110,70,0,0,0
2311,0,60,0,0,0,2,0,31,51,51,1,0,4
2311,1,60,0,0,2,4,0,34,98,58,0,0,0
2312,0,60,0,0,0,2,0,18,51,51,1,0,4
2312,1,60,0,0,3,4,0,22,98,58,0,0,0
2312,4,60,0,0,3,4,0,22,98,54,0,0,0
2312,5,60,0,0,6,6,0,26,141,57,1,0,6
2313,0,60,0,0,0,4,1,21,64,64,0,0,0
2313,1,60,0,0,3,4,1,23,98,58,1,0,5
2313,4,60,0,0,9,8,3,29,132,65,0,0,0
2313,5,60,0,0,9,6,3,29,141,65,1,0,12
2314,0,60,0,0,0,11,0,28,64,64,0,0,0
2314,1,60,0,0,2,12,0,31,110,70,1,0,7
2315,0,60,0,0,0,2,0,18,51,51,0,0,0
2315,1,60,0,0,3,4,0,22,98,58,1,0,3
2315,4,60,0,0,3,4,0,22,98,58,0,0,0
2315,5,60,0,0,6,6,0,26,141,61,1,0,5
2316,0,60,0,0,0,1,1,19,51,51,0,0,0
2316,1,60,0,0,3,3,1,23,98,58,1,0,6
2316,4,60,0,0,6,1,3,25,98,54,0,0,0
2316,5,60,0,0,9,3,3,29,141,57,1,0,12
2317,0,60,0,0,0,2,8,28,64,64,0,0,0
2317,1,60,0,0,2,4,9,31,98,58,1,0,3
2318,0,60,0,0,0,4,2,30,64,64,0,0,0
2318,1,60,0,0,2,6,2,33,110,70,0,0,0
2319,0,60,0,0,0,1,1,19,51,51,1,0,1
2319,1,60,0,0,3,3,1,23,98,58,0,0,0
2319,4,60,0,0,6,1,3,25,98,58,1,0,3
2319,5,60,0,0,9,3,3,29,141,61,0,0,0
2320,0,60,0,0,0,2,0,31,64,64,1,0,13
2320,1,60,0,0,2,4,0,34,98,58,0,0,0
2321,0,60,0,0,0,2,0,31,77,77,1,0,7
2321,1,60,0,0,2,4,0,34,98,58,0,0,0
2322,0,60,0,0,0,3,0,32,84,84,1,0,1
2322,1,60,0,0,2,5,0,35,110,70,0,0,0
2323,0,60,0,0,0,2,0,31,64,64,1,0,4
2323,1,60,0,0,2,4,0,34,98,58,0,0,0
2324,0,60,0,0,0,2,0,31,64,64,1,0,10
2324,1,60,0,0,2,4,0,34,98,58,0,0,0
2325,0,60,0,0,0,2,1,32,77,77,1,0,7
2325,1,60,0,0,2,4,1,35,98,58,0,0,0
2326,0,60,0,0,0,2,0,32,84,84,0,0,0
2326,1,60,0,0,2,4,0,35,110,70,1,0,4
2327,0,60,0,0,0,2,0,31,64,64,0,0,0
2327,1,60,0,0,2,4,0,34,98,58,1,0,10
2328,0,60,0,0,0,2,0,18,64,64,0,0,0
2328,1,60,0,0,3,4,0,22,98,58,1,0,10
2328,4,60,0,0,3,4,0,22,110,66,0,0,0
2328,5,60,0,0,6,6,0,26,141,57,1,0,5
2329,0,60,0,0,0,4,1,21,77,77,0,0,0
2329,1,60,0,0,3,4,1,23,98,58,1,0,3
2329,4,60,0,0,9,8,3,29,137,65,0,0,0
2329,5,60,0,0,9,6,3,29,141,65,1,0,5
2330,0,60,0,0,0,11,0,28,84,84,0,0,0
2330,1,60,0,0,2,12,0,31,110,70,1,0,6
2331,0,60,0,0,0,2,0,18,64,64,0,0,0
2331,1,60,0,0,3,4,0,22,98,58,1,0,3
2331,4,60,0,0,3,4,0,22,110,70,0,0,0
2331,5,60,0,0,6,6,0,26,141,61,1,0,12
2332,0,60,0,0,0,1,1,19,64,64,0,0,0
2332,1,60,0,0,3,3,1,23,98,58,0,0,0
2332,4,60,0,0,6,1,3,25,110,66,1,0,3
2332,5,60,0,0,9,3,3,29,141,57,0,0,0
2333,0,60,0,0,0,2,8,28,77,77,1,0,8
2333,1,60,0,0,2,4,9,31,98,58,0,0,0
2334,0,60,0,0,0,4,2,30,84,84,1,0,16
2334,1,60,0,0,2,6,2,33,110,70,0,0,0
2335,0,60,0,0,0,1,1,19,64,64,1,0,1
2335,1,60,0,0,3,3,1,23,98,58,0,0,0
2335,4,60,0,0,6,1,3,25,110,70,1,0,3
2335,5,60,0,0,9,3,3,29,141,61,0,0,0
2336,0,60,0,0,0,2,0,31,51,51,1,0,7
2336,1,60,0,0,2,4,0,34,98,58,0,0,0
2337,0,60,0,0,0,2,0,31,64,64,1,0,7
2337,1,60,0,0,2,4,0,34,98,58,0,0,0
2338,0,60,0,0,0,3,0,32,64,64,1,0,1
2338,1,60,0,0,2,5,0,35,110,70,0,0,0
2339,0,60,0,0,0,2,0,31,51,51,1,0,7
2339,1,60,0,0,2,4,0,34,98,58,0,0,0
2340,0,60,0,0,0,2,0,31,51,51,0,0,0
2340,1,60,0,0,2,4,0,34,98,58,1,0,10
2341,0,60,0,0,0,2,1,32,64,64,0,0,0
2341,1,60,0,0,2,4,1,35,98,58,1,0,10
2342,0,60,0,0,0,2,0,32,64,64,0,0,0
2342,1,60,0,0,2,4,0,35,110,70,1,0,3
2343,0,60,0,0,0,2,0,31,51,51,0,0,0
2343,1,60,0,0,2,4,0,34,98,58,1,0,6
2344,0,60,0,0,0,2,0,18,51,51,0,0,0
2344,1,60,0,0,3,4,0,22,98,58,1,0,6
2344,4,60,0,0,3,4,0,22,98,54,0,0,0
2344,5,60,0,0,6,6,0,26,141,57,1,0,6
2345,0,60,0,0,0,4,1,21,64,64,0,0,0
2345,1,60,0,0,3,4,1,23,98,58,1,0,3
2345,4,60,0,0,9,8,3,29,132,65,0,0,0
2345,5,60,0,0,9,6,3,29,141,65,1,0,12
2346,0,60,0,0,0,11,0,28,64,64,0,0,0
2346,1,60,0,0,2,12,0,31,110,70,0,0,0
2347,0,60,0,0,0,2,0,18,51,51,1,0,4
2347,1,60,0,0,3,4,0,22,98,58,0,0,0
2347,4,60,0,0,3,4,0,22,98,58,1,0,7
2347,5,60,0,0,6,6,0,26,141,61,0,0,0
2348,0,60,0,0,0,1,1,19,51,51,1,0,1
2348,1,60,0,0,3,3,1,23,98,58,0,0,0
2348,4,60,0,0,6,1,3,25,98,54,1,0,3
2348,5,60,0,0,9,3,3,29,141,57,0,0,0
2349,0,60,0,0,0,2,8,28,64,64,1,0,4
2349,1,60,0,0,2,4,9,31,98,58,0,0,0
2350,0,60,0,0,0,4,2,30,64,64,1,0,7
2350,1,60,0,0,2,6,2,33,110,70,0,0,0
2351,0,60,0,0,0,1,1,19,51,51,1,0,1
2351,1,60,0,0,3,3,1,23,98,58,0,0,0
2351,4,60,0,0,6,1,3,25,98,58,1,0,5
2351,5,60,0,0,9,3,3,29,141,61,0,0,0
2352,0,60,0,0,0,3,0,32,64,64,1,0,7
2352,1,60,0,0,2,5,0,35,110,70,0,0,0
2353,0,60,0,0,0,3,0,32,84,84,0,0,0
2353,1,60,0,0,2,5,0,35,110,70,1,0,7
2354,0,60,0,0,0,4,0,33,77,77,0,0,0
2354,1,60,0,0,2,6,0,36,122,82,1,0,13
2355,0,60,0,0,0,3,0,32,64,64,0,0,0
2355,1,60,0,0,2,5,0,35,110,70,1,0,10
2356,0,60,0,0,0,3,0,32,64,64,0,0,0
2356,1,60,0,0,2,5,0,35,110,70,1,0,9
2357,0,60,0,0,0,3,1,33,84,84,0,0,0
2357,1,60,0,0,2,5,1,36,110,70,1,0,3
2358,0,60,0,0,0,3,0,33,77,77,0,0,0
2358,1,60,0,0,2,5,0,36,122,82,1,0,3
2359,0,60,0,0,0,3,0,32,64,64,0,0,0
2359,1,60,0,0,2,5,0,35,110,70,1,0,6
2360,0,60,0,0,0,2,0,18,64,64,0,0,0
2360,1,60,0,0,3,4,0,22,110,70,1,0,12
2360,4,60,0,0,3,4,0,22,98,54,0,0,0
2360,5,60,0,0,6,6,0,26,141,57,0,0,0
2361,0,60,0,0,0,4,1,21,84,84,1,0,4
2361,1,60,0,0,3,4,1,23,110,70,0,0,0
2361,4,60,0,0,9,8,3,29,132,65,1,0,7
2361,5,60,0,0,9,6,3,29,141,65,0,0,0
2362,0,60,0,0,0,11,0,28,77,77,1,0,10
2362,1,60,0,0,2,12,0,31,122,82,0,0,0
2363,0,60,0,0,0,2,0,18,64,64,1,0,13
2363,1,60,0,0,3,4,0,22,110,70,0,0,0
2363,4,60,0,0,3,4,0,22,98,58,1,0,9
2363,5,60,0,0,6,6,0,26,141,61,0,0,0
2364,0,60,0,0,0,1,1,19,64,64,1,0,1
2364,1,60,0,0,3,3,1,23,110,70,0,0,0
2364,4,60,0,0,6,1,3,25,98,54,1,0,4
2364,5,60,0,0,9,3,3,29,141,57,0,0,0
2365,0,60,0,0,0,3,9,29,84,84,1,0,8
2365,1,60,0,0,2,5,10,32,110,70,0,0,0
2366,0,60,0,0,0,5,3,31,77,77,1,0,7
2366,1,60,0,0,2,7,3,34,122,82,0,0,0
2367,0,60,0,0,0,1,1,19,64,64,0,0,0
2367,1,60,0,0,3,3,1,23,110,70,1,0,7
2367,4,60,0,0,6,1,3,25,98,58,0,0,0
2367,5,60,0,0,9,3,3,29,141,61,1,0,7
2368,0,60,0,0,0,2,0,31,51,51,0,0,0
2368,1,60,0,0,2,4,0,34,98,58,1,0,13
2369,0,60,0,0,0,2,0,31,64,64,0,0,0
2369,1,60,0,0,2,4,0,34,98,58,1,0,3
2370,0,60,0,0,0,3,0,32,64,64,0,0,0
2370,1,60,0,0,2,5,0,35,110,70,1,0,3
2371,0,60,0,0,0,2,0,31,51,51,0,0,0
2371,1,60,0,0,2,4,0,34,98,58,1,0,6
2372,0,60,0,0,0,2,0,31,51,51,0,0,0
2372,1,60,0,0,2,4,0,34,98,58,1,0,6
2373,0,60,0,0,0,2,1,32,64,64,0,0,0
2373,1,60,0,0,2,4,1,35,98,58,1,0,3
2374,0,60,0,0,0,3,0,32,64,64,0,0,0
2374,1,60,0,0,2,5,0,35,110,70,0,0,0
2375,0,60,0,0,0,2,0,31,51,51,1,0,1
2375,1,60,0,0,2,4,0,34,98,58,0,0,0
2376,0,60,0,0,0,2,0,18,51,51,1,0,5
2376,1,60,0,0,3,4,0,22,98,58,0,0,0
2376,4,60,0,0,3,4,0,22,98,54,1,0,6
2376,5,60,0,0,6,6,0,26,141,57,0,0,0
2377,0,60,0,0,0,4,1,21,64,64,1,0,7
2377,1,60,0,0,3,4,1,23,98,58,0,0,0
2377,4,60,0,0,9,8,3,29,132,65,1,0,5
2377,5,60,0,0,9,6,3,29,141,65,0,0,0
2378,0,60,0,0,0,12,0,28,64,64,1,0,10
2378,1,60,0,0,2,13,0,31,110,70,0,0,0
2379,0,60,0,0,0,2,0,18,51,51,1,0,4
2379,1,60,0,0,3,4,0,22,98,58,0,0,0
2379,4,60,0,0,3,4,0,22,98,58,1,0,11
2379,5,60,0,0,6,6,0,26,141,61,0,0,0
2380,0,60,0,0,0,2,1,19,51,51,1,0,1
2380,1,60,0,0,3,4,1,23,98,58,0,0,0
2380,4,60,0,0,6,4,3,25,98,54,0,0,0
2380,5,60,0,0,9,6,3,29,141,57,1,0,6
2381,0,60,0,0,0,3,8,28,64,64,0,0,0
2381,1,60,0,0,2,5,9,31,98,58,1,0,8
2382,0,60,0,0,0,11,1,29,64,64,0,0,0
2382,1,60,0,0,2,12,1,32,110,70,1,0,16
2383,0,60,0,0,0,2,1,19,51,51,0,0,0
2383,1,60,0,0,3,4,1,23,98,58,1,0,3
2383,4,60,0,0,6,4,3,25,98,58,0,0,0
2383,5,60,0,0,9,6,3,29,141,61,1,0,5
2384,0,60,0,0,0,2,1,32,64,64,0,0,0
2384,1,60,0,0,2,4,1,35,98,58,1,0,9
2385,0,60,0,0,0,2,1,32,77,77,0,0,0
2385,1,60,0,0,2,4,1,35,98,58,1,0,3
2386,0,60,0,0,0,3,1,33,84,84,0,0,0
2386,1,60,0,0,2,5,1,36,110,70,1,0,3
2387,0,60,0,0,0,2,1,32,64,64,0,0,0
2387,1,60,0,0,2,4,1,35,98,58,1,0,9
2388,0,60,0,0,0,2,1,32,64,64,0,0,0
2388,1,60,0,0,2,4,1,35,98,58,0,0,0
2389,0,60,0,0,0,2,2,33,77,77,1,0,10
2389,1,60,0,0,2,4,2,36,98,58,0,0,0
2390,0,60,0,0,0,3,1,33,84,84,1,0,10
2390,1,60,0,0,2,5,1,36,110,70,0,0,0
2391,0,60,0,0,0,2,1,32,64,64,1,0,1
2391,1,60,0,0,2,4,1,35,98,58,0,0,0
2392,0,60,0,0,0,2,1,19,64,64,1,0,5
2392,1,60,0,0,3,4,1,23,98,58,0,0,0
2392,4,60,0,0,3,4,1,23,110,66,1,0,6
2392,5,60,0,0,6,6,1,27,141,57,0,0,0
2393,0,60,0,0,0,4,2,22,77,77,1,0,7
2393,1,60,0,0,3,4,2,24,98,58,0,0,0
2393,4,60,0,0,9,8,4,30,137,65,1,0,5
2393,5,60,0,0,9,6,4,30,141,65,0,0,0
2394,0,60,0,0,0,13,2,30,84,84,1,0,13
2394,1,60,0,0,2,14,2,33,110,70,0,0,0
2395,0,60,0,0,0,2,1,19,64,64,0,0,0
2395,1,60,0,0,3,4,1,23,98,58,1,0,7
2395,4,60,0,0,3,4,1,23,110,70,0,0,0
2395,5,60,0,0,6,6,1,27,141,61,1,0,7
2396,0,60,0,0,0,2,2,20,64,64,0,0,0
2396,1,60,0,0,3,4,2,24,98,58,1,0,11
2396,4,60,0,0,6,4,4,26,110,66,0,0,0
2396,5,60,0,0,9,6,4,30,141,57,1,0,5
2397,0,60,0,0,0,3,9,29,77,77,0,0,0
2397,1,60,0,0,2,5,10,32,98,58,1,0,6
2398,0,60,0,0,0,12,3,31,84,84,0,0,0
2398,1,60,0,0,2,13,3,34,110,70,1,0,3
2399,0,60,0,0,0,2,2,20,64,64,0,0,0
2399,1,60,0,0,3,4,2,24,98,58,1,0,3
2399,4,60,0,0,6,4,4,26,110,70,0,0,0
2399,5,60,0,0,9,6,4,30,141,61,1,0,7
2400,0,60,0,0,0,2,0,31,51,51,0,0,0
2400,1,60,0,0,2,4,0,34,98,58,1,0,6
2401,0,60,0,0,0,2,0,31,64,64,0,0,0
2401,1,60,0,0,2,4,0,34,98,58,0,0,0
2402,0,60,0,0,0,3,0,32,64,64,1,0,7
2402,1,60,0,0,2,5,0,35,110,70,0,0,0
2403,0,60,0,0,0,2,0,31,51,51,1,0,1
2403,1,60,0,0,2,4,0,34,98,58,0,0,0
2404,0,60,0,0,0,2,0,31,51,51,1,0,4
2404,1,60,0,0,2,4,0,34,98,58,0,0,0
2405,0,60,0,0,0,2,1,32,64,64,1,0,4
2405,1,60,0,0,2,4,1,35,98,58,0,0,0
2406,0,60,0,0,0,3,0,32,64,64,1,0,7
2406,1,60,0,0,2,5,0,35,110,70,0,0,0
2407,0,60,0,0,0,2,0,31,51,51,1,0,1
2407,1,60,0,0,2,4,0,34,98,58,0,0,0
2408,0,60,0,0,0,2,0,18,51,51,1,0,5
2408,1,60,0,0,3,4,0,22,98,58,0,0,0
2408,4,60,0,0,3,4,0,22,98,54,1,0,10
2408,5,60,0,0,6,6,0,26,141,57,0,0,0
2409,0,60,0,0,0,4,1,21,64,64,0,0,0
2409,1,60,0,0,3,4,1,23,98,58,1,0,4
2409,4,60,0,0,9,8,3,29,132,65,0,0,0
2409,5,60,0,0,9,6,3,29,141,65,1,0,7
2410,0,60,0,0,0,12,0,28,64,64,0,0,0
2410,1,60,0,0,2,13,0,31,110,70,1,0,16
2411,0,60,0,0,0,2,0,18,51,51,0,0,0
2411,1,60,0,0,3,4,0,22,98,58,1,0,9
2411,4,60,0,0,3,4,0,22,98,58,0,0,0
2411,5,60,0,0,6,6,0,26,141,61,1,0,5
2412,0,60,0,0,0,2,1,19,51,51,0,0,0
2412,1,60,0,0,3,4,1,23,98,58,1,0,3
2412,4,60,0,0,6,4,3,25,98,54,0,0,0
2412,5,60,0,0,9,6,3,29,141,57,1,0,6
2413,0,60,0,0,0,3,8,28,64,64,0,0,0
2413,1,60,0,0,2,5,9,31,98,58,1,0,6
2414,0,60,0,0,0,11,1,29,64,64,0,0,0
2414,1,60,0,0,2,12,1,32,110,70,1,0,3
2415,0,60,0,0,0,2,1,19,51,51,0,0,0
2415,1,60,0,0,3,4,1,23,98,58,0,0,0
2415,4,60,0,0,6,4,3,25,98,58,1,0,3
2415,5,60,0,0,9,6,3,29,141,61,0,0,0
2416,0,60,0,0,0,2,0,32,64,64,1,0,4
2416,1,60,0,0,2,4,0,35,110,70,0,0,0
2417,0,60,0,0,0,2,0,32,84,84,1,0,13
2417,1,60,0,0,2,4,0,35,110,70,0,0,0
2418,0,60,0,0,0,3,0,33,77,77,1,0,7
2418,1,60,0,0,2,5,0,36,122,82,0,0,0
2419,0,60,0,0,0,2,0,32,64,64,1,0,1
2419,1,60,0,0,2,4,0,35,110,70,0,0,0
2420,0,60,0,0,0,3,0,32,64,64,1,0,4
2420,1,60,0,0,2,5,0,35,110,70,0,0,0
2421,0,60,0,0,0,3,1,33,84,84,1,0,13
2421,1,60,0,0,2,5,1,36,110,70,0,0,0
2422,0,60,0,0,0,4,0,33,77,77,1,0,7
2422,1,60,0,0,2,6,0,36,122,82,0,0,0
2423,0,60,0,0,0,3,0,32,64,64,0,0,0
2423,1,60,0,0,2,5,0,35,110,70,1,0,4
2424,0,60,0,0,0,2,1,19,64,64,0,0,0
2424,1,60,0,0,3,4,1,23,110,70,1,0,11
2424,4,60,0,0,3,4,1,23,98,54,0,0,0
2424,5,60,0,0,6,6,1,27,141,57,1,0,12
2425,0,60,0,0,0,4,2,22,84,84,0,0,0
2425,1,60,0,0,3,4,2,24,110,70,1,0,3
2425,4,60,0,0,9,8,4,30,132,65,0,0,0
2425,5,60,0,0,9,6,4,30,141,65,1,0,5
2426,0,60,0,0,0,13,2,30,77,77,0,0,0
2426,1,60,0,0,2,14,2,33,122,82,1,0,12
2427,0,60,0,0,0,2,1,19,64,64,0,0,0
2427,1,60,0,0,3,4,1,23,110,70,1,0,9
2427,4,60,0,0,3,4,1,23,98,58,0,0,0
2427,5,60,0,0,6,6,1,27,141,61,1,0,7
2428,0,60,0,0,0,2,1,19,64,64,0,0,0
2428,1,60,0,0,3,4,1,23,110,70,1,0,3
2428,4,60,0,0,6,4,3,25,98,54,0,0,0
2428,5,60,0,0,9,6,3,29,141,57,0,0,0
2429,0,60,0,0,0,4,9,29,84,84,1,0,10
2429,1,60,0,0,2,6,10,32,110,70,0,0,0
2430,0,60,0,0,0,11,1,29,77,77,1,0,10
2430,1,60,0,0,2,12,1,32,122,82,0,0,0
2431,0,60,0,0,0,2,1,19,64,64,1,0,13
2431,1,60,0,0,3,4,1,23,110,70,0,0,0
2431,4,60,0,0,6,4,3,25,98,58,1,0,3
2431,5,60,0,0,9,6,3,29,141,61,0,0,0
2432,0,60,0,0,0,2,0,18,51,51,1,0,4
2432,1,60,0,0,3,4,0,22,98,58,0,0,0
2432,2,60,0,0,3,4,0,22,98,54,1,0,10
2432,3,60,0,0,6,6,0,26,141,57,0,0,0
2433,0,60,0,0,0,2,0,18,64,64,1,0,7
2433,1,60,0,0,3,4,0,22,98,58,0,0,0
2433,2,60,0,0,3,4,0,22,110,66,1,0,3
2433,3,60,0,0,6,6,0,26,141,57,0,0,0
2434,0,60,0,0,0,2,0,18,64,64,1,0,4
2434,1,60,0,0,3,4,0,22,110,70,0,0,0
2434,2,60,0,0,3,4,0,22,98,54,0,0,0
2434,3,60,0,0,6,6,0,26,141,57,1,0,9
2435,0,60,0,0,0,2,0,18,51,51,0,0,0
2435,1,60,0,0,3,4,0,22,98,58,1,0,11
2435,2,60,0,0,3,4,0,22,98,54,0,0,0
2435,3,60,0,0,6,6,0,26,141,57,1,0,6
2436,0,60,0,0,0,2,0,18,51,51,0,0,0
2436,1,60,0,0,3,4,0,22,98,58,1,0,6
2436,2,60,0,0,3,4,0,22,98,54,0,0,0
2436,3,60,0,0,6,6,0,26,141,57,1,0,9
2437,0,60,0,0,0,2,1,19,64,64,0,0,0
2437,1,60,0,0,3,4,1,23,98,58,1,0,3
2437,2,60,0,0,3,4,1,23,110,66,0,0,0
2437,3,60,0,0,6,6,1,27,141,57,1,0,5
2438,0,60,0,0,0,2,1,19,64,64,0,0,0
2438,1,60,0,0,3,4,1,23,110,70,1,0,6
2438,2,60,0,0,3,4,1,23,98,54,0,0,0
2438,3,60,0,0,6,6,1,27,141,57,0,0,0
2439,0,60,0,0,0,2,0,18,51,51,1,0,5
2439,1,60,0,0,3,4,0,22,98,58,0,0,0
2439,2,60,0,0,3,4,0,22,98,54,1,0,7
2439,3,60,0,0,6,6,0,26,141,57,0,0,0
2440,0,60,0,0,0,0,0,3,51,51,1,0,1
2440,1,60,0,0,4,0,0,6,98,58,0,0,0
2440,2,60,0,0,4,0,0,6,98,54,1,0,8
2440,3,60,0,0,8,0,0,9,141,57,0,0,0
2440,4,60,0,0,4,0,0,6,98,54,1,0,15
2440,5,60,0,0,8,0,0,9,141,57,0,0,0
2440,6,60,0,0,8,0,0,9,141,53,1,0,15
2440,7,60,0,0,12,0,0,12,180,52,0,0,0
2441,0,60,0,0,0,1,1,5,64,64,1,0,1
2441,1,60,0,0,4,0,1,7,98,58,0,0,0
2441,2,60,0,0,4,1,1,8,110,66,1,0,7
2441,3,60,0,0,8,0,1,10,141,57,0,0,0
2441,4,60,0,0,12,3,4,13,132,65,1,0,11
2441,5,60,0,0,12,0,4,13,141,65,0,0,0
2441,6,60,0,0,16,3,4,16,171,60,0,0,0
2441,7,60,0,0,16,0,4,16,180,60,1,0,15
2442,0,60,0,0,0,1,1,5,64,64,0,0,0
2442,1,60,0,0,4,1,1,8,110,70,1,0,11
2442,2,60,0,0,4,0,1,7,98,54,0,0,0
2442,3,60,0,0,8,0,1,10,141,57,1,0,15
2442,4,60,0,0,12,3,4,13,132,61,0,0,0
2442,5,60,0,0,16,3,4,16,171,60,1,0,11
2442,6,60,0,0,12,0,4,13,141,61,0,0,0
2442,7,60,0,0,16,0,4,16,180,60,1,0,11
2443,0,60,0,0,0,0,0,3,51,51,0,0,0
2443,1,60,0,0,4,0,0,6,98,58,1,0,3
2443,2,60,0,0,4,0,0,6,98,54,0,0,0
2443,3,60,0,0,8,0,0,9,141,57,1,0,11
2443,4,60,0,0,4,0,0,6,98,58,0,0,0
2443,5,60,0,0,8,0,0,9,141,61,1,0,13
2443,6,60,0,0,8,0,0,9,141,57,0,0,0
2443,7,60,0,0,12,0,0,12,180,56,0,0,0
2444,0,60,0,0,0,0,2,5,51,51,1,0,4
2444,1,60,0,0,4,0,2,8,98,58,0,0,0
2444,2,60,0,0,4,0,2,8,98,54,1,0,3
2444,3,60,0,0,8,0,2,11,141,57,0,0,0
2444,4,60,0,0,12,0,8,14,98,54,1,0,3
2444,5,60,0,0,16,0,8,17,141,57,0,0,0
2444,6,60,0,0,16,0,8,17,141,53,1,0,6
2444,7,60,0,0,20,0,8,20,180,52,0,0,0
2445,0,60,0,0,0,2,11,15,64,64,1,0,7
2445,1,60,0,0,3,4,13,19,98,58,0,0,0
2445,2,60,0,0,3,4,12,19,110,66,1,0,19
2445,3,60,0,0,6,6,14,23,141,57,0,0,0
2446,0,60,0,0,0,2,11,15,64,64,1,0,8
2446,1,60,0,0,3,4,12,19,110,70,0,0,0
2446,2,60,0,0,3,4,13,19,98,54,1,0,3
2446,3,60,0,0,6,6,14,23,141,57,0,0,0
2447,0,60,0,0,0,0,2,5,51,51,1,0,7
2447,1,60,0,0,4,0,2,8,98,58,0,0,0
2447,2,60,0,0,4,0,2,8,98,54,0,0,0
2447,3,60,0,0,8,0,2,11,141,57,1,0,9
2447,4,60,0,0,12,0,8,14,98,58,0,0,0
2447,5,60,0,0,16,0,8,17,141,61,1,0,7
2447,6,60,0,0,16,0,8,17,141,57,0,0,0
2447,7,60,0,0,20,0,8,20,180,56,1,0,11
2448,0,60,0,0,0,4,1,21,64,64,0,0,0
2448,1,60,0,0,3,4,1,23,98,58,1,0,3
2448,2,60,0,0,9,8,3,29,132,65,0,0,0
2448,3,60,0,0,9,6,3,29,141,65,1,0,9
2449,0,60,0,0,0,4,1,21,77,77,0,0,0
2449,1,60,0,0,3,4,1,23,98,58,1,0,6
2449,2,60,0,0,9,8,3,29,137,65,0,0,0
2449,3,60,0,0,9,6,3,29,141,65,1,0,5
2450,0,60,0,0,0,4,1,21,84,84,0,0,0
2450,1,60,0,0,3,4,1,23,110,70,1,0,3
2450,2,60,0,0,9,8,3,29,132,65,0,0,0
2450,3,60,0,0,9,6,3,29,141,65,0,0,0
2451,0,60,0,0,0,4,1,21,64,64,1,0,1
2451,1,60,0,0,3,4,1,23,98,58,0,0,0
2451,2,60,0,0,9,8,3,29,132,65,1,0,16
2451,3,60,0,0,9,6,3,29,141,65,0,0,0
2452,0,60,0,0,0,4,1,21,64,64,1,0,13
2452,1,60,0,0,3,4,1,23,98,58,0,0,0
2452,2,60,0,0,9,8,3,29,132,65,1,0,6
2452,3,60,0,0,9,6,3,29,141,65,0,0,0
2453,0,60,0,0,0,4,2,22,77,77,1,0,1
2453,1,60,0,0,3,4,2,24,98,58,0,0,0
2453,2,60,0,0,9,8,4,30,137,65,1,0,12
2453,3,60,0,0,9,6,4,30,141,65,0,0,0
2454,0,60,0,0,0,4,2,22,84,84,1,0,13
2454,1,60,0,0,3,4,2,24,110,70,0,0,0
2454,2,60,0,0,9,8,4,30,132,65,1,0,5
2454,3,60,0,0,9,6,4,30,141,65,0,0,0
2455,0,60,0,0,0,4,1,21,64,64,1,0,1
2455,1,60,0,0,3,4,1,23,98,58,0,0,0
2455,2,60,0,0,9,8,3,29,132,65,0,0,0
2455,3,60,0,0,9,6,3,29,141,65,1,0,9
2456,0,60,0,0,0,1,1,5,64,64,0,0,0
2456,1,60,0,0,4,0,1,7,98,58,1,0,11
2456,2,60,0,0,12,3,4,13,132,65,0,0,0
2456,3,60,0,0,12,0,4,13,141,65,1,0,13
2456,4,60,0,0,4,1,1,8,110,66,0,0,0
2456,5,60,0,0,8,0,1,10,141,57,1,0,5
2456,6,60,0,0,16,3,4,16,171,60,0,0,0
2456,7,60,0,0,16,0,4,16,180,60,1,0,9
2457,0,60,0,0,0,2,2,7,77,77,0,0,0
2457,1,60,0,0,4,0,2,8,98,58,1,0,15
2457,2,60,0,0,12,3,5,14,137,65,0,0,0
2457,3,60,0,0,12,0,5,14,141,65,1,0,5
2457,4,60,0,0,12,3,5,14,137,65,0,0,0
2457,5,60,0,0,12,0,5,14,141,65,1,0,15
2457,6,60,0,0,20,3,8,20,180,68,0,0,0
2457,7,60,0,0,20,0,8,20,180,68,1,0,11
2458,0,60,0,0,0,4,3,9,84,84,0,0,0
2458,1,60,0,0,4,2,3,10,110,70,0,0,0
2458,2,60,0,0,12,3,5,14,132,65,1,0,13
2458,3,60,0,0,12,0,5,14,141,65,0,0,0
2458,4,60,0,0,20,9,8,20,158,68,1,0,11
2458,5,60,0,0,20,6,8,20,171,68,0,0,0
2458,6,60,0,0,20,3,8,20,171,68,1,0,8
2458,7,60,0,0,20,0,8,20,180,68,0,0,0
2459,0,60,0,0,0,1,1,5,64,64,1,0,7
2459,1,60,0,0,4,0,1,7,98,58,0,0,0
2459,2,60,0,0,12,3,4,13,132,65,1,0,7
2459,3,60,0,0,12,0,4,13,141,65,0,0,0
2459,4,60,0,0,4,1,1,8,110,70,1,0,10
2459,5,60,0,0,8,0,1,10,141,61,0,0,0
2459,6,60,0,0,16,3,4,16,171,64,1,0,9
2459,7,60,0,0,16,0,4,16,180,64,0,0,0
2460,0,60,0,0,0,1,3,7,64,64,1,0,19
2460,1,60,0,0,4,0,3,9,98,58,0,0,0
2460,2,60,0,0,12,3,6,15,132,65,0,0,0
2460,3,60,0,0,12,0,6,15,141,65,1,0,6
2460,4,60,0,0,12,1,9,16,110,66,0,0,0
2460,5,60,0,0,16,0,9,18,141,57,1,0,7
2460,6,60,0,0,24,3,12,24,171,60,0,0,0
2460,7,60,0,0,24,0,12,24,180,60,1,0,11
2461,0,60,0,0,0,4,13,18,77,77,0,0,0
2461,1,60,0,0,3,4,14,20,98,58,1,0,9
2461,2,60,0,0,9,8,17,26,137,65,0,0,0
2461,3,60,0,0,9,6,17,26,141,65,1,0,7
2462,0,60,0,0,0,5,13,19,84,84,0,0,0
2462,1,60,0,0,3,5,14,21,110,70,1,0,3
2462,2,60,0,0,10,8,18,27,132,65,0,0,0
2462,3,60,0,0,10,6,18,27,141,65,1,0,5
2463,0,60,0,0,0,1,3,7,64,64,0,0,0
2463,1,60,0,0,4,0,3,9,98,58,1,0,7
2463,2,60,0,0,12,3,6,15,132,65,0,0,0
2463,3,60,0,0,12,0,6,15,141,65,1,0,5
2463,4,60,0,0,12,1,9,16,110,70,0,0,0
2463,5,60,0,0,16,0,9,18,141,61,0,0,0
2463,6,60,0,0,24,3,12,24,171,64,1,0,15
2463,7,60,0,0,24,0,12,24,180,64,0,0,0
2464,0,60,0,0,0,2,0,18,51,51,1,0,1
2464,1,60,0,0,3,4,0,22,98,58,0,0,0
2464,2,60,0,0,3,4,0,22,98,58,1,0,6
2464,3,60,0,0,6,6,0,26,141,61,0,0,0
2465,0,60,0,0,0,2,0,18,64,64,1,0,7
2465,1,60,0,0,3,4,0,22,98,58,0,0,0
2465,2,60,0,0,3,4,0,22,110,70,1,0,13
2465,3,60,0,0,6,6,0,26,141,61,0,0,0
2466,0,60,0,0,0,2,0,18,64,64,1,0,1
2466,1,60,0,0,3,4,0,22,110,70,0,0,0
2466,2,60,0,0,3,4,0,22,98,58,1,0,6
2466,3,60,0,0,6,6,0,26,141,61,0,0,0
2467,0,60,0,0,0,2,0,18,51,51,1,0,7
2467,1,60,0,0,3,4,0,22,98,58,0,0,0
2467,2,60,0,0,3,4,0,22,98,58,0,0,0
2467,3,60,0,0,6,6,0,26,141,61,1,0,6
2468,0,60,0,0,0,2,0,18,51,51,0,0,0
2468,1,60,0,0,3,4,0,22,98,58,1,0,5
2468,2,60,0,0,3,4,0,22,98,58,0,0,0
2468,3,60,0,0,6,6,0,26,141,61,1,0,12
2469,0,60,0,0,0,2,1,19,64,64,0,0,0
2469,1,60,0,0,3,4,1,23,98,58,1,0,6
2469,2,60,0,0,3,4,1,23,110,70,0,0,0
2469,3,60,0,0,6,6,1,27,141,61,1,0,7
2470,0,60,0,0,0,2,1,19,64,64,0,0,0
2470,1,60,0,0,3,4,1,23,110,70,1,0,3
2470,2,60,0,0,3,4,1,23,98,58,0,0,0
2470,3,60,0,0,6,6,1,27,141,61,1,0,11
2471,0,60,0,0,0,2,0,18,51,51,0,0,0
2471,1,60,0,0,3,4,0,22,98,58,1,0,9
2471,2,60,0,0,3,4,0,22,98,58,0,0,0
2471,3,60,0,0,6,6,0,26,141,61,1,0,5
2472,0,60,0,0,0,0,0,3,51,51,0,0,0
2472,1,60,0,0,4,0,0,6,98,58,0,0,0
2472,2,60,0,0,4,0,0,6,98,58,1,0,3
2472,3,60,0,0,8,0,0,9,141,61,0,0,0
2472,4,60,0,0,4,0,0,6,98,54,1,0,3
2472,5,60,0,0,8,0,0,9,141,57,0,0,0
2472,6,60,0,0,8,0,0,9,141,57,1,0,5
2472,7,60,0,0,12,0,0,12,180,56,0,0,0
2473,0,60,0,0,0,1,1,5,64,64,1,0,7
2473,1,60,0,0,4,0,1,7,98,58,0,0,0
2473,2,60,0,0,4,1,1,8,110,70,1,0,13
2473,3,60,0,0,8,0,1,10,141,61,0,0,0
2473,4,60,0,0,12,3,4,13,132,65,1,0,5
2473,5,60,0,0,12,0,4,13,141,65,0,0,0
2473,6,60,0,0,16,3,4,16,171,64,1,0,11
2473,7,60,0,0,16,0,4,16,180,64,0,0,0
2474,0,60,0,0,0,1,1,5,64,64,1,0,7
2474,1,60,0,0,4,1,1,8,110,70,0,0,0
2474,2,60,0,0,4,0,1,7,98,58,0,0,0
2474,3,60,0,0,8,0,1,10,141,61,1,0,6
2474,4,60,0,0,12,3,4,13,132,65,0,0,0
2474,5,60,0,0,16,3,4,16,171,64,1,0,11
2474,6,60,0,0,12,0,4,13,141,65,0,0,0
2474,7,60,0,0,16,0,4,16,180,64,1,0,11
2475,0,60,0,0,0,0,0,3,51,51,0,0,0
2475,1,60,0,0,4,0,0,6,98,58,1,0,3
2475,2,60,0,0,4,0,0,6,98,58,0,0,0
2475,3,60,0,0,8,0,0,9,141,61,1,0,7
2475,4,60,0,0,4,0,0,6,98,58,0,0,0
2475,5,60,0,0,8,0,0,9,141,61,1,0,5
2475,6,60,0,0,8,0,0,9,141,61,0,0,0
2475,7,60,0,0,12,0,0,12,180,60,1,0,8
2476,0,60,0,0,0,0,2,5,51,51,0,0,0
2476,1,60,0,0,4,0,2,8,98,58,1,0,3
2476,2,60,0,0,4,0,2,8,98,58,0,0,0
2476,3,60,0,0,8,0,2,11,141,61,1,0,5
2476,4,60,0,0,12,0,8,14,98,54,0,0,0
2476,5,60,0,0,16,0,8,17,141,57,0,0,0
2476,6,60,0,0,16,0,8,17,141,57,1,0,5
2476,7,60,0,0,20,0,8,20,180,56,0,0,0
2477,0,60,0,0,0,2,11,15,64,64,1,0,7
2477,1,60,0,0,3,4,13,19,98,58,0,0,0
2477,2,60,0,0,3,4,12,19,110,70,1,0,15
2477,3,60,0,0,6,6,14,23,141,61,0,0,0
2478,0,60,0,0,0,2,11,15,64,64,1,0,1
2478,1,60,0,0,3,4,12,19,110,70,0,0,0
2478,2,60,0,0,3,4,13,19,98,58,1,0,11
2478,3,60,0,0,6,6,14,23,141,61,0,0,0
2479,0,60,0,0,0,0,2,5,51,51,1,0,13
2479,1,60,0,0,4,0,2,8,98,58,0,0,0
2479,2,60,0,0,4,0,2,8,98,58,1,0,9
2479,3,60,0,0,8,0,2,11,141,61,0,0,0
2479,4,60,0,0,12,0,8,14,98,58,1,0,13
2479,5,60,0,0,16,0,8,17,141,61,0,0,0
2479,6,60,0,0,16,0,8,17,141,61,1,0,9
2479,7,60,0,0,20,0,8,20,180,60,0,0,0
2480,0,60,0,0,0,11,0,28,64,64,0,0,0
2480,1,60,0,0,2,12,0,31,110,70,1,0,16
2481,0,60,0,0,0,11,0,28,84,84,0,0,0
2481,1,60,0,0,2,12,0,31,110,70,1,0,16
2482,0,60,0,0,0,11,0,28,77,77,0,0,0
2482,1,60,0,0,2,12,0,31,122,82,1,0,3
2483,0,60,0,0,0,11,0,28,64,64,0,0,0
2483,1,60,0,0,2,12,0,31,110,70,1,0,6
2484,0,60,0,0,0,12,0,28,64,64,0,0,0
2484,1,60,0,0,2,13,0,31,110,70,1,0,9
2485,0,60,0,0,0,13,2,30,84,84,0,0,0
2485,1,60,0,0,2,14,2,33,110,70,1,0,3
2486,0,60,0,0,0,13,2,30,77,77,0,0,0
2486,1,60,0,0,2,14,2,33,122,82,1,0,3
2487,0,60,0,0,0,12,0,28,64,64,0,0,0
2487,1,60,0,0,2,13,0,31,110,70,1,0,6
2488,0,60,0,0,0,1,1,5,64,64,0,0,0
2488,1,60,0,0,4,1,1,8,110,70,0,0,0
2488,2,60,0,0,12,3,4,13,132,61,1,0,5
2488,3,60,0,0,16,3,4,16,171,60,0,0,0
2488,4,60,0,0,4,0,1,7,98,54,1,0,7
2488,5,60,0,0,8,0,1,10,141,57,0,0,0
2488,6,60,0,0,12,0,4,13,141,61,1,0,5
2488,7,60,0,0,16,0,4,16,180,60,0,0,0
2489,0,60,0,0,0,4,3,9,84,84,1,0,13
2489,1,60,0,0,4,2,3,10,110,70,0,0,0
2489,2,60,0,0,20,9,8,20,158,68,1,0,5
2489,3,60,0,0,20,6,8,20,171,68,0,0,0
2489,4,60,0,0,12,3,5,14,132,65,1,0,5
2489,5,60,0,0,12,0,5,14,141,65,0,0,0
2489,6,60,0,0,20,3,8,20,171,68,1,0,15
2489,7,60,0,0,20,0,8,20,180,68,0,0,0
2490,0,60,0,0,0,4,4,9,77,77,1,0,5
2490,1,60,0,0,4,4,4,12,122,82,0,0,0
2490,2,60,0,0,16,6,8,17,132,69,1,0,9
2490,3,60,0,0,20,6,8,20,171,68,0,0,0
2490,4,60,0,0,16,6,8,17,132,69,0,0,0
2490,5,60,0,0,20,6,8,20,171,68,1,0,11
2490,6,60,0,0,16,0,8,17,141,69,0,0,0
2490,7,60,0,0,20,0,8,20,180,68,1,0,11
2491,0,60,0,0,0,1,1,5,64,64,0,0,0
2491,1,60,0,0,4,1,1,8,110,70,1,0,13
2491,2,60,0,0,12,3,4,13,132,65,0,0,0
2491,3,60,0,0,16,3,4,16,171,64,1,0,11
2491,4,60,0,0,4,0,1,7,98,58,0,0,0
2491,5,60,0,0,8,0,1,10,141,61,1,0,5
2491,6,60,0,0,12,0,4,13,141,65,0,0,0
2491,7,60,0,0,16,0,4,16,180,64,1,0,8
2492,0,60,0,0,0,3,4,8,64,64,0,0,0
2492,1,60,0,0,4,3,4,11,110,70,1,0,7
2492,2,60,0,0,16,9,8,17,132,61,0,0,0
2492,3,60,0,0,20,9,8,20,171,60,1,0,11
2492,4,60,0,0,12,0,8,14,98,54,0,0,0
2492,5,60,0,0,16,0,8,17,141,57,0,0,0
2492,6,60,0,0,16,0,8,17,141,61,1,0,8
2492,7,60,0,0,20,0,8,20,180,60,0,0,0
2493,0,60,0,0,0,9,16,22,84,84,1,0,1
2493,1,60,0,0,2,10,18,25,110,70,0,0,0
2494,0,60,0,0,0,9,17,22,77,77,1,0,13
2494,1,60,0,0,2,10,17,25,122,82,0,0,0
2495,0,60,0,0,0,3,4,8,64,64,1,0,10
2495,1,60,0,0,4,3,4,11,110,70,0,0,0
2495,2,60,0,0,16,9,8,17,132,65,1,0,11
2495,3,60,0,0,20,9,8,20,171,64,0,0,0
2495,4,60,0,0,12,0,8,14,98,58,1,0,3
2495,5,60,0,0,16,0,8,17,141,61,0,0,0
2495,6,60,0,0,16,0,8,17,141,65,1,0,6
2495,7,60,0,0,20,0,8,20,180,64,0,0,0
2496,0,60,0,0,0,1,1,19,51,51,1,0,5
2496,1,60,0,0,3,3,1,23,98,58,0,0,0
2496,2,60,0,0,6,1,3,25,98,54,1,0,9
2496,3,60,0,0,9,3,3,29,141,57,0,0,0
2497,0,60,0,0,0,1,1,19,64,64,0,0,0
2497,1,60,0,0,3,3,1,23,98,58,1,0,7
2497,2,60,0,0,6,1,3,25,110,66,0,0,0
2497,3,60,0,0,9,3,3,29,141,57,1,0,10
2498,0,60,0,0,0,1,1,19,64,64,0,0,0
2498,1,60,0,0,3,3,1,23,110,70,1,0,14
2498,2,60,0,0,6,1,3,25,98,54,0,0,0
2498,3,60,0,0,9,3,3,29,141,57,1,0,5
2499,0,60,0,0,0,1,1,19,51,51,0,0,0
2499,1,60,0,0,3,3,1,23,98,58,1,0,3
2499,2,60,0,0,6,1,3,25,98,54,0,0,0
2499,3,60,0,0,9,3,3,29,141,57,1,0,12
2500,0,60,0,0,0,2,1,19,51,51,0,0,0
2500,1,60,0,0,3,4,1,23,98,58,1,0,7
2500,2,60,0,0,6,4,3,25,98,54,0,0,0
2500,3,60,0,0,9,6,3,29,141,57,1,0,5
2501,0,60,0,0,0,2,2,20,64,64,0,0,0
2501,1,60,0,0,3,4,2,24,98,58,0,0,0
2501,2,60,0,0,6,4,4,26,110,66,1,0,3
2501,3,60,0,0,9,6,4,30,141,57,0,0,0
2502,0,60,0,0,0,2,1,19,64,64,1,0,8
2502,1,60,0,0,3,4,1,23,110,70,0,0,0
2502,2,60,0,0,6,4,3,25,98,54,1,0,3
2502,3,60,0,0,9,6,3,29,141,57,0,0,0
2503,0,60,0,0,0,2,1,19,51,51,1,0,7
2503,1,60,0,0,3,4,1,23,98,58,0,0,0
2503,2,60,0,0,6,4,3,25,98,54,1,0,13
2503,3,60,0,0,9,6,3,29,141,57,0,0,0
2504,0,60,0,0,0,0,2,5,51,51,1,0,5
2504,1,60,0,0,4,0,2,8,98,58,0,0,0
2504,2,60,0,0,12,0,8,14,98,54,1,0,3
2504,3,60,0,0,16,0,8,17,141,57,0,0,0
2504,4,60,0,0,4,0,2,8,98,54,1,0,13
2504,5,60,0,0,8,0,2,11,141,57,0,0,0
2504,6,60,0,0,16,0,8,17,141,53,1,0,9
2504,7,60,0,0,20,0,8,20,180,52,0,0,0
2505,0,60,0,0,0,1,3,7,64,64,0,0,0
2505,1,60,0,0,4,0,3,9,98,58,1,0,10
2505,2,60,0,0,12,1,9,16,110,66,0,0,0
2505,3,60,0,0,16,0,9,18,141,57,1,0,7
2505,4,60,0,0,12,3,6,15,132,65,0,0,0
2505,5,60,0,0,12,0,6,15,141,65,1,0,9
2505,6,60,0,0,24,3,12,24,171,60,0,0,0
2505,7,60,0,0,24,0,12,24,180,60,1,0,7
2506,0,60,0,0,0,3,4,8,64,64,0,0,0
2506,1,60,0,0,4,3,4,11,110,70,1,0,15
2506,2,60,0,0,12,0,8,14,98,54,0,0,0
2506,3,60,0,0,16,0,8,17,141,57,1,0,15
2506,4,60,0,0,16,9,8,17,132,61,0,0,0
2506,5,60,0,0,20,9,8,20,171,60,1,0,11
2506,6,60,0,0,16,0,8,17,141,61,0,0,0
2506,7,60,0,0,20,0,8,20,180,60,1,0,11
2507,0,60,0,0,0,0,2,5,51,51,0,0,0
2507,1,60,0,0,4,0,2,8,98,58,1,0,13
2507,2,60,0,0,12,0,8,14,98,54,0,0,0
2507,3,60,0,0,16,0,8,17,141,57,0,0,0
2507,4,60,0,0,4,0,2,8,98,58,1,0,7
2507,5,60,0,0,8,0,2,11,141,61,0,0,0
2507,6,60,0,0,16,0,8,17,141,57,1,0,11
2507,7,60,0,0,20,0,8,20,180,56,0,0,0
2508,0,60,0,0,0,0,2,5,51,51,1,0,1
2508,1,60,0,0,4,0,2,8,98,58,0,0,0
2508,2,60,0,0,8,0,5,11,98,54,1,0,7
2508,3,60,0,0,12,0,5,14,141,57,0,0,0
2508,4,60,0,0,8,0,5,11,98,54,1,0,9
2508,5,60,0,0,12,0,5,14,141,57,0,0,0
2508,6,60,0,0,16,0,8,17,141,53,1,0,12
2508,7,60,0,0,20,0,8,20,180,52,0,0,0
2509,0,60,0,0,0,2,11,15,64,64,1,0,1
2509,1,60,0,0,3,4,13,19,98,58,0,0,0
2509,2,60,0,0,6,4,14,21,110,66,1,0,9
2509,3,60,0,0,9,6,16,25,141,57,0,0,0
2510,0,60,0,0,0,2,4,8,64,64,0,0,0
2510,1,60,0,0,4,2,4,11,110,70,1,0,8
2510,2,60,0,0,8,0,6,12,98,54,0,0,0
2510,3,60,0,0,12,0,6,15,141,57,1,0,7
2510,4,60,0,4,20,6,12,21,132,61,0,0,0
2510,5,60,0,4,24,6,12,24,171,60,1,0,11
2510,6,60,0,4,20,0,12,21,141,61,0,0,0
2510,7,60,0,4,24,0,12,24,180,60,1,0,8
2511,0,60,0,0,0,0,2,5,51,51,0,0,0
2511,1,60,0,0,4,0,2,8,98,58,1,0,9
2511,2,60,0,0,8,0,5,11,98,54,0,0,0
2511,3,60,0,0,12,0,5,14,141,57,1,0,15
2511,4,60,0,0,8,0,5,11,98,58,0,0,0
2511,5,60,0,0,12,0,5,14,141,61,1,0,9
2511,6,60,0,0,16,0,8,17,141,57,0,0,0
2511,7,60,0,0,20,0,8,20,180,56,1,0,9
2512,0,60,0,0,0,2,8,28,64,64,0,0,0
2512,1,60,0,0,2,4,9,31,98,58,1,0,9
2513,0,60,0,0,0,2,8,28,77,77,0,0,0
2513,1,60,0,0,2,4,9,31,98,58,0,0,0
2514,0,60,0,0,0,3,9,29,84,84,1,0,7
2514,1,60,0,0,2,5,10,32,110,70,0,0,0
2515,0,60,0,0,0,2,8,28,64,64,1,0,1
2515,1,60,0,0,2,4,9,31,98,58,0,0,0
2516,0,60,0,0,0,3,8,28,64,64,1,0,4
2516,1,60,0,0,2,5,9,31,98,58,0,0,0
2517,0,60,0,0,0,3,9,29,77,77,1,0,13
2517,1,60,0,0,2,5,10,32,98,58,0,0,0
2518,0,60,0,0,0,4,9,29,84,84,1,0,7
2518,1,60,0,0,2,6,10,32,110,70,0,0,0
2519,0,60,0,0,0,3,8,28,64,64,1,0,1
2519,1,60,0,0,2,5,9,31,98,58,0,0,0
2520,0,60,0,0,0,2,11,15,64,64,1,0,5
2520,1,60,0,0,3,4,13,19,98,58,0,0,0
2520,4,60,0,0,3,4,12,19,110,66,1,0,19
2520,5,60,0,0,6,6,14,23,141,57,0,0,0
2521,0,60,0,0,0,4,13,18,77,77,0,0,0
2521,1,60,0,0,3,4,14,20,98,58,1,0,4
2521,4,60,0,0,9,8,17,26,137,65,0,0,0
2521,5,60,0,0,9,6,17,26,141,65,1,0,7
2522,0,60,0,0,0,9,16,22,84,84,0,0,0
2522,1,60,0,0,2,10,18,25,110,70,1,0,19
2523,0,60,0,0,0,2,11,15,64,64,0,0,0
2523,1,60,0,0,3,4,13,19,98,58,1,0,6
2523,4,60,0,0,3,4,12,19,110,70,0,0,0
2523,5,60,0,0,6,6,14,23,141,61,1,0,5
2524,0,60,0,0,0,2,11,15,64,64,0,0,0
2524,1,60,0,0,3,4,13,19,98,58,1,0,3
2524,4,60,0,0,6,4,14,21,110,66,0,0,0
2524,5,60,0,0,9,6,16,25,141,57,1,0,6
2525,0,60,0,0,0,4,20,25,77,77,0,0,0
2525,1,60,0,0,2,6,22,28,98,58,1,0,9
2526,0,60,0,0,0,8,16,22,84,84,0,0,0
2526,1,60,0,0,2,9,18,25,110,70,1,0,3
2527,0,60,0,0,0,2,11,15,64,64,0,0,0
2527,1,60,0,0,3,4,13,19,98,58,0,0,0
2527,4,60,0,0,6,4,14,21,110,70,1,0,3
2527,5,60,0,0,9,6,16,25,141,61,0,0,0
2528,0,60,0,0,0,1,1,19,51,51,1,0,4
2528,1,60,0,0,3,3,1,23,98,58,0,0,0
2528,2,60,0,0,6,1,3,25,98,58,1,0,3
2528,3,60,0,0,9,3,3,29,141,61,0,0,0
2529,0,60,0,0,0,1,1,19,64,64,1,0,7
2529,1,60,0,0,3,3,1,23,98,58,0,0,0
2529,2,60,0,0,6,1,3,25,110,70,1,0,13
2529,3,60,0,0,9,3,3,29,141,61,0,0,0
2530,0,60,0,0,0,1,1,19,64,64,1,0,10
2530,1,60,0,0,3,3,1,23,110,70,0,0,0
2530,2,60,0,0,6,1,3,25,98,58,1,0,3
2530,3,60,0,0,9,3,3,29,141,61,0,0,0
2531,0,60,0,0,0,1,1,19,51,51,1,0,7
2531,1,60,0,0,3,3,1,23,98,58,0,0,0
2531,2,60,0,0,6,1,3,25,98,58,0,0,0
2531,3,60,0,0,9,3,3,29,141,61,1,0,6
2532,0,60,0,0,0,2,1,19,51,51,0,0,0
2532,1,60,0,0,3,4,1,23,98,58,1,0,10
2532,2,60,0,0,6,4,3,25,98,58,0,0,0
2532,3,60,0,0,9,6,3,29,141,61,1,0,9
2533,0,60,0,0,0,2,2,20,64,64,0,0,0
2533,1,60,0,0,3,4,2,24,98,58,1,0,3
2533,2,60,0,0,6,4,4,26,110,70,0,0,0
2533,3,60,0,0,9,6,4,30,141,61,1,0,7
2534,0,60,0,0,0,2,1,19,64,64,0,0,0
2534,1,60,0,0,3,4,1,23,110,70,1,0,12
2534,2,60,0,0,6,4,3,25,98,58,0,0,0
2534,3,60,0,0,9,6,3,29,141,61,1,0,5
2535,0,60,0,0,0,2,1,19,51,51,0,0,0
2535,1,60,0,0,3,4,1,23,98,58,1,0,3
2535,2,60,0,0,6,4,3,25,98,58,0,0,0
2535,3,60,0,0,9,6,3,29,141,61,1,0,5
2536,0,60,0,0,0,0,2,5,51,51,0,0,0
2536,1,60,0,0,4,0,2,8,98,58,0,0,0
2536,2,60,0,0,12,0,8,14,98,58,1,0,7
2536,3,60,0,0,16,0,8,17,141,61,0,0,0
2536,4,60,0,0,4,0,2,8,98,54,1,0,9
2536,5,60,0,0,8,0,2,11,141,57,0,0,0
2536,6,60,0,0,16,0,8,17,141,57,1,0,11
2536,7,60,0,0,20,0,8,20,180,56,0,0,0
2537,0,60,0,0,0,1,3,7,64,64,1,0,1
2537,1,60,0,0,4,0,3,9,98,58,0,0,0
2537,2,60,0,0,12,1,9,16,110,70,1,0,17
2537,3,60,0,0,16,0,9,18,141,61,0,0,0
2537,4,60,0,0,12,3,6,15,132,65,1,0,11
2537,5,60,0,0,12,0,6,15,141,65,0,0,0
2537,6,60,0,0,24,3,12,24,171,64,1,0,11
2537,7,60,0,0,24,0,12,24,180,64,0,0,0
2538,0,60,0,0,0,3,4,8,64,64,1,0,1
2538,1,60,0,0,4,3,4,11,110,70,0,0,0
2538,2,60,0,0,12,0,8,14,98,58,1,0,9
2538,3,60,0,0,16,0,8,17,141,61,0,0,0
2538,4,60,0,0,16,9,8,17,132,65,0,0,0
2538,5,60,0,0,20,9,8,20,171,64,1,0,11
2538,6,60,0,0,16,0,8,17,141,65,0,0,0
2538,7,60,0,0,20,0,8,20,180,64,1,0,11
2539,0,60,0,0,0,0,2,5,51,51,0,0,0
2539,1,60,0,0,4,0,2,8,98,58,1,0,3
2539,2,60,0,0,12,0,8,14,98,58,0,0,0
2539,3,60,0,0,16,0,8,17,141,61,1,0,15
2539,4,60,0,0,4,0,2,8,98,58,0,0,0
2539,5,60,0,0,8,0,2,11,141,61,1,0,11
2539,6,60,0,0,16,0,8,17,141,61,0,0,0
2539,7,60,0,0,20,0,8,20,180,60,1,0,8
2540,0,60,0,0,0,0,2,5,51,51,0,0,0
2540,1,60,0,0,4,0,2,8,98,58,1,0,3
2540,2,60,0,0,8,0,5,11,98,58,0,0,0
2540,3,60,0,0,12,0,5,14,141,61,1,0,11
2540,4,60,0,0,8,0,5,11,98,54,0,0,0
2540,5,60,0,0,12,0,5,14,141,57,0,0,0
2540,6,60,0,0,16,0,8,17,141,57,1,0,5
2540,7,60,0,0,20,0,8,20,180,56,0,0,0
2541,0,60,0,0,0,2,11,15,64,64,1,0,5
2541,1,60,0,0,3,4,13,19,98,58,0,0,0
2541,2,60,0,0,6,4,14,21,110,70,1,0,3
2541,3,60,0,0,9,6,16,25,141,61,0,0,0
2542,0,60,0,0,0,2,4,8,64,64,1,0,10
2542,1,60,0,0,4,2,4,11,110,70,0,0,0
2542,2,60,0,0,8,0,6,12,98,58,1,0,5
2542,3,60,0,0,12,0,6,15,141,61,0,0,0
2542,4,60,0,4,20,6,12,21,132,65,1,0,15
2542,5,60,0,4,24,6,12,24,171,64,0,0,0
2542,6,60,0,4,20,0,12,21,141,65,1,0,9
2542,7,60,0,4,24,0,12,24,180,64,0,0,0
2543,0,60,0,0,0,0,2,5,51,51,1,0,5
2543,1,60,0,0,4,0,2,8,98,58,0,0,0
2543,2,60,0,0,8,0,5,11,98,58,1,0,3
2543,3,60,0,0,12,0,5,14,141,61,0,0,0
2543,4,60,0,0,8,0,5,11,98,58,0,0,0
2543,5,60,0,0,12,0,5,14,141,61,1,0,9
2543,6,60,0,0,16,0,8,17,141,61,0,0,0
2543,7,60,0,0,20,0,8,20,180,60,1,0,11
2544,0,60,0,0,0,4,2,30,64,64,0,0,0
2544,1,60,0,0,2,6,2,33,110,70,1,0,10
2545,0,60,0,0,0,4,2,30,84,84,0,0,0
2545,1,60,0,0,2,6,2,33,110,70,1,0,12
2546,0,60,0,0,0,5,3,31,77,77,0,0,0
2546,1,60,0,0,2,7,3,34,122,82,1,0,3
2547,0,60,0,0,0,4,2,30,64,64,0,0,0
2547,1,60,0,0,2,6,2,33,110,70,1,0,3
2548,0,60,0,0,0,11,1,29,64,64,0,0,0
2548,1,60,0,0,2,12,1,32,110,70,1,0,6
2549,0,60,0,0,0,12,3,31,84,84,0,0,0
2549,1,60,0,0,2,13,3,34,110,70,1,0,12
2550,0,60,0,0,0,11,1,29,77,77,0,0,0
2550,1,60,0,0,2,12,1,32,122,82,0,0,0
2551,0,60,0,0,0,11,1,29,64,64,1,0,4
2551,1,60,0,0,2,12,1,32,110,70,0,0,0
2552,0,60,0,0,0,2,11,15,64,64,1,0,1
2552,1,60,0,0,3,4,12,19,110,70,0,0,0
2552,4,60,0,0,3,4,13,19,98,54,1,0,3
2552,5,60,0,0,6,6,14,23,141,57,0,0,0
2553,0,60,0,0,0,5,13,19,84,84,1,0,16
2553,1,60,0,0,3,5,14,21,110,70,0,0,0
2553,4,60,0,0,10,8,18,27,132,65,1,0,5
2553,5,60,0,0,10,6,18,27,141,65,0,0,0
2554,0,60,0,0,0,9,17,22,77,77,1,0,1
2554,1,60,0,0,2,10,17,25,122,82,0,0,0
2555,0,60,0,0,0,2,11,15,64,64,1,0,4
2555,1,60,0,0,3,4,12,19,110,70,0,0,0
2555,4,60,0,0,3,4,13,19,98,58,1,0,11
2555,5,60,0,0,6,6,14,23,141,61,0,0,0
2556,0,60,0,0,0,2,4,8,64,64,1,0,7
2556,1,60,0,0,4,2,4,11,110,70,0,0,0
2556,2,60,0,4,20,6,12,21,132,61,0,0,0
2556,3,60,0,4,24,6,12,24,171,60,1,0,11
2556,4,60,0,0,8,0,6,12,98,54,0,0,0
2556,5,60,0,0,12,0,6,15,141,57,1,0,7
2556,6,60,0,4,20,0,12,21,141,61,0,0,0
2556,7,60,0,4,24,0,12,24,180,60,1,0,11
2557,0,60,0,0,0,8,16,22,84,84,0,0,0
2557,1,60,0,0,2,9,18,25,110,70,1,0,3
2558,0,60,0,0,0,6,8,13,77,77,0,0,0
2558,1,60,0,0,4,6,8,16,122,82,1,0,3
2558,2,60,0,8,24,9,16,25,132,69,0,0,0
2558,3,60,0,8,28,9,16,28,171,68,1,0,11
2558,4,60,0,8,24,9,16,25,132,69,0,0,0
2558,5,60,0,8,28,9,16,28,171,68,1,0,15
2558,6,60,0,8,24,0,16,25,141,69,0,0,0
2558,7,60,0,8,28,0,16,28,180,68,1,0,11
2559,0,60,0,0,0,2,4,8,64,64,0,0,0
2559,1,60,0,0,4,2,4,11,110,70,0,0,0
2559,2,60,0,4,20,6,12,21,132,65,1,0,5
2559,3,60,0,4,24,6,12,24,171,64,0,0,0
2559,4,60,0,0,8,0,6,12,98,58,1,0,3
2559,5,60,0,0,12,0,6,15,141,61,0,0,0
2559,6,60,0,4,20,0,12,21,141,65,1,0,5
2559,7,60,0,4,24,0,12,24,180,64,0,0,0
2560,0,60,0,0,0,10,0,40,64,64,1,0,11
2561,0,60,0,0,0,11,0,41,84,84,0,0,0
2562,0,60,0,0,0,11,0,41,77,77,1,0,1
2563,0,60,0,0,0,10,0,40,64,64,0,0,0
2564,0,60,0,0,0,10,0,40,64,64,1,0,4
2565,0,60,0,0,0,10,0,41,84,84,0,0,0
2566,0,60,0,0,0,10,0,41,77,77,1,0,4
2567,0,60,0,0,0,10,0,40,64,64,0,0,0
2568,0,60,0,0,0,11,0,28,64,64,1,0,10
2568,4,60,0,0,2,12,0,31,110,66,0,0,0
2569,0,60,0,0,0,16,0,34,84,84,1,0,1
2570,0,60,0,0,0,20,0,38,77,77,0,0,0
2571,0,60,0,0,0,11,0,28,64,64,0,0,0
2571,4,60,0,0,2,12,0,31,110,70,1,0,3
2572,0,60,0,0,0,9,0,28,64,64,0,0,0
2572,4,60,0,0,2,6,0,31,110,66,1,0,6
2573,0,60,0,0,0,12,5,39,84,84,0,0,0
2574,0,60,0,0,0,12,1,39,77,77,1,0,16
2575,0,60,0,0,0,9,0,28,64,64,0,0,0
2575,4,60,0,0,2,6,0,31,110,70,1,0,3
2576,0,60,0,0,0,10,0,40,77,77,0,0,0
2577,0,60,0,0,0,11,0,41,97,97,1,0,13
2578,0,60,0,0,0,11,0,41,97,97,0,0,0
2579,0,60,0,0,0,10,0,40,77,77,1,0,7
2580,0,60,0,0,0,10,0,40,77,77,0,0,0
2581,0,60,0,0,0,10,0,41,97,97,1,0,10
2582,0,60,0,0,0,10,0,41,97,97,0,0,0
2583,0,60,0,0,0,10,0,40,77,77,1,0,1
2584,0,60,0,0,0,11,0,28,77,77,0,0,0
2584,4,60,0,0,2,12,0,31,122,78,1,0,7
2585,0,60,0,0,0,16,0,34,97,97,0,0,0
2586,0,60,0,0,0,20,0,38,97,97,0,0,0
2587,0,60,0,0,0,11,0,28,77,77,1,0,10
2587,4,60,0,0,2,12,0,31,122,82,0,0,0
2588,0,60,0,0,0,9,0,28,77,77,1,0,7
2588,4,60,0,0,2,6,0,31,122,78,0,0,0
2589,0,60,0,0,0,12,5,39,97,97,1,0,1
2590,0,60,0,0,0,12,1,39,97,97,0,0,0
2591,0,60,0,0,0,9,0,28,77,77,1,0,7
2591,4,60,0,0,2,6,0,31,122,82,0,0,0
2592,0,60,0,0,0,10,0,40,64,64,1,0,10
2593,0,60,0,0,0,11,0,41,84,84,0,0,0
2594,0,60,0,0,0,11,0,41,77,77,1,0,10
2595,0,60,0,0,0,10,0,40,64,64,0,0,0
2596,0,60,0,0,0,10,0,40,64,64,1,0,1
2597,0,60,0,0,0,10,0,41,84,84,0,0,0
2598,0,60,0,0,0,10,0,41,77,77,1,0,13
2599,0,60,0,0,0,10,0,40,64,64,0,0,0
2600,0,60,0,0,0,11,0,28,64,64,0,0,0
2600,4,60,0,0,2,12,0,31,110,66,1,0,6
2601,0,60,0,0,0,16,0,34,84,84,0,0,0
2602,0,60,0,0,0,20,0,38,77,77,1,0,5
2603,0,60,0,0,0,11,0,28,64,64,0,0,0
2603,4,60,0,0,2,12,0,31,110,70,1,0,3
2604,0,60,0,0,0,9,0,28,64,64,0,0,0
2604,4,60,0,0,2,6,0,31,110,66,1,0,3
2605,0,60,0,0,0,12,5,39,84,84,0,0,0
2606,0,60,0,0,0,12,1,39,77,77,1,0,4
2607,0,60,0,0,0,9,0,28,64,64,0,0,0
2607,4,60,0,0,2,6,0,31,110,70,1,0,12
2608,0,60,0,0,0,12,0,42,84,84,0,0,0
2609,0,60,0,0,0,13,0,43,111,111,1,0,1
2610,0,60,0,0,0,13,0,43,97,97,0,0,0
2611,0,60,0,0,0,12,0,42,84,84,1,0,4
2612,0,60,0,0,0,12,0,42,84,84,0,0,0
2613,0,60,0,0,0,12,0,43,111,111,1,0,7
2614,0,60,0,0,0,12,0,43,97,97,0,0,0
2615,0,60,0,0,0,12,0,42,84,84,0,0,0
2616,0,60,0,0,0,11,0,28,84,84,1,0,14
2616,4,60,0,0,2,12,0,31,110,66,0,0,0
2617,0,60,0,0,0,16,0,34,111,111,1,0,1
2618,0,60,0,0,0,20,0,38,97,97,0,0,0
2619,0,60,0,0,0,11,0,28,84,84,1,0,7
2619,4,60,0,0,2,12,0,31,110,70,0,0,0
2620,0,60,0,0,0,9,0,28,84,84,1,0,8
2620,4,60,0,0,2,6,0,31,110,66,0,0,0
2621,0,60,0,0,0,14,7,41,111,111,1,0,10
2622,0,60,0,0,0,14,3,41,97,97,0,0,0
2623,0,60,0,0,0,9,0,28,84,84,1,0,1
2623,4,60,0,0,2,6,0,31,110,70,0,0,0
2624,0,60,0,0,0,11,0,40,64,64,1,0,4
2625,0,60,0,0,0,12,0,41,84,84,0,0,0
2626,0,60,0,0,0,12,0,41,77,77,1,0,4
2627,0,60,0,0,0,11,0,40,64,64,0,0,0
2628,0,60,0,0,0,11,0,40,64,64,0,0,0
2629,0,60,0,0,0,11,0,41,84,84,1,0,7
2630,0,60,0,0,0,12,0,41,77,77,0,0,0
2631,0,60,0,0,0,11,0,40,64,64,1,0,1
2632,0,60,0,0,0,12,0,28,64,64,0,0,0
2632,4,60,0,0,2,13,0,31,110,66,1,0,3
2633,0,60,0,0,0,17,0,34,84,84,0,0,0
2634,0,60,0,0,0,22,0,38,77,77,1,0,5
2635,0,60,0,0,0,12,0,28,64,64,0,0,0
2635,4,60,0,0,2,13,0,31,110,70,1,0,12
2636,0,60,0,0,0,11,0,28,64,64,0,0,0
2636,4,60,0,0,2,10,0,31,110,66,1,0,3
2637,0,60,0,0,0,14,5,39,84,84,0,0,0
2638,0,60,0,0,0,20,0,38,77,77,1,0,7
2639,0,60,0,0,0,11,0,28,64,64,0,0,0
2639,4,60,0,0,2,10,0,31,110,70,1,0,8
2640,0,60,0,0,0,12,2,42,77,77,0,0,0
2641,0,60,0,0,0,13,2,43,97,97,1,0,10
2642,0,60,0,0,0,13,2,43,97,97,0,0,0
2643,0,60,0,0,0,12,2,42,77,77,0,0,0
2644,0,60,0,0,0,12,2,42,77,77,1,0,1
2645,0,60,0,0,0,12,2,43,97,97,0,0,0
2646,0,60,0,0,0,13,2,43,97,97,1,0,11
2647,0,60,0,0,0,12,2,42,77,77,0,0,0
2648,0,60,0,0,0,13,2,30,77,77,1,0,14
2648,4,60,0,0,2,14,2,33,122,78,0,0,0
2649,0,60,0,0,0,19,3,37,97,97,1,0,10
2650,0,60,0,0,0,24,3,41,97,97,0,0,0
2651,0,60,0,0,0,13,2,30,77,77,1,0,1
2651,4,60,0,0,2,14,2,33,122,82,0,0,0
2652,0,60,0,0,0,12,2,30,77,77,1,0,5
2652,4,60,0,0,2,11,2,33,122,78,0,0,0
2653,0,60,0,0,0,15,7,41,97,97,1,0,10
2654,0,60,0,0,0,22,3,41,97,97,0,0,0
2655,0,60,0,0,0,12,2,30,77,77,1,0,10
2655,4,60,0,0,2,11,2,33,122,82,0,0,0
2656,0,60,0,0,0,11,0,40,64,64,0,0,0
2657,0,60,0,0,0,12,0,41,84,84,1,0,1
2658,0,60,0,0,0,12,0,41,77,77,0,0,0
2659,0,60,0,0,0,11,0,40,64,64,1,0,4
2660,0,60,0,0,0,11,0,40,64,64,0,0,0
2661,0,60,0,0,0,11,0,41,84,84,1,0,4
2662,0,60,0,0,0,12,0,41,77,77,0,0,0
2663,0,60,0,0,0,11,0,40,64,64,1,0,13
2664,0,60,0,0,0,12,0,28,64,64,0,0,0
2664,4,60,0,0,2,13,0,31,110,66,1,0,3
2665,0,60,0,0,0,17,0,34,84,84,0,0,0
2666,0,60,0,0,0,22,0,38,77,77,1,0,16
2667,0,60,0,0,0,12,0,28,64,64,0,0,0
2667,4,60,0,0,2,13,0,31,110,70,1,0,7
2668,0,60,0,0,0,11,0,28,64,64,0,0,0
2668,4,60,0,0,2,10,0,31,110,66,1,0,16
2669,0,60,0,0,0,14,5,39,84,84,0,0,0
2670,0,60,0,0,0,20,0,38,77,77,1,0,1
2671,0,60,0,0,0,11,0,28,64,64,0,0,0
2671,4,60,0,0,2,10,0,31,110,70,0,0,0
2672,0,60,0,0,0,12,0,42,84,84,1,0,4
2673,0,60,0,0,0,13,0,43,111,111,0,0,0
2674,0,60,0,0,0,13,0,43,97,97,1,0,7
2675,0,60,0,0,0,12,0,42,84,84,0,0,0
2676,0,60,0,0,0,13,0,42,84,84,1,0,10
2677,0,60,0,0,0,13,0,43,111,111,0,0,0
2678,0,60,0,0,0,14,0,43,97,97,1,0,1
2679,0,60,0,0,0,13,0,42,84,84,0,0,0
2680,0,60,0,0,0,13,2,30,84,84,1,0,5
2680,4,60,0,0,2,14,2,33,110,66,0,0,0
2681,0,60,0,0,0,19,3,37,111,111,1,0,4
2682,0,60,0,0,0,24,3,41,97,97,0,0,0
2683,0,60,0,0,0,13,2,30,84,84,1,0,16
2683,4,60,0,0,2,14,2,33,110,70,0,0,0
2684,0,60,0,0,0,11,0,28,84,84,1,0,1
2684,4,60,0,0,2,10,0,31,110,66,0,0,0
2685,0,60,0,0,0,16,7,41,111,111,1,0,7
2686,0,60,0,0,0,20,0,38,97,97,0,0,0
2687,0,60,0,0,0,11,0,28,84,84,0,0,0
2687,4,60,0,0,2,10,0,31,110,70,1,0,6
2688,0,60,0,0,0,4,1,21,64,64,0,0,0
2688,1,60,0,0,9,8,3,29,132,61,1,0,7
2688,2,60,0,0,3,4,1,23,98,54,0,0,0
2688,3,60,0,0,9,6,3,29,141,61,1,0,6
2689,0,60,0,0,0,4,1,21,84,84,0,0,0
2689,1,60,0,0,9,8,3,29,132,61,1,0,12
2689,2,60,0,0,3,4,1,23,110,66,0,0,0
2689,3,60,0,0,9,6,3,29,141,61,1,0,9
2690,0,60,0,0,0,4,1,21,77,77,0,0,0
2690,1,60,0,0,9,8,3,29,137,61,1,0,5
2690,2,60,0,0,3,4,1,23,98,54,0,0,0
2690,3,60,0,0,9,6,3,29,141,61,1,0,5
2691,0,60,0,0,0,4,1,21,64,64,0,0,0
2691,1,60,0,0,9,8,3,29,132,61,1,0,8
2691,2,60,0,0,3,4,1,23,98,54,0,0,0
2691,3,60,0,0,9,6,3,29,141,61,0,0,0
2692,0,60,0,0,0,4,1,21,64,64,1,0,5
2692,1,60,0,0,9,8,3,29,132,61,0,0,0
2692,2,60,0,0,3,4,1,23,98,54,1,0,7
2692,3,60,0,0,9,6,3,29,141,61,0,0,0
2693,0,60,0,0,0,4,2,22,84,84,1,0,1
2693,1,60,0,0,9,8,4,30,132,61,0,0,0
2693,2,60,0,0,3,4,2,24,110,66,1,0,13
2693,3,60,0,0,9,6,4,30,141,61,0,0,0
2694,0,60,0,0,0,4,2,22,77,77,1,0,13
2694,1,60,0,0,9,8,4,30,137,61,0,0,0
2694,2,60,0,0,3,4,2,24,98,54,1,0,16
2694,3,60,0,0,9,6,4,30,141,61,0,0,0
2695,0,60,0,0,0,4,1,21,64,64,1,0,1
2695,1,60,0,0,9,8,3,29,132,61,0,0,0
2695,2,60,0,0,3,4,1,23,98,54,1,0,6
2695,3,60,0,0,9,6,3,29,141,61,0,0,0
2696,0,60,0,0,0,1,1,5,64,64,1,0,5
2696,1,60,0,0,12,3,4,13,132,61,0,0,0
2696,2,60,0,0,4,0,1,7,98,54,0,0,0
2696,3,60,0,0,12,0,4,13,141,61,1,0,9
2696,4,60,0,0,4,1,1,8,110,66,0,0,0
2696,5,60,0,0,16,3,4,16,171,56,1,0,9
2696,6,60,0,0,8,0,1,10,141,53,0,0,0
2696,7,60,0,0,16,0,4,16,180,56,1,0,11
2697,0,60,0,0,0,4,3,9,84,84,0,0,0
2697,1,60,0,0,12,3,5,14,132,61,1,0,9
2697,2,60,0,0,4,2,3,10,110,66,0,0,0
2697,3,60,0,0,12,0,5,14,141,61,1,0,9
2697,4,60,0,0,20,9,8,20,158,64,0,0,0
2697,5,60,0,0,20,3,8,20,171,64,1,0,8
2697,6,60,0,0,20,6,8,20,171,64,0,0,0
2697,7,60,0,0,20,0,8,20,180,64,1,0,11
2698,0,60,0,0,0,2,2,7,77,77,0,0,0
2698,1,60,0,0,12,3,5,14,137,61,1,0,5
2698,2,60,0,0,4,0,2,8,98,54,0,0,0
2698,3,60,0,0,12,0,5,14,141,61,0,0,0
2698,4,60,0,0,12,3,5,14,137,61,1,0,8
2698,5,60,0,0,20,3,8,20,180,64,0,0,0
2698,6,60,0,0,12,0,5,14,141,61,1,0,5
2698,7,60,0,0,20,0,8,20,180,64,0,0,0
2699,0,60,0,0,0,1,1,5,64,64,1,0,7
2699,1,60,0,0,12,3,4,13,132,61,0,0,0
2699,2,60,0,0,4,0,1,7,98,54,1,0,4
2699,3,60,0,0,12,0,4,13,141,61,0,0,0
2699,4,60,0,0,4,1,1,8,110,70,1,0,15
2699,5,60,0,0,16,3,4,16,171,60,0,0,0
2699,6,60,0,0,8,0,1,10,141,57,1,0,9
2699,7,60,0,0,16,0,4,16,180,60,0,0,0
2700,0,60,0,0,0,1,3,7,64,64,1,0,4
2700,1,60,0,0,12,3,6,15,132,61,0,0,0
2700,2,60,0,0,4,0,3,9,98,54,1,0,3
2700,3,60,0,0,12,0,6,15,141,61,0,0,0
2700,4,60,0,0,12,1,9,16,110,66,1,0,17
2700,5,60,0,0,24,3,12,24,171,56,0,0,0
2700,6,60,0,0,16,0,9,18,141,53,0,0,0
2700,7,60,0,0,24,0,12,24,180,56,1,0,11
2701,0,60,0,0,0,5,13,19,84,84,0,0,0
2701,1,60,0,0,10,8,18,27,132,61,1,0,11
2701,2,60,0,0,3,5,14,21,110,66,0,0,0
2701,3,60,0,0,10,6,18,27,141,61,1,0,15
2702,0,60,0,0,0,4,13,18,77,77,0,0,0
2702,1,60,0,0,9,8,17,26,137,61,1,0,9
2702,2,60,0,0,3,4,14,20,98,54,0,0,0
2702,3,60,0,0,9,6,17,26,141,61,1,0,9
2703,0,60,0,0,0,1,3,7,64,64,0,0,0
2703,1,60,0,0,12,3,6,15,132,61,1,0,15
2703,2,60,0,0,4,0,3,9,98,54,0,0,0
2703,3,60,0,0,12,0,6,15,141,61,1,0,5
2703,4,60,0,0,12,1,9,16,110,70,0,0,0
2703,5,60,0,0,24,3,12,24,171,60,1,0,11
2703,6,60,0,0,16,0,9,18,141,57,0,0,0
2703,7,60,0,0,24,0,12,24,180,60,0,0,0
2704,0,60,0,0,0,8,4,26,77,77,1,0,1
2704,1,60,0,0,12,10,6,32,132,69,0,0,0
2704,2,60,0,0,12,10,6,32,132,69,1,0,16
2704,3,60,0,0,12,6,6,32,141,69,0,0,0
2705,0,60,0,0,0,8,4,26,97,97,1,0,13
2705,1,60,0,0,12,10,6,32,132,69,0,0,0
2705,2,60,0,0,12,10,6,32,137,69,1,0,6
2705,3,60,0,0,12,6,6,32,141,69,0,0,0
2706,0,60,0,0,0,8,4,26,97,97,1,0,1
2706,1,60,0,0,12,10,6,32,137,69,0,0,0
2706,2,60,0,0,12,10,6,32,132,69,1,0,10
2706,3,60,0,0,12,6,6,32,141,69,0,0,0
2707,0,60,0,0,0,8,4,26,77,77,1,0,13
2707,1,60,0,0,12,10,6,32,132,69,0,0,0
2707,2,60,0,0,12,10,6,32,132,69,1,0,5
2707,3,60,0,0,12,6,6,32,141,69,0,0,0
2708,0,60,0,0,0,8,4,26,77,77,1,0,1
2708,1,60,0,0,12,10,6,32,132,69,0,0,0
2708,2,60,0,0,12,10,6,32,132,69,0,0,0
2708,3,60,0,0,12,6,6,32,141,69,1,0,9
2709,0,60,0,0,0,8,5,27,97,97,0,0,0
2709,1,60,0,0,12,10,7,33,132,69,1,0,7
2709,2,60,0,0,12,10,7,33,137,69,0,0,0
2709,3,60,0,0,12,6,7,33,141,69,1,0,12
2710,0,60,0,0,0,8,5,27,97,97,0,0,0
2710,1,60,0,0,12,10,7,33,137,69,1,0,13
2710,2,60,0,0,12,10,7,33,132,69,0,0,0
2710,3,60,0,0,12,6,7,33,141,69,1,0,10
2711,0,60,0,0,0,8,4,26,77,77,0,0,0
2711,1,60,0,0,12,10,6,32,132,69,1,0,12
2711,2,60,0,0,12,10,6,32,132,69,0,0,0
2711,3,60,0,0,12,6,6,32,141,69,1,0,5
2712,0,60,0,0,0,4,4,9,77,77,0,0,0
2712,1,60,0,0,16,6,8,17,132,69,1,0,5
2712,2,60,0,0,16,6,8,17,132,69,0,0,0
2712,3,60,0,0,16,0,8,17,141,69,1,0,11
2712,4,60,0,0,4,4,4,12,122,78,0,0,0
2712,5,60,0,0,20,6,8,20,171,64,0,0,0
2712,6,60,0,0,20,6,8,20,171,64,1,0,15
2712,7,60,0,0,20,0,8,20,180,64,0,0,0
2713,0,60,0,0,0,8,7,14,97,97,1,0,7
2713,1,60,0,0,16,6,9,18,132,69,0,0,0
2713,2,60,0,0,16,6,9,18,137,69,1,0,6
2713,3,60,0,0,16,0,9,18,141,69,0,0,0
2713,4,60,0,0,24,12,12,24,163,72,1,0,15
2713,5,60,0,0,24,6,12,24,171,72,0,0,0
2713,6,60,0,0,24,6,12,24,180,72,1,0,11
2713,7,60,0,0,24,0,12,24,180,72,0,0,0
2714,0,60,0,0,0,8,7,14,97,97,1,0,13
2714,1,60,0,0,16,6,9,18,137,69,0,0,0
2714,2,60,0,0,16,6,9,18,132,69,1,0,5
2714,3,60,0,0,16,0,9,18,141,69,0,0,0
2714,4,60,0,0,24,12,12,24,163,72,1,0,11
2714,5,60,0,0,24,6,12,24,180,72,0,0,0
2714,6,60,0,0,24,6,12,24,171,72,0,0,0
2714,7,60,0,0,24,0,12,24,180,72,1,0,8
2715,0,60,0,0,0,4,4,9,77,77,0,0,0
2715,1,60,0,0,16,6,8,17,132,69,1,0,5
2715,2,60,0,0,16,6,8,17,132,69,0,0,0
2715,3,60,0,0,16,0,8,17,141,69,1,0,15
2715,4,60,0,0,4,4,4,12,122,82,0,0,0
2715,5,60,0,0,20,6,8,20,171,68,1,0,8
2715,6,60,0,0,20,6,8,20,171,68,0,0,0
2715,7,60,0,0,20,0,8,20,180,68,1,0,9
2716,0,60,0,0,0,4,6,11,77,77,0,0,0
2716,1,60,0,0,16,6,10,19,132,69,1,0,13
2716,2,60,0,0,16,6,10,19,132,69,0,0,0
2716,3,60,0,0,16,0,10,19,141,69,1,0,5
2716,4,60,0,0,12,4,12,20,122,78,0,0,0
2716,5,60,0,0,28,6,16,28,171,64,1,0,11
2716,6,60,0,0,28,6,16,28,171,64,0,0,0
2716,7,60,0,0,28,0,16,28,180,64,1,0,11
2717,0,60,0,0,0,9,17,24,97,97,0,0,0
2717,1,60,0,0,13,10,21,30,132,69,0,0,0
2717,2,60,0,0,13,11,21,30,137,69,1,0,13
2717,3,60,0,0,13,6,21,30,141,69,0,0,0
2718,0,60,0,0,0,9,17,24,97,97,1,0,1
2718,1,60,0,0,13,11,21,30,137,69,0,0,0
2718,2,60,0,0,13,10,21,30,132,69,1,0,15
2718,3,60,0,0,13,6,21,30,141,69,0,0,0
2719,0,60,0,0,0,4,6,11,77,77,1,0,13
2719,1,60,0,0,16,6,10,19,132,69,0,0,0
2719,2,60,0,0,16,6,10,19,132,69,1,0,9
2719,3,60,0,0,16,0,10,19,141,69,0,0,0
2719,4,60,0,0,12,4,12,20,122,82,1,0,4
2719,5,60,0,0,28,6,16,28,171,68,0,0,0
2719,6,60,0,0,28,6,16,28,171,68,1,0,11
2719,7,60,0,0,28,0,16,28,180,68,0,0,0
2720,0,60,0,0,0,4,1,21,64,64,1,0,7
2720,1,60,0,0,9,8,3,29,132,65,0,0,0
2720,2,60,0,0,3,4,1,23,98,58,0,0,0
2720,3,60,0,0,9,6,3,29,141,65,1,0,6
2721,0,60,0,0,0,4,1,21,84,84,0,0,0
2721,1,60,0,0,9,8,3,29,132,65,1,0,5
2721,2,60,0,0,3,4,1,23,110,70,0,0,0
2721,3,60,0,0,9,6,3,29,141,65,1,0,12
2722,0,60,0,0,0,4,1,21,77,77,0,0,0
2722,1,60,0,0,9,8,3,29,137,65,1,0,6
2722,2,60,0,0,3,4,1,23,98,58,0,0,0
2722,3,60,0,0,9,6,3,29,141,65,1,0,7
2723,0,60,0,0,0,4,1,21,64,64,0,0,0
2723,1,60,0,0,9,8,3,29,132,65,1,0,12
2723,2,60,0,0,3,4,1,23,98,58,0,0,0
2723,3,60,0,0,9,6,3,29,141,65,1,0,11
2724,0,60,0,0,0,4,1,21,64,64,0,0,0
2724,1,60,0,0,9,8,3,29,132,65,1,0,5
2724,2,60,0,0,3,4,1,23,98,58,0,0,0
2724,3,60,0,0,9,6,3,29,141,65,1,0,5
2725,0,60,0,0,0,4,2,22,84,84,0,0,0
2725,1,60,0,0,9,8,4,30,132,65,0,0,0
2725,2,60,0,0,3,4,2,24,110,70,1,0,3
2725,3,60,0,0,9,6,4,30,141,65,0,0,0
2726,0,60,0,0,0,4,2,22,77,77,1,0,10
2726,1,60,0,0,9,8,4,30,137,65,0,0,0
2726,2,60,0,0,3,4,2,24,98,58,1,0,3
2726,3,60,0,0,9,6,4,30,141,65,0,0,0
2727,0,60,0,0,0,4,1,21,64,64,1,0,13
2727,1,60,0,0,9,8,3,29,132,65,0,0,0
2727,2,60,0,0,3,4,1,23,98,58,1,0,13
2727,3,60,0,0,9,6,3,29,141,65,0,0,0
2728,0,60,0,0,0,1,1,5,64,64,1,0,5
2728,1,60,0,0,12,3,4,13,132,65,0,0,0
2728,2,60,0,0,4,0,1,7,98,58,1,0,3
2728,3,60,0,0,12,0,4,13,141,65,0,0,0
2728,4,60,0,0,4,1,1,8,110,66,1,0,19
2728,5,60,0,0,16,3,4,16,171,60,0,0,0
2728,6,60,0,0,8,0,1,10,141,57,0,0,0
2728,7,60,0,0,16,0,4,16,180,60,1,0,8
2729,0,60,0,0,0,4,3,9,84,84,0,0,0
2729,1,60,0,0,12,3,5,14,132,65,1,0,15
2729,2,60,0,0,4,2,3,10,110,70,0,0,0
2729,3,60,0,0,12,0,5,14,141,65,1,0,9
2729,4,60,0,0,20,9,8,20,158,68,0,0,0
2729,5,60,0,0,20,3,8,20,171,68,1,0,8
2729,6,60,0,0,20,6,8,20,171,68,0,0,0
2729,7,60,0,0,20,0,8,20,180,68,1,0,9
2730,0,60,0,0,0,2,2,7,77,77,0,0,0
2730,1,60,0,0,12,3,5,14,137,65,1,0,15
2730,2,60,0,0,4,0,2,8,98,58,0,0,0
2730,3,60,0,0,12,0,5,14,141,65,1,0,5
2730,4,60,0,0,12,3,5,14,137,65,0,0,0
2730,5,60,0,0,20,3,8,20,180,68,1,0,9
2730,6,60,0,0,12,0,5,14,141,65,0,0,0
2730,7,60,0,0,20,0,8,20,180,68,1,0,11
2731,0,60,0,0,0,1,1,5,64,64,0,0,0
2731,1,60,0,0,12,3,4,13,132,65,0,0,0
2731,2,60,0,0,4,0,1,7,98,58,1,0,9
2731,3,60,0,0,12,0,4,13,141,65,0,0,0
2731,4,60,0,0,4,1,1,8,110,70,1,0,9
2731,5,60,0,0,16,3,4,16,171,64,0,0,0
2731,6,60,0,0,8,0,1,10,141,61,1,0,11
2731,7,60,0,0,16,0,4,16,180,64,0,0,0
2732,0,60,0,0,0,1,3,7,64,64,1,0,1
2732,1,60,0,0,12,3,6,15,132,65,0,0,0
2732,2,60,0,0,4,0,3,9,98,58,1,0,9
2732,3,60,0,0,12,0,6,15,141,65,0,0,0
2732,4,60,0,0,12,1,9,16,110,66,1,0,9
2732,5,60,0,0,24,3,12,24,171,60,0,0,0
2732,6,60,0,0,16,0,9,18,141,57,1,0,11
2732,7,60,0,0,24,0,12,24,180,60,0,0,0
2733,0,60,0,0,0,5,13,19,84,84,1,0,1
2733,1,60,0,0,10,8,18,27,132,65,0,0,0
2733,2,60,0,0,3,5,14,21,110,70,1,0,9
2733,3,60,0,0,10,6,18,27,141,65,0,0,0
2734,0,60,0,0,0,4,13,18,77,77,0,0,0
2734,1,60,0,0,9,8,17,26,137,65,1,0,9
2734,2,60,0,0,3,4,14,20,98,58,0,0,0
2734,3,60,0,0,9,6,17,26,141,65,1,0,9
2735,0,60,0,0,0,1,3,7,64,64,0,0,0
2735,1,60,0,0,12,3,6,15,132,65,1,0,6
2735,2,60,0,0,4,0,3,9,98,58,0,0,0
2735,3,60,0,0,12,0,6,15,141,65,1,0,19
2735,4,60,0,0,12,1,9,16,110,70,0,0,0
2735,5,60,0,0,24,3,12,24,171,64,1,0,11
2735,6,60,0,0,16,0,9,18,141,61,0,0,0
2735,7,60,0,0,24,0,12,24,180,64,1,0,8
2736,0,60,0,0,0,16,0,34,84,84,0,0,0
2737,0,60,0,0,0,16,0,34,111,111,1,0,1
2738,0,60,0,0,0,16,0,34,97,97,0,0,0
2739,0,60,0,0,0,16,0,34,84,84,1,0,16
2740,0,60,0,0,0,17,0,34,84,84,0,0,0
2741,0,60,0,0,0,19,3,37,111,111,0,0,0
2742,0,60,0,0,0,19,3,37,97,97,1,0,10
2743,0,60,0,0,0,17,0,34,84,84,0,0,0
2744,0,60,0,0,0,4,3,9,84,84,1,0,5
2744,1,60,0,0,20,9,8,20,158,64,0,0,0
2744,2,60,0,0,12,3,5,14,132,61,1,0,5
2744,3,60,0,0,20,3,8,20,171,64,0,0,0
2744,4,60,0,0,4,2,3,10,110,66,1,0,3
2744,5,60,0,0,20,6,8,20,171,64,0,0,0
2744,6,60,0,0,12,0,5,14,141,61,1,0,7
2744,7,60,0,0,20,0,8,20,180,64,0,0,0
2745,0,60,0,0,0,12,9,18,111,111,1,0,13
2745,1,60,0,0,24,12,12,24,158,72,0,0,0
2745,2,60,0,0,24,12,12,24,158,72,1,0,15
2745,3,60,0,0,24,6,12,24,171,72,0,0,0
2745,4,60,0,0,24,12,12,24,158,72,1,0,5
2745,5,60,0,0,24,6,12,24,171,72,0,0,0
2745,6,60,0,0,24,6,12,24,171,72,1,0,9
2745,7,60,0,0,24,0,12,24,180,72,0,0,0
2746,0,60,0,0,0,8,7,14,97,97,0,0,0
2746,1,60,0,0,24,12,12,24,163,72,1,0,11
2746,2,60,0,0,16,6,9,18,132,69,0,0,0
2746,3,60,0,0,24,6,12,24,171,72,1,0,11
2746,4,60,0,0,16,6,9,18,137,69,0,0,0
2746,5,60,0,0,24,6,12,24,180,72,1,0,11
2746,6,60,0,0,16,0,9,18,141,69,0,0,0
2746,7,60,0,0,24,0,12,24,180,72,1,0,19
2747,0,60,0,0,0,4,3,9,84,84,0,0,0
2747,1,60,0,0,20,9,8,20,158,68,1,0,9
2747,2,60,0,0,12,3,5,14,132,65,0,0,0
2747,3,60,0,0,20,3,8,20,171,68,1,0,8
2747,4,60,0,0,4,2,3,10,110,70,0,0,0
2747,5,60,0,0,20,6,8,20,171,68,1,0,15
2747,6,60,0,0,12,0,5,14,141,65,0,0,0
2747,7,60,0,0,20,0,8,20,180,68,1,0,11
2748,0,60,0,0,0,7,7,13,84,84,0,0,0
2748,1,60,0,0,24,12,12,24,158,64,0,0,0
2748,2,60,0,0,16,9,9,18,132,61,1,0,8
2748,3,60,0,0,24,9,12,24,171,64,0,0,0
2748,4,60,0,0,12,1,9,16,110,66,1,0,3
2748,5,60,0,0,24,3,12,24,171,64,0,0,0
2748,6,60,0,0,16,0,9,18,141,61,1,0,5
2748,7,60,0,0,24,0,12,24,180,64,0,0,0
2749,0,60,0,0,0,14,19,28,111,111,1,0,16
2750,0,60,0,0,0,11,18,25,97,97,0,0,0
2751,0,60,0,0,0,7,7,13,84,84,1,0,11
2751,1,60,0,0,24,12,12,24,158,68,0,0,0
2751,2,60,0,0,16,9,9,18,132,65,1,0,7
2751,3,60,0,0,24,9,12,24,171,68,0,0,0
2751,4,60,0,0,12,1,9,16,110,70,1,0,4
2751,5,60,0,0,24,3,12,24,171,68,0,0,0
2751,6,60,0,0,16,0,9,18,141,65,1,0,7
2751,7,60,0,0,24,0,12,24,180,68,0,0,0
2752,0,60,0,0,0,4,2,22,64,64,1,0,11
2752,1,60,0,0,9,9,3,29,132,61,0,0,0
2752,2,60,0,0,6,1,3,25,98,54,0,0,0
2752,3,60,0,0,9,3,3,29,141,61,1,0,9
2753,0,60,0,0,0,4,2,22,84,84,0,0,0
2753,1,60,0,0,9,9,3,29,132,61,1,0,8
2753,2,60,0,0,6,1,3,25,110,66,0,0,0
2753,3,60,0,0,9,3,3,29,141,61,1,0,12
2754,0,60,0,0,0,4,2,22,77,77,0,0,0
2754,1,60,0,0,9,9,3,29,137,61,1,0,9
2754,2,60,0,0,6,1,3,25,98,54,0,0,0
2754,3,60,0,0,9,3,3,29,141,61,1,0,9
2755,0,60,0,0,0,4,2,22,64,64,0,0,0
2755,1,60,0,0,9,9,3,29,132,61,1,0,12
2755,2,60,0,0,6,1,3,25,98,54,0,0,0
2755,3,60,0,0,9,3,3,29,141,61,1,0,5
2756,0,60,0,0,0,5,2,22,64,64,0,0,0
2756,1,60,0,0,9,10,3,29,132,61,1,0,5
2756,2,60,0,0,6,4,3,25,98,54,0,0,0
2756,3,60,0,0,9,6,3,29,141,61,0,0,0
2757,0,60,0,0,0,5,3,23,84,84,1,0,1
2757,1,60,0,0,9,10,4,30,132,61,0,0,0
2757,2,60,0,0,6,4,4,26,110,66,1,0,12
2757,3,60,0,0,9,6,4,30,141,61,0,0,0
2758,0,60,0,0,0,5,2,22,77,77,1,0,5
2758,1,60,0,0,9,10,3,29,137,61,0,0,0
2758,2,60,0,0,6,4,3,25,98,54,1,0,10
2758,3,60,0,0,9,6,3,29,141,61,0,0,0
2759,0,60,0,0,0,5,2,22,64,64,1,0,1
2759,1,60,0,0,9,10,3,29,132,61,0,0,0
2759,2,60,0,0,6,4,3,25,98,54,1,0,10
2759,3,60,0,0,9,6,3,29,141,61,0,0,0
2760,0,60,0,0,0,3,4,8,64,64,1,0,5
2760,1,60,0,0,16,9,8,17,132,61,0,0,0
2760,2,60,0,0,12,0,8,14,98,54,1,0,9
2760,3,60,0,0,16,0,8,17,141,61,0,0,0
2760,4,60,0,0,4,3,4,11,110,66,1,0,7
2760,5,60,0,0,20,9,8,20,171,56,0,0,0
2760,6,60,0,0,16,0,8,17,141,53,0,0,0
2760,7,60,0,0,20,0,8,20,180,56,1,0,8
2761,0,60,0,0,0,7,7,13,84,84,0,0,0
2761,1,60,0,0,16,9,9,18,132,61,1,0,7
2761,2,60,0,0,12,1,9,16,110,66,0,0,0
2761,3,60,0,0,16,0,9,18,141,61,1,0,15
2761,4,60,0,0,24,12,12,24,158,64,0,0,0
2761,5,60,0,0,24,9,12,24,171,64,1,0,11
2761,6,60,0,0,24,3,12,24,171,64,0,0,0
2761,7,60,0,0,24,0,12,24,180,64,1,0,11
2762,0,60,0,0,0,6,6,11,77,77,0,0,0
2762,1,60,0,0,16,9,8,17,137,61,1,0,15
2762,2,60,0,0,12,0,8,14,98,54,0,0,0
2762,3,60,0,0,16,0,8,17,141,61,1,0,5
2762,4,60,0,0,16,9,8,17,137,61,0,0,0
2762,5,60,0,0,20,9,8,20,180,64,1,0,11
2762,6,60,0,0,16,0,8,17,141,61,0,0,0
2762,7,60,0,0,20,0,8,20,180,64,1,0,11
2763,0,60,0,0,0,3,4,8,64,64,0,0,0
2763,1,60,0,0,16,9,8,17,132,61,0,0,0
2763,2,60,0,0,12,0,8,14,98,54,1,0,3
2763,3,60,0,0,16,0,8,17,141,61,0,0,0
2763,4,60,0,0,4,3,4,11,110,70,1,0,9
2763,5,60,0,0,20,9,8,20,171,60,0,0,0
2763,6,60,0,0,16,0,8,17,141,57,1,0,6
2763,7,60,0,0,20,0,8,20,180,60,0,0,0
2764,0,60,0,0,0,2,3,7,64,64,1,0,5
2764,1,60,0,0,12,6,5,14,132,61,0,0,0
2764,2,60,0,0,8,0,5,11,98,54,1,0,7
2764,3,60,0,0,12,0,5,14,141,61,0,0,0
2764,4,60,0,0,8,2,6,13,110,66,1,0,14
2764,5,60,0,0,20,6,8,20,171,56,0,0,0
2764,6,60,0,0,16,0,8,17,141,53,1,0,15
2764,7,60,0,0,20,0,8,20,180,56,0,0,0
2765,0,60,0,0,0,5,12,18,84,84,1,0,11
2765,1,60,0,0,9,10,16,25,132,61,0,0,0
2765,2,60,0,0,6,4,14,21,110,66,0,0,0
2765,3,60,0,0,9,6,16,25,141,61,1,0,6
2766,0,60,0,0,0,4,5,10,77,77,0,0,0
2766,1,60,0,0,12,6,6,15,137,61,1,0,5
2766,2,60,0,0,8,0,6,12,98,54,0,0,0
2766,3,60,0,0,12,0,6,15,141,61,1,0,15
2766,4,60,0,4,20,6,12,21,137,61,0,0,0
2766,5,60,0,4,24,6,12,24,180,64,1,0,8
2766,6,60,0,4,20,0,12,21,141,61,0,0,0
2766,7,60,0,4,24,0,12,24,180,64,1,0,11
2767,0,60,0,0,0,2,3,7,64,64,0,0,0
2767,1,60,0,0,12,6,5,14,132,61,1,0,15
2767,2,60,0,0,8,0,5,11,98,54,0,0,0
2767,3,60,0,0,12,0,5,14,141,61,1,0,5
2767,4,60,0,0,8,2,6,13,110,70,0,0,0
2767,5,60,0,0,20,6,8,20,171,60,1,0,9
2767,6,60,0,0,16,0,8,17,141,57,0,0,0
2767,7,60,0,0,20,0,8,20,180,60,1,0,11
2768,0,60,0,0,0,8,12,34,77,77,0,0,0
2769,0,60,0,0,0,9,13,35,97,97,0,0,0
2770,0,60,0,0,0,9,13,35,97,97,1,0,13
2771,0,60,0,0,0,8,12,34,77,77,0,0,0
2772,0,60,0,0,0,9,12,34,77,77,1,0,1
2773,0,60,0,0,0,9,13,35,97,97,0,0,0
2774,0,60,0,0,0,10,13,35,97,97,1,0,16
2775,0,60,0,0,0,9,12,34,77,77,0,0,0
2776,0,60,0,0,0,9,17,22,77,77,1,0,13
2776,4,60,0,0,2,10,17,25,122,78,0,0,0
2777,0,60,0,0,0,11,18,25,97,97,1,0,13
2778,0,60,0,0,0,16,22,29,97,97,0,0,0
2779,0,60,0,0,0,9,17,22,77,77,1,0,1
2779,4,60,0,0,2,10,17,25,122,82,0,0,0
2780,0,60,0,0,0,7,15,20,77,77,1,0,5
2780,4,60,0,0,2,6,15,23,122,78,0,0,0
2781,0,60,0,0,0,11,25,32,97,97,1,0,13
2782,0,60,0,0,0,13,20,27,97,97,0,0,0
2783,0,60,0,0,0,7,15,20,77,77,0,0,0
2783,4,60,0,0,2,6,15,23,122,82,1,0,12
2784,0,60,0,0,0,4,2,22,64,64,0,0,0
2784,1,60,0,0,9,9,3,29,132,65,1,0,5
2784,2,60,0,0,6,1,3,25,98,58,0,0,0
2784,3,60,0,0,9,3,3,29,141,65,1,0,12
2785,0,60,0,0,0,4,2,22,84,84,0,0,0
2785,1,60,0,0,9,9,3,29,132,65,1,0,6
2785,2,60,0,0,6,1,3,25,110,70,0,0,0
2785,3,60,0,0,9,3,3,29,141,65,1,0,7
2786,0,60,0,0,0,4,2,22,77,77,0,0,0
2786,1,60,0,0,9,9,3,29,137,65,1,0,12
2786,2,60,0,0,6,1,3,25,98,58,0,0,0
2786,3,60,0,0,9,3,3,29,141,65,1,0,11
2787,0,60,0,0,0,4,2,22,64,64,0,0,0
2787,1,60,0,0,9,9,3,29,132,65,1,0,5
2787,2,60,0,0,6,1,3,25,98,58,0,0,0
2787,3,60,0,0,9,3,3,29,141,65,1,0,5
2788,0,60,0,0,0,5,2,22,64,64,0,0,0
2788,1,60,0,0,9,10,3,29,132,65,0,0,0
2788,2,60,0,0,6,4,3,25,98,58,1,0,3
2788,3,60,0,0,9,6,3,29,141,65,0,0,0
2789,0,60,0,0,0,5,3,23,84,84,1,0,8
2789,1,60,0,0,9,10,4,30,132,65,0,0,0
2789,2,60,0,0,6,4,4,26,110,70,1,0,3
2789,3,60,0,0,9,6,4,30,141,65,0,0,0
2790,0,60,0,0,0,5,2,22,77,77,1,0,13
2790,1,60,0,0,9,10,3,29,137,65,0,0,0
2790,2,60,0,0,6,4,3,25,98,58,1,0,13
2790,3,60,0,0,9,6,3,29,141,65,0,0,0
2791,0,60,0,0,0,5,2,22,64,64,1,0,4
2791,1,60,0,0,9,10,3,29,132,65,0,0,0
2791,2,60,0,0,6,4,3,25,98,58,1,0,3
2791,3,60,0,0,9,6,3,29,141,65,0,0,0
2792,0,60,0,0,0,3,4,8,64,64,1,0,13
2792,1,60,0,0,16,9,8,17,132,65,0,0,0
2792,2,60,0,0,12,0,8,14,98,58,0,0,0
2792,3,60,0,0,16,0,8,17,141,65,1,0,6
2792,4,60,0,0,4,3,4,11,110,66,0,0,0
2792,5,60,0,0,20,9,8,20,171,60,1,0,11
2792,6,60,0,0,16,0,8,17,141,57,0,0,0
2792,7,60,0,0,20,0,8,20,180,60,1,0,11
2793,0,60,0,0,0,7,7,13,84,84,0,0,0
2793,1,60,0,0,16,9,9,18,132,65,1,0,6
2793,2,60,0,0,12,1,9,16,110,70,0,0,0
2793,3,60,0,0,16,0,9,18,141,65,1,0,7
2793,4,60,0,0,24,12,12,24,158,68,0,0,0
2793,5,60,0,0,24,9,12,24,171,68,1,0,11
2793,6,60,0,0,24,3,12,24,171,68,0,0,0
2793,7,60,0,0,24,0,12,24,180,68,1,0,8
2794,0,60,0,0,0,6,6,11,77,77,0,0,0
2794,1,60,0,0,16,9,8,17,137,65,1,0,5
2794,2,60,0,0,12,0,8,14,98,58,0,0,0
2794,3,60,0,0,16,0,8,17,141,65,1,0,5
2794,4,60,0,0,16,9,8,17,137,65,0,0,0
2794,5,60,0,0,20,9,8,20,180,68,0,0,0
2794,6,60,0,0,16,0,8,17,141,65,1,0,5
2794,7,60,0,0,20,0,8,20,180,68,0,0,0
2795,0,60,0,0,0,3,4,8,64,64,1,0,7
2795,1,60,0,0,16,9,8,17,132,65,0,0,0
2795,2,60,0,0,12,0,8,14,98,58,1,0,15
2795,3,60,0,0,16,0,8,17,141,65,0,0,0
2795,4,60,0,0,4,3,4,11,110,70,1,0,3
2795,5,60,0,0,20,9,8,20,171,64,0,0,0
2795,6,60,0,0,16,0,8,17,141,61,1,0,7
2795,7,60,0,0,20,0,8,20,180,64,0,0,0
2796,0,60,0,0,0,2,3,7,64,64,1,0,11
2796,1,60,0,0,12,6,5,14,132,65,0,0,0
2796,2,60,0,0,8,0,5,11,98,58,1,0,9
2796,3,60,0,0,12,0,5,14,141,65,0,0,0
2796,4,60,0,0,8,2,6,13,110,66,1,0,13
2796,5,60,0,0,20,6,8,20,171,60,0,0,0
2796,6,60,0,0,16,0,8,17,141,57,1,0,9
2796,7,60,0,0,20,0,8,20,180,60,0,0,0
2797,0,60,0,0,0,5,12,18,84,84,0,0,0
2797,1,60,0,0,9,10,16,25,132,65,1,0,9
2797,2,60,0,0,6,4,14,21,110,70,0,0,0
2797,3,60,0,0,9,6,16,25,141,65,1,0,9
2798,0,60,0,0,0,4,5,10,77,77,0,0,0
2798,1,60,0,0,12,6,6,15,137,65,1,0,6
2798,2,60,0,0,8,0,6,12,98,58,0,0,0
2798,3,60,0,0,12,0,6,15,141,65,1,0,19
2798,4,60,0,4,20,6,12,21,137,65,0,0,0
2798,5,60,0,4,24,6,12,24,180,68,1,0,11
2798,6,60,0,4,20,0,12,21,141,65,0,0,0
2798,7,60,0,4,24,0,12,24,180,68,1,0,8
2799,0,60,0,0,0,2,3,7,64,64,0,0,0
2799,1,60,0,0,12,6,5,14,132,65,1,0,5
2799,2,60,0,0,8,0,5,11,98,58,0,0,0
2799,3,60,0,0,12,0,5,14,141,65,1,0,11
2799,4,60,0,0,8,2,6,13,110,70,0,0,0
2799,5,60,0,0,20,6,8,20,171,64,0,0,0
2799,6,60,0,0,16,0,8,17,141,61,1,0,5
2799,7,60,0,0,20,0,8,20,180,64,0,0,0
2800,0,60,0,0,0,12,4,38,84,84,1,0,5
2801,0,60,0,0,0,13,5,39,111,111,0,0,0
2802,0,60,0,0,0,13,5,39,97,97,1,0,1
2803,0,60,0,0,0,12,4,38,84,84,0,0,0
2804,0,60,0,0,0,18,2,36,84,84,1,0,4
2805,0,60,0,0,0,20,5,39,111,111,0,0,0
2806,0,60,0,0,0,18,2,36,97,97,1,0,5
2807,0,60,0,0,0,18,2,36,84,84,0,0,0
2808,0,60,0,0,0,9,16,22,84,84,1,0,13
2808,4,60,0,0,2,10,18,25,110,66,0,0,0
2809,0,60,0,0,0,14,19,28,111,111,1,0,1
2810,0,60,0,0,0,16,22,29,97,97,0,0,0
2811,0,60,0,0,0,9,16,22,84,84,1,0,5
2811,4,60,0,0,2,10,18,25,110,70,0,0,0
2812,0,60,0,0,0,7,7,13,84,84,1,0,13
2812,1,60,0,4,24,15,12,24,158,64,0,0,0
2812,2,60,0,4,20,6,12,21,132,61,0,0,0
2812,3,60,0,4,24,6,12,24,171,64,1,0,11
2812,4,60,0,0,8,3,8,15,110,66,0,0,0
2812,5,60,0,4,24,9,12,24,171,64,1,0,9
2812,6,60,0,4,20,0,12,21,141,61,0,0,0
2812,7,60,0,4,24,0,12,24,180,64,1,0,11
2813,0,60,0,0,0,13,18,27,111,111,0,0,0
2814,0,60,0,0,0,12,12,19,97,97,1,0,13
2814,1,60,0,8,28,18,16,28,163,72,0,0,0
2814,2,60,0,8,24,9,16,25,132,69,1,0,13
2814,3,60,0,8,28,9,16,28,171,72,0,0,0
2814,4,60,0,8,24,9,16,25,137,69,1,0,6
2814,5,60,0,8,28,9,16,28,180,72,0,0,0
2814,6,60,0,8,24,0,16,25,141,69,1,0,13
2814,7,60,0,8,28,0,16,28,180,72,0,0,0
2815,0,60,0,0,0,7,7,13,84,84,1,0,19
2815,1,60,0,4,24,15,12,24,158,68,0,0,0
2815,2,60,0,4,20,6,12,21,132,65,0,0,0
2815,3,60,0,4,24,6,12,24,171,68,1,0,8
2815,4,60,0,0,8,3,8,15,110,70,0,0,0
2815,5,60,0,4,24,9,12,24,171,68,1,0,7
2815,6,60,0,4,20,0,12,21,141,65,0,0,0
2815,7,60,0,4,24,0,12,24,180,68,1,0,11
2816,0,60,0,0,0,10,0,40,64,64,0,0,0
2817,0,60,0,0,0,10,0,40,77,77,1,0,5
2818,0,60,0,0,0,12,0,42,84,84,0,0,0
2819,0,60,0,0,0,10,0,40,64,64,1,0,10
2820,0,60,0,0,0,11,0,40,64,64,0,0,0
2821,0,60,0,0,0,12,2,42,77,77,1,0,1
2822,0,60,0,0,0,12,0,42,84,84,0,0,0
2823,0,60,0,0,0,11,0,40,64,64,1,0,7
2824,0,60,0,0,0,4,1,21,64,64,0,0,0
2824,1,60,0,0,9,8,3,29,132,61,1,0,12
2824,4,60,0,0,3,4,1,23,98,54,0,0,0
2824,5,60,0,0,9,6,3,29,141,61,1,0,9
2825,0,60,0,0,0,8,4,26,77,77,0,0,0
2825,1,60,0,0,12,10,6,32,132,69,0,0,0
2825,4,60,0,0,12,10,6,32,132,69,1,0,13
2825,5,60,0,0,12,6,6,32,141,69,0,0,0
2826,0,60,0,0,0,16,0,34,84,84,1,0,10
2827,0,60,0,0,0,4,1,21,64,64,0,0,0
2827,1,60,0,0,9,8,3,29,132,65,1,0,10
2827,4,60,0,0,3,4,1,23,98,58,0,0,0
2827,5,60,0,0,9,6,3,29,141,65,1,0,5
2828,0,60,0,0,0,4,2,22,64,64,0,0,0
2828,1,60,0,0,9,9,3,29,132,61,1,0,5
2828,4,60,0,0,6,1,3,25,98,54,0,0,0
2828,5,60,0,0,9,3,3,29,141,61,1,0,5
2829,0,60,0,0,0,8,12,34,77,77,0,0,0
2830,0,60,0,0,0,12,4,38,84,84,1,0,4
2831,0,60,0,0,0,4,2,22,64,64,0,0,0
2831,1,60,0,0,9,9,3,29,132,65,1,0,9
2831,4,60,0,0,6,1,3,25,98,58,0,0,0
2831,5,60,0,0,9,3,3,29,141,65,0,0,0
2832,0,60,0,0,0,11,0,41,84,84,1,0,1
2833,0,60,0,0,0,11,0,41,97,97,0,0,0
2834,0,60,0,0,0,13,0,43,111,111,1,0,13
2835,0,60,0,0,0,11,0,41,84,84,0,0,0
2836,0,60,0,0,0,12,0,41,84,84,1,0,10
2837,0,60,0,0,0,13,2,43,97,97,0,0,0
2838,0,60,0,0,0,13,0,43,111,111,1,0,16
2839,0,60,0,0,0,12,0,41,84,84,0,0,0
2840,0,60,0,0,0,4,1,21,84,84,1,0,1
2840,1,60,0,0,9,8,3,29,132,61,0,0,0
2840,4,60,0,0,3,4,1,23,110,66,1,0,3
2840,5,60,0,0,9,6,3,29,141,61,0,0,0
2841,0,60,0,0,0,8,4,26,97,97,1,0,13
2841,1,60,0,0,12,10,6,32,132,69,0,0,0
2841,4,60,0,0,12,10,6,32,137,69,1,0,7
2841,5,60,0,0,12,6,6,32,141,69,0,0,0
2842,0,60,0,0,0,16,0,34,111,111,1,0,1
2843,0,60,0,0,0,4,1,21,84,84,0,0,0
2843,1,60,0,0,9,8,3,29,132,65,0,0,0
2843,4,60,0,0,3,4,1,23,110,70,1,0,3
2843,5,60,0,0,9,6,3,29,141,65,0,0,0
2844,0,60,0,0,0,4,2,22,84,84,1,0,8
2844,1,60,0,0,9,9,3,29,132,61,0,0,0
2844,4,60,0,0,6,1,3,25,110,66,1,0,12
2844,5,60,0,0,9,3,3,29,141,61,0,0,0
2845,0,60,0,0,0,9,13,35,97,97,1,0,1
2846,0,60,0,0,0,13,5,39,111,111,0,0,0
2847,0,60,0,0,0,4,2,22,84,84,1,0,7
2847,1,60,0,0,9,9,3,29,132,65,0,0,0
2847,4,60,0,0,6,1,3,25,110,70,1,0,6
2847,5,60,0,0,9,3,3,29,141,65,0,0,0
2848,0,60,0,0,0,10,0,40,64,64,1,0,10
2849,0,60,0,0,0,10,0,40,77,77,0,0,0
2850,0,60,0,0,0,12,0,42,84,84,1,0,1
2851,0,60,0,0,0,10,0,40,64,64,0,0,0
2852,0,60,0,0,0,11,0,40,64,64,1,0,4
2853,0,60,0,0,0,12,2,42,77,77,0,0,0
2854,0,60,0,0,0,12,0,42,84,84,0,0,0
2855,0,60,0,0,0,11,0,40,64,64,1,0,4
2856,0,60,0,0,0,4,1,21,64,64,0,0,0
2856,1,60,0,0,9,8,3,29,132,61,1,0,7
2856,4,60,0,0,3,4,1,23,98,54,0,0,0
2856,5,60,0,0,9,6,3,29,141,61,1,0,5
2857,0,60,0,0,0,8,4,26,77,77,0,0,0
2857,1,60,0,0,12,10,6,32,132,69,1,0,5
2857,4,60,0,0,12,10,6,32,132,69,0,0,0
2857,5,60,0,0,12,6,6,32,141,69,1,0,8
2858,0,60,0,0,0,16,0,34,84,84,0,0,0
2859,0,60,0,0,0,4,1,21,64,64,1,0,10
2859,1,60,0,0,9,8,3,29,132,65,0,0,0
2859,4,60,0,0,3,4,1,23,98,58,1,0,5
2859,5,60,0,0,9,6,3,29,141,65,0,0,0
2860,0,60,0,0,0,4,2,22,64,64,1,0,10
2860,1,60,0,0,9,9,3,29,132,61,0,0,0
2860,4,60,0,0,6,1,3,25,98,54,0,0,0
2860,5,60,0,0,9,3,3,29,141,61,1,0,9
2861,0,60,0,0,0,8,12,34,77,77,0,0,0
2862,0,60,0,0,0,12,4,38,84,84,1,0,5
2863,0,60,0,0,0,4,2,22,64,64,0,0,0
2863,1,60,0,0,9,9,3,29,132,65,1,0,10
2863,4,60,0,0,6,1,3,25,98,58,0,0,0
2863,5,60,0,0,9,3,3,29,141,65,1,0,5
2864,0,60,0,0,0,11,0,41,77,77,0,0,0
2865,0,60,0,0,0,11,0,41,97,97,1,0,4
2866,0,60,0,0,0,13,0,43,97,97,0,0,0
2867,0,60,0,0,0,11,0,41,77,77,1,0,10
2868,0,60,0,0,0,12,0,41,77,77,0,0,0
2869,0,60,0,0,0,13,2,43,97,97,1,0,1
2870,0,60,0,0,0,13,0,43,97,97,0,0,0
2871,0,60,0,0,0,12,0,41,77,77,1,0,4
2872,0,60,0,0,0,4,1,21,77,77,0,0,0
2872,1,60,0,0,9,8,3,29,137,61,1,0,12
2872,4,60,0,0,3,4,1,23,98,54,0,0,0
2872,5,60,0,0,9,6,3,29,141,61,0,0,0
2873,0,60,0,0,0,8,4,26,97,97,1,0,13
2873,1,60,0,0,12,10,6,32,137,69,0,0,0
2873,4,60,0,0,12,10,6,32,132,69,1,0,9
2873,5,60,0,0,12,6,6,32,141,69,0,0,0
2874,0,60,0,0,0,16,0,34,97,97,1,0,10
2875,0,60,0,0,0,4,1,21,77,77,0,0,0
2875,1,60,0,0,9,8,3,29,137,65,1,0,8
2875,4,60,0,0,3,4,1,23,98,58,0,0,0
2875,5,60,0,0,9,6,3,29,141,65,1,0,5
2876,0,60,0,0,0,4,2,22,77,77,0,0,0
2876,1,60,0,0,9,9,3,29,137,61,1,0,6
2876,4,60,0,0,6,1,3,25,98,54,0,0,0
2876,5,60,0,0,9,3,3,29,141,61,1,0,9
2877,0,60,0,0,0,9,13,35,97,97,0,0,0
2878,0,60,0,0,0,13,5,39,97,97,1,0,16
2879,0,60,0,0,0,4,2,22,77,77,0,0,0
2879,1,60,0,0,9,9,3,29,137,65,0,0,0
2879,4,60,0,0,6,1,3,25,98,58,1,0,6
2879,5,60,0,0,9,3,3,29,141,65,0,0,0
2880,0,60,0,0,0,10,0,40,64,64,1,0,1
2881,0,60,0,0,0,10,0,40,77,77,0,0,0
2882,0,60,0,0,0,12,0,42,84,84,1,0,7
2883,0,60,0,0,0,10,0,40,64,64,0,0,0
2884,0,60,0,0,0,11,0,40,64,64,1,0,5
2885,0,60,0,0,0,12,2,42,77,77,0,0,0
2886,0,60,0,0,0,13,0,42,84,84,1,0,13
2887,0,60,0,0,0,11,0,40,64,64,0,0,0
2888,0,60,0,0,0,4,1,21,64,64,1,0,1
2888,1,60,0,0,9,8,3,29,132,61,0,0,0
2888,4,60,0,0,3,4,1,23,98,54,1,0,4
2888,5,60,0,0,9,6,3,29,141,61,0,0,0
2889,0,60,0,0,0,8,4,26,77,77,1,0,4
2889,1,60,0,0,12,10,6,32,132,69,0,0,0
2889,4,60,0,0,12,10,6,32,132,69,1,0,9
2889,5,60,0,0,12,6,6,32,141,69,0,0,0
2890,0,60,0,0,0,17,0,34,84,84,0,0,0
2891,0,60,0,0,0,4,1,21,64,64,1,0,1
2891,1,60,0,0,9,8,3,29,132,65,0,0,0
2891,4,60,0,0,3,4,1,23,98,58,1,0,3
2891,5,60,0,0,9,6,3,29,141,65,0,0,0
2892,0,60,0,0,0,5,2,22,64,64,1,0,4
2892,1,60,0,0,9,10,3,29,132,61,0,0,0
2892,4,60,0,0,6,4,3,25,98,54,1,0,9
2892,5,60,0,0,9,6,3,29,141,61,0,0,0
2893,0,60,0,0,0,9,12,34,77,77,1,0,1
2894,0,60,0,0,0,18,2,36,84,84,0,0,0
2895,0,60,0,0,0,5,2,22,64,64,1,0,7
2895,1,60,0,0,9,10,3,29,132,65,0,0,0
2895,4,60,0,0,6,4,3,25,98,58,1,0,10
2895,5,60,0,0,9,6,3,29,141,65,0,0,0
2896,0,60,0,0,0,10,0,41,84,84,1,0,13
2897,0,60,0,0,0,10,0,41,97,97,0,0,0
2898,0,60,0,0,0,12,0,43,111,111,0,0,0
2899,0,60,0,0,0,10,0,41,84,84,1,0,1
2900,0,60,0,0,0,11,0,41,84,84,0,0,0
2901,0,60,0,0,0,12,2,43,97,97,1,0,10
2902,0,60,0,0,0,13,0,43,111,111,0,0,0
2903,0,60,0,0,0,11,0,41,84,84,1,0,10
2904,0,60,0,0,0,4,2,22,84,84,0,0,0
2904,1,60,0,0,9,8,4,30,132,61,1,0,5
2904,4,60,0,0,3,4,2,24,110,66,0,0,0
2904,5,60,0,0,9,6,4,30,141,61,1,0,5
2905,0,60,0,0,0,8,5,27,97,97,0,0,0
2905,1,60,0,0,12,10,7,33,132,69,1,0,5
2905,4,60,0,0,12,10,7,33,137,69,0,0,0
2905,5,60,0,0,12,6,7,33,141,69,1,0,9
2906,0,60,0,0,0,19,3,37,111,111,0,0,0
2907,0,60,0,0,0,4,2,22,84,84,1,0,11
2907,1,60,0,0,9,8,4,30,132,65,0,0,0
2907,4,60,0,0,3,4,2,24,110,70,1,0,16
2907,5,60,0,0,9,6,4,30,141,65,0,0,0
2908,0,60,0,0,0,5,3,23,84,84,0,0,0
2908,1,60,0,0,9,10,4,30,132,61,1,0,6
2908,4,60,0,0,6,4,4,26,110,66,0,0,0
2908,5,60,0,0,9,6,4,30,141,61,1,0,10
2909,0,60,0,0,0,9,13,35,97,97,0,0,0
2910,0,60,0,0,0,20,5,39,111,111,1,0,10
2911,0,60,0,0,0,5,3,23,84,84,0,0,0
2911,1,60,0,0,9,10,4,30,132,65,1,0,5
2911,4,60,0,0,6,4,4,26,110,70,0,0,0
2911,5,60,0,0,9,6,4,30,141,65,1,0,5
2912,0,60,0,0,0,10,0,40,64,64,0,0,0
2913,0,60,0,0,0,10,0,40,77,77,1,0,13
2914,0,60,0,0,0,12,0,42,84,84,0,0,0
2915,0,60,0,0,0,10,0,40,64,64,1,0,10
2916,0,60,0,0,0,11,0,40,64,64,0,0,0
2917,0,60,0,0,0,12,2,42,77,77,1,0,1
2918,0,60,0,0,0,13,0,42,84,84,0,0,0
2919,0,60,0,0,0,11,0,40,64,64,1,0,7
2920,0,60,0,0,0,4,1,21,64,64,0,0,0
2920,1,60,0,0,9,8,3,29,132,61,0,0,0
2920,4,60,0,0,3,4,1,23,98,54,1,0,6
2920,5,60,0,0,9,6,3,29,141,61,0,0,0
2921,0,60,0,0,0,8,4,26,77,77,1,0,7
2921,1,60,0,0,12,10,6,32,132,69,0,0,0
2921,4,60,0,0,12,10,6,32,132,69,1,0,5
2921,5,60,0,0,12,6,6,32,141,69,0,0,0
2922,0,60,0,0,0,17,0,34,84,84,1,0,10
2923,0,60,0,0,0,4,1,21,64,64,0,0,0
2923,1,60,0,0,9,8,3,29,132,65,1,0,8
2923,4,60,0,0,3,4,1,23,98,58,0,0,0
2923,5,60,0,0,9,6,3,29,141,65,1,0,6
2924,0,60,0,0,0,5,2,22,64,64,0,0,0
2924,1,60,0,0,9,10,3,29,132,61,1,0,9
2924,4,60,0,0,6,4,3,25,98,54,0,0,0
2924,5,60,0,0,9,6,3,29,141,61,1,0,12
2925,0,60,0,0,0,9,12,34,77,77,0,0,0
2926,0,60,0,0,0,18,2,36,84,84,0,0,0
2927,0,60,0,0,0,5,2,22,64,64,1,0,4
2927,1,60,0,0,9,10,3,29,132,65,0,0,0
2927,4,60,0,0,6,4,3,25,98,58,1,0,7
2927,5,60,0,0,9,6,3,29,141,65,0,0,0
2928,0,60,0,0,0,10,0,41,77,77,1,0,1
2929,0,60,0,0,0,10,0,41,97,97,0,0,0
2930,0,60,0,0,0,12,0,43,97,97,1,0,10
2931,0,60,0,0,0,10,0,41,77,77,0,0,0
2932,0,60,0,0,0,12,0,41,77,77,1,0,4
2933,0,60,0,0,0,13,2,43,97,97,0,0,0
2934,0,60,0,0,0,14,0,43,97,97,1,0,13
2935,0,60,0,0,0,12,0,41,77,77,0,0,0
2936,0,60,0,0,0,4,2,22,77,77,1,0,1
2936,1,60,0,0,9,8,4,30,137,61,0,0,0
2936,4,60,0,0,3,4,2,24,98,54,1,0,13
2936,5,60,0,0,9,6,4,30,141,61,0,0,0
2937,0,60,0,0,0,8,5,27,97,97,1,0,10
2937,1,60,0,0,12,10,7,33,137,69,0,0,0
2937,4,60,0,0,12,10,7,33,132,69,0,0,0
2937,5,60,0,0,12,6,7,33,141,69,1,0,13
2938,0,60,0,0,0,19,3,37,97,97,0,0,0
2939,0,60,0,0,0,4,2,22,77,77,1,0,1
2939,1,60,0,0,9,8,4,30,137,65,0,0,0
2939,4,60,0,0,3,4,2,24,98,58,1,0,3
2939,5,60,0,0,9,6,4,30,141,65,0,0,0
2940,0,60,0,0,0,5,2,22,77,77,1,0,8
2940,1,60,0,0,9,10,3,29,137,61,0,0,0
2940,4,60,0,0,6,4,3,25,98,54,1,0,9
2940,5,60,0,0,9,6,3,29,141,61,0,0,0
2941,0,60,0,0,0,10,13,35,97,97,1,0,1
2942,0,60,0,0,0,18,2,36,97,97,0,0,0
2943,0,60,0,0,0,5,2,22,77,77,1,0,7
2943,1,60,0,0,9,10,3,29,137,65,0,0,0
2943,4,60,0,0,6,4,3,25,98,58,1,0,16
2943,5,60,0,0,9,6,3,29,141,65,0,0,0
2944,0,60,0,0,0,11,0,28,64,64,0,0,0
2944,2,60,0,0,2,12,0,31,110,66,1,0,9
2945,0,60,0,0,0,11,0,28,77,77,0,0,0
2945,2,60,0,0,2,12,0,31,122,78,1,0,3
2946,0,60,0,0,0,11,0,28,84,84,0,0,0
2946,2,60,0,0,2,12,0,31,110,66,1,0,6
2947,0,60,0,0,0,11,0,28,64,64,0,0,0
2947,2,60,0,0,2,12,0,31,110,66,1,0,4
2948,0,60,0,0,0,12,0,28,64,64,0,0,0
2948,2,60,0,0,2,13,0,31,110,66,1,0,16
2949,0,60,0,0,0,13,2,30,77,77,0,0,0
2949,2,60,0,0,2,14,2,33,122,78,1,0,16
2950,0,60,0,0,0,13,2,30,84,84,0,0,0
2950,2,60,0,0,2,14,2,33,110,66,1,0,9
2951,0,60,0,0,0,12,0,28,64,64,0,0,0
2951,2,60,0,0,2,13,0,31,110,66,1,0,3
2952,0,60,0,0,0,1,1,5,64,64,0,0,0
2952,1,60,0,0,12,3,4,13,132,61,1,0,9
2952,2,60,0,0,4,1,1,8,110,66,0,0,0
2952,3,60,0,0,16,3,4,16,171,56,0,0,0
2952,4,60,0,0,4,0,1,7,98,54,1,0,3
2952,5,60,0,0,12,0,4,13,141,61,0,0,0
2952,6,60,0,0,8,0,1,10,141,53,1,0,5
2952,7,60,0,0,16,0,4,16,180,56,0,0,0
2953,0,60,0,0,0,4,4,9,77,77,1,0,5
2953,1,60,0,0,16,6,8,17,132,69,0,0,0
2953,2,60,0,0,4,4,4,12,122,78,1,0,15
2953,3,60,0,0,20,6,8,20,171,64,0,0,0
2953,4,60,0,0,16,6,8,17,132,69,1,0,5
2953,5,60,0,0,16,0,8,17,141,69,0,0,0
2953,6,60,0,0,20,6,8,20,171,64,1,0,11
2953,7,60,0,0,20,0,8,20,180,64,0,0,0
2954,0,60,0,0,0,4,3,9,84,84,1,0,5
2954,1,60,0,0,20,9,8,20,158,64,0,0,0
2954,2,60,0,0,4,2,3,10,110,66,1,0,15
2954,3,60,0,0,20,6,8,20,171,64,0,0,0
2954,4,60,0,0,12,3,5,14,132,61,0,0,0
2954,5,60,0,0,20,3,8,20,171,64,1,0,8
2954,6,60,0,0,12,0,5,14,141,61,0,0,0
2954,7,60,0,0,20,0,8,20,180,64,1,0,11
2955,0,60,0,0,0,1,1,5,64,64,0,0,0
2955,1,60,0,0,12,3,4,13,132,65,1,0,11
2955,2,60,0,0,4,1,1,8,110,66,0,0,0
2955,3,60,0,0,16,3,4,16,171,60,1,0,8
2955,4,60,0,0,4,0,1,7,98,58,0,0,0
2955,5,60,0,0,12,0,4,13,141,65,1,0,5
2955,6,60,0,0,8,0,1,10,141,57,0,0,0
2955,7,60,0,0,16,0,4,16,180,60,1,0,11
2956,0,60,0,0,0,3,4,8,64,64,0,0,0
2956,1,60,0,0,16,9,8,17,132,61,1,0,10
2956,2,60,0,0,4,3,4,11,110,66,0,0,0
2956,3,60,0,0,20,9,8,20,171,56,1,0,11
2956,4,60,0,0,12,0,8,14,98,54,0,0,0
2956,5,60,0,0,16,0,8,17,141,61,1,0,9
2956,6,60,0,0,16,0,8,17,141,53,0,0,0
2956,7,60,0,0,20,0,8,20,180,56,0,0,0
2957,0,60,0,0,0,9,17,22,77,77,1,0,10
2957,2,60,0,0,2,10,17,25,122,78,0,0,0
2958,0,60,0,0,0,9,16,22,84,84,1,0,5
2958,2,60,0,0,2,10,18,25,110,66,0,0,0
2959,0,60,0,0,0,3,4,8,64,64,1,0,11
2959,1,60,0,0,16,9,8,17,132,65,0,0,0
2959,2,60,0,0,4,3,4,11,110,66,1,0,3
2959,3,60,0,0,20,9,8,20,171,60,0,0,0
2959,4,60,0,0,12,0,8,14,98,58,1,0,3
2959,5,60,0,0,16,0,8,17,141,65,0,0,0
2959,6,60,0,0,16,0,8,17,141,57,1,0,9
2959,7,60,0,0,20,0,8,20,180,60,0,0,0
2960,0,60,0,0,0,16,0,34,84,84,1,0,10
2961,0,60,0,0,0,16,0,34,97,97,0,0,0
2962,0,60,0,0,0,16,0,34,111,111,1,0,1
2963,0,60,0,0,0,16,0,34,84,84,0,0,0
2964,0,60,0,0,0,17,0,34,84,84,1,0,4
2965,0,60,0,0,0,19,3,37,97,97,0,0,0
2966,0,60,0,0,0,19,3,37,111,111,0,0,0
2967,0,60,0,0,0,17,0,34,84,84,1,0,16
2968,0,60,0,0,0,4,3,9,84,84,0,0,0
2968,1,60,0,0,12,3,5,14,132,61,1,0,7
2968,2,60,0,0,20,9,8,20,158,64,0,0,0
2968,3,60,0,0,20,3,8,20,171,64,1,0,8
2968,4,60,0,0,4,2,3,10,110,66,0,0,0
2968,5,60,0,0,12,0,5,14,141,61,1,0,5
2968,6,60,0,0,20,6,8,20,171,64,0,0,0
2968,7,60,0,0,20,0,8,20,180,64,1,0,11
2969,0,60,0,0,0,8,7,14,97,97,0,0,0
2969,1,60,0,0,16,6,9,18,132,69,1,0,6
2969,2,60,0,0,24,12,12,24,163,72,0,0,0
2969,3,60,0,0,24,6,12,24,171,72,1,0,9
2969,4,60,0,0,16,6,9,18,137,69,0,0,0
2969,5,60,0,0,16,0,9,18,141,69,1,0,15
2969,6,60,0,0,24,6,12,24,180,72,0,0,0
2969,7,60,0,0,24,0,12,24,180,72,0,0,0
2970,0,60,0,0,0,12,9,18,111,111,1,0,16
2970,1,60,0,0,24,12,12,24,158,72,0,0,0
2970,2,60,0,0,24,12,12,24,158,72,1,0,7
2970,3,60,0,0,24,6,12,24,171,72,0,0,0
2970,4,60,0,0,24,12,12,24,158,72,1,0,11
2970,5,60,0,0,24,6,12,24,171,72,0,0,0
2970,6,60,0,0,24,6,12,24,171,72,1,0,8
2970,7,60,0,0,24,0,12,24,180,72,0,0,0
2971,0,60,0,0,0,4,3,9,84,84,1,0,5
2971,1,60,0,0,12,3,5,14,132,65,0,0,0
2971,2,60,0,0,20,9,8,20,158,68,1,0,11
2971,3,60,0,0,20,3,8,20,171,68,0,0,0
2971,4,60,0,0,4,2,3,10,110,70,1,0,7
2971,5,60,0,0,12,0,5,14,141,65,0,0,0
2971,6,60,0,0,20,6,8,20,171,68,1,0,9
2971,7,60,0,0,20,0,8,20,180,68,0,0,0
2972,0,60,0,0,0,7,7,13,84,84,1,0,19
2972,1,60,0,0,16,9,9,18,132,61,0,0,0
2972,2,60,0,0,24,12,12,24,158,64,0,0,0
2972,3,60,0,0,24,9,12,24,171,64,1,0,15
2972,4,60,0,0,12,1,9,16,110,66,0,0,0
2972,5,60,0,0,16,0,9,18,141,61,1,0,9
2972,6,60,0,0,24,3,12,24,171,64,0,0,0
2972,7,60,0,0,24,0,12,24,180,64,1,0,11
2973,0,60,0,0,0,11,18,25,97,97,0,0,0
2974,0,60,0,0,0,14,19,28,111,111,1,0,19
2975,0,60,0,0,0,7,7,13,84,84,0,0,0
2975,1,60,0,0,16,9,9,18,132,65,1,0,5
2975,2,60,0,0,24,12,12,24,158,68,0,0,0
2975,3,60,0,0,24,9,12,24,171,68,1,0,8
2975,4,60,0,0,12,1,9,16,110,70,0,0,0
2975,5,60,0,0,16,0,9,18,141,65,1,0,13
2975,6,60,0,0,24,3,12,24,171,68,0,0,0
2975,7,60,0,0,24,0,12,24,180,68,1,0,11
2976,0,60,0,0,0,11,0,28,64,64,0,0,0
2976,2,60,0,0,2,12,0,31,110,70,0,0,0
2977,0,60,0,0,0,11,0,28,77,77,1,0,7
2977,2,60,0,0,2,12,0,31,122,82,0,0,0
2978,0,60,0,0,0,11,0,28,84,84,1,0,1
2978,2,60,0,0,2,12,0,31,110,70,0,0,0
2979,0,60,0,0,0,11,0,28,64,64,1,0,4
2979,2,60,0,0,2,12,0,31,110,70,0,0,0
2980,0,60,0,0,0,12,0,28,64,64,1,0,4
2980,2,60,0,0,2,13,0,31,110,70,0,0,0
2981,0,60,0,0,0,13,2,30,77,77,1,0,10
2981,2,60,0,0,2,14,2,33,122,82,0,0,0
2982,0,60,0,0,0,13,2,30,84,84,1,0,1
2982,2,60,0,0,2,14,2,33,110,70,0,0,0
2983,0,60,0,0,0,12,0,28,64,64,1,0,7
2983,2,60,0,0,2,13,0,31,110,70,0,0,0
2984,0,60,0,0,0,1,1,5,64,64,1,0,7
2984,1,60,0,0,12,3,4,13,132,61,0,0,0
2984,2,60,0,0,4,1,1,8,110,70,1,0,15
2984,3,60,0,0,16,3,4,16,171,60,0,0,0
2984,4,60,0,0,4,0,1,7,98,54,0,0,0
2984,5,60,0,0,12,0,4,13,141,61,1,0,9
2984,6,60,0,0,8,0,1,10,141,57,0,0,0
2984,7,60,0,0,16,0,4,16,180,60,1,0,9
2985,0,60,0,0,0,4,4,9,77,77,0,0,0
2985,1,60,0,0,16,6,8,17,132,69,1,0,13
2985,2,60,0,0,4,4,4,12,122,82,0,0,0
2985,3,60,0,0,20,6,8,20,171,68,1,0,11
2985,4,60,0,0,16,6,8,17,132,69,0,0,0
2985,5,60,0,0,16,0,8,17,141,69,1,0,5
2985,6,60,0,0,20,6,8,20,171,68,0,0,0
2985,7,60,0,0,20,0,8,20,180,68,1,0,11
2986,0,60,0,0,0,4,3,9,84,84,0,0,0
2986,1,60,0,0,20,9,8,20,158,68,1,0,15
2986,2,60,0,0,4,2,3,10,110,70,0,0,0
2986,3,60,0,0,20,6,8,20,171,68,1,0,11
2986,4,60,0,0,12,3,5,14,132,65,0,0,0
2986,5,60,0,0,20,3,8,20,171,68,0,0,0
2986,6,60,0,0,12,0,5,14,141,65,1,0,5
2986,7,60,0,0,20,0,8,20,180,68,0,0,0
2987,0,60,0,0,0,1,1,5,64,64,1,0,7
2987,1,60,0,0,12,3,4,13,132,65,0,0,0
2987,2,60,0,0,4,1,1,8,110,70,1,0,3
2987,3,60,0,0,16,3,4,16,171,64,0,0,0
2987,4,60,0,0,4,0,1,7,98,58,1,0,9
2987,5,60,0,0,12,0,4,13,141,65,0,0,0
2987,6,60,0,0,8,0,1,10,141,61,1,0,7
2987,7,60,0,0,16,0,4,16,180,64,0,0,0
2988,0,60,0,0,0,3,4,8,64,64,1,0,5
2988,1,60,0,0,16,9,8,17,132,61,0,0,0
2988,2,60,0,0,4,3,4,11,110,70,1,0,3
2988,3,60,0,0,20,9,8,20,171,60,0,0,0
2988,4,60,0,0,12,0,8,14,98,54,1,0,13
2988,5,60,0,0,16,0,8,17,141,61,0,0,0
2988,6,60,0,0,16,0,8,17,141,57,1,0,9
2988,7,60,0,0,20,0,8,20,180,60,0,0,0
2989,0,60,0,0,0,9,17,22,77,77,0,0,0
2989,2,60,0,0,2,10,17,25,122,82,1,0,12
2990,0,60,0,0,0,9,16,22,84,84,0,0,0
2990,2,60,0,0,2,10,18,25,110,70,1,0,3
2991,0,60,0,0,0,3,4,8,64,64,0,0,0
2991,1,60,0,0,16,9,8,17,132,65,1,0,13
2991,2,60,0,0,4,3,4,11,110,70,0,0,0
2991,3,60,0,0,20,9,8,20,171,64,1,0,11
2991,4,60,0,0,12,0,8,14,98,58,0,0,0
2991,5,60,0,0,16,0,8,17,141,65,1,0,5
2991,6,60,0,0,16,0,8,17,141,61,0,0,0
2991,7,60,0,0,20,0,8,20,180,64,1,0,11
2992,0,60,0,0,0,20,0,38,77,77,0,0,0
2993,0,60,0,0,0,20,0,38,97,97,1,0,10
2994,0,60,0,0,0,20,0,38,97,97,0,0,0
2995,0,60,0,0,0,20,0,38,77,77,1,0,1
2996,0,60,0,0,0,22,0,38,77,77,0,0,0
2997,0,60,0,0,0,24,3,41,97,97,1,0,4
2998,0,60,0,0,0,24,3,41,97,97,0,0,0
2999,0,60,0,0,0,22,0,38,77,77,0,0,0
3000,0,60,0,0,0,2,2,7,77,77,1,0,11
3000,1,60,0,0,12,3,5,14,137,61,0,0,0
3000,2,60,0,0,12,3,5,14,137,61,1,0,11
3000,3,60,0,0,20,3,8,20,180,64,0,0,0
3000,4,60,0,0,4,0,2,8,98,54,1,0,3
3000,5,60,0,0,12,0,5,14,141,61,0,0,0
3000,6,60,0,0,12,0,5,14,141,61,1,0,9
3000,7,60,0,0,20,0,8,20,180,64,0,0,0
3001,0,60,0,0,0,8,7,14,97,97,1,0,19
3001,1,60,0,0,16,6,9,18,137,69,0,0,0
3001,2,60,0,0,24,12,12,24,163,72,1,0,8
3001,3,60,0,0,24,6,12,24,180,72,0,0,0
3001,4,60,0,0,16,6,9,18,132,69,1,0,5
3001,5,60,0,0,16,0,9,18,141,69,0,0,0
3001,6,60,0,0,24,6,12,24,171,72,1,0,9
3001,7,60,0,0,24,0,12,24,180,72,0,0,0
3002,0,60,0,0,0,8,7,14,97,97,0,0,0
3002,1,60,0,0,24,12,12,24,163,72,1,0,8
3002,2,60,0,0,16,6,9,18,137,69,0,0,0
3002,3,60,0,0,24,6,12,24,180,72,1,0,9
3002,4,60,0,0,16,6,9,18,132,69,0,0,0
3002,5,60,0,0,24,6,12,24,171,72,1,0,11
3002,6,60,0,0,16,0,9,18,141,69,0,0,0
3002,7,60,0,0,24,0,12,24,180,72,1,0,8
3003,0,60,0,0,0,2,2,7,77,77,0,0,0
3003,1,60,0,0,12,3,5,14,137,65,1,0,9
3003,2,60,0,0,12,3,5,14,137,65,0,0,0
3003,3,60,0,0,20,3,8,20,180,68,1,0,11
3003,4,60,0,0,4,0,2,8,98,58,0,0,0
3003,5,60,0,0,12,0,5,14,141,65,1,0,13
3003,6,60,0,0,12,0,5,14,141,65,0,0,0
3003,7,60,0,0,20,0,8,20,180,68,1,0,9
3004,0,60,0,0,0,6,6,11,77,77,0,0,0
3004,1,60,0,0,16,9,8,17,137,61,1,0,15
3004,2,60,0,0,16,9,8,17,137,61,0,0,0
3004,3,60,0,0,20,9,8,20,180,64,0,0,0
3004,4,60,0,0,12,0,8,14,98,54,1,0,9
3004,5,60,0,0,16,0,8,17,141,61,0,0,0
3004,6,60,0,0,16,0,8,17,141,61,1,0,5
3004,7,60,0,0,20,0,8,20,180,64,0,0,0
3005,0,60,0,0,0,16,22,29,97,97,1,0,19
3006,0,60,0,0,0,16,22,29,97,97,0,0,0
3007,0,60,0,0,0,6,6,11,77,77,1,0,13
3007,1,60,0,0,16,9,8,17,137,65,0,0,0
3007,2,60,0,0,16,9,8,17,137,65,1,0,15
3007,3,60,0,0,20,9,8,20,180,68,0,0,0
3007,4,60,0,0,12,0,8,14,98,58,1,0,4
3007,5,60,0,0,16,0,8,17,141,65,0,0,0
3007,6,60,0,0,16,0,8,17,141,65,1,0,13
3007,7,60,0,0,20,0,8,20,180,68,0,0,0
3008,0,60,0,0,0,9,0,28,64,64,1,0,5
3008,2,60,0,0,2,6,0,31,110,66,0,0,0
3009,0,60,0,0,0,9,0,28,77,77,0,0,0
3009,2,60,0,0,2,6,0,31,122,78,1,0,9
3010,0,60,0,0,0,9,0,28,84,84,0,0,0
3010,2,60,0,0,2,6,0,31,110,66,1,0,3
3011,0,60,0,0,0,9,0,28,64,64,0,0,0
3011,2,60,0,0,2,6,0,31,110,66,1,0,6
3012,0,60,0,0,0,11,0,28,64,64,0,0,0
3012,2,60,0,0,2,10,0,31,110,66,1,0,4
3013,0,60,0,0,0,12,2,30,77,77,0,0,0
3013,2,60,0,0,2,11,2,33,122,78,1,0,16
3014,0,60,0,0,0,11,0,28,84,84,0,0,0
3014,2,60,0,0,2,10,0,31,110,66,1,0,10
3015,0,60,0,0,0,11,0,28,64,64,0,0,0
3015,2,60,0,0,2,10,0,31,110,66,1,0,9
3016,0,60,0,0,0,1,3,7,64,64,0,0,0
3016,1,60,0,0,12,3,6,15,132,61,1,0,13
3016,2,60,0,0,12,1,9,16,110,66,0,0,0
3016,3,60,0,0,24,3,12,24,171,56,1,0,11
3016,4,60,0,0,4,0,3,9,98,54,0,0,0
3016,5,60,0,0,12,0,6,15,141,61,0,0,0
3016,6,60,0,0,16,0,9,18,141,53,1,0,5
3016,7,60,0,0,24,0,12,24,180,56,0,0,0
3017,0,60,0,0,0,4,6,11,77,77,1,0,11
3017,1,60,0,0,16,6,10,19,132,69,0,0,0
3017,2,60,0,0,12,4,12,20,122,78,1,0,3
3017,3,60,0,0,28,6,16,28,171,64,0,0,0
3017,4,60,0,0,16,6,10,19,132,69,1,0,5
3017,5,60,0,0,16,0,10,19,141,69,0,0,0
3017,6,60,0,0,28,6,16,28,171,64,1,0,11
3017,7,60,0,0,28,0,16,28,180,64,0,0,0
3018,0,60,0,0,0,7,7,13,84,84,1,0,13
3018,1,60,0,0,24,12,12,24,158,64,0,0,0
3018,2,60,0,0,12,1,9,16,110,66,1,0,3
3018,3,60,0,0,24,3,12,24,171,64,0,0,0
3018,4,60,0,0,16,9,9,18,132,61,1,0,13
3018,5,60,0,0,24,9,12,24,171,64,0,0,0
3018,6,60,0,0,16,0,9,18,141,61,0,0,0
3018,7,60,0,0,24,0,12,24,180,64,1,0,8
3019,0,60,0,0,0,1,3,7,64,64,0,0,0
3019,1,60,0,0,12,3,6,15,132,65,1,0,9
3019,2,60,0,0,12,1,9,16,110,66,0,0,0
3019,3,60,0,0,24,3,12,24,171,60,1,0,9
3019,4,60,0,0,4,0,3,9,98,58,0,0,0
3019,5,60,0,0,12,0,6,15,141,65,1,0,5
3019,6,60,0,0,16,0,9,18,141,57,0,0,0
3019,7,60,0,0,24,0,12,24,180,60,1,0,11
3020,0,60,0,0,0,2,3,7,64,64,0,0,0
3020,1,60,0,0,12,6,5,14,132,61,1,0,5
3020,2,60,0,0,8,2,6,13,110,66,0,0,0
3020,3,60,0,0,20,6,8,20,171,56,1,0,8
3020,4,60,0,0,8,0,5,11,98,54,0,0,0
3020,5,60,0,0,12,0,5,14,141,61,1,0,9
3020,6,60,0,0,16,0,8,17,141,53,0,0,0
3020,7,60,0,0,20,0,8,20,180,56,1,0,11
3021,0,60,0,0,0,7,15,20,77,77,0,0,0
3021,2,60,0,0,2,6,15,23,122,78,0,0,0
3022,0,60,0,0,0,7,7,13,84,84,1,0,11
3022,1,60,0,4,24,15,12,24,158,64,0,0,0
3022,2,60,0,0,8,3,8,15,110,66,1,0,3
3022,3,60,0,4,24,9,12,24,171,64,0,0,0
3022,4,60,0,4,20,6,12,21,132,61,1,0,11
3022,5,60,0,4,24,6,12,24,171,64,0,0,0
3022,6,60,0,4,20,0,12,21,141,61,1,0,9
3022,7,60,0,4,24,0,12,24,180,64,0,0,0
3023,0,60,0,0,0,2,3,7,64,64,1,0,7
3023,1,60,0,0,12,6,5,14,132,65,0,0,0
3023,2,60,0,0,8,2,6,13,110,66,1,0,13
3023,3,60,0,0,20,6,8,20,171,60,0,0,0
3023,4,60,0,0,8,0,5,11,98,58,1,0,13
3023,5,60,0,0,12,0,5,14,141,65,0,0,0
3023,6,60,0,0,16,0,8,17,141,57,1,0,15
3023,7,60,0,0,20,0,8,20,180,60,0,0,0
3024,0,60,0,0,0,12,5,39,84,84,1,0,4
3025,0,60,0,0,0,12,5,39,97,97,0,0,0
3026,0,60,0,0,0,14,7,41,111,111,0,0,0
3027,0,60,0,0,0,12,5,39,84,84,1,0,16
3028,0,60,0,0,0,14,5,39,84,84,0,0,0
3029,0,60,0,0,0,15,7,41,97,97,1,0,7
3030,0,60,0,0,0,16,7,41,111,111,0,0,0
3031,0,60,0,0,0,14,5,39,84,84,1,0,1
3032,0,60,0,0,0,5,13,19,84,84,0,0,0
3032,1,60,0,0,10,8,18,27,132,61,1,0,5
3032,4,60,0,0,3,5,14,21,110,66,0,0,0
3032,5,60,0,0,10,6,18,27,141,61,1,0,11
3033,0,60,0,0,0,9,17,24,97,97,0,0,0
3033,1,60,0,0,13,10,21,30,132,69,1,0,6
3033,4,60,0,0,13,11,21,30,137,69,0,0,0
3033,5,60,0,0,13,6,21,30,141,69,1,0,7
3034,0,60,0,0,0,14,19,28,111,111,0,0,0
3035,0,60,0,0,0,5,13,19,84,84,1,0,13
3035,1,60,0,0,10,8,18,27,132,65,0,0,0
3035,4,60,0,0,3,5,14,21,110,70,0,0,0
3035,5,60,0,0,10,6,18,27,141,65,1,0,12
3036,0,60,0,0,0,5,12,18,84,84,0,0,0
3036,1,60,0,0,9,10,16,25,132,61,1,0,5
3036,4,60,0,0,6,4,14,21,110,66,0,0,0
3036,5,60,0,0,9,6,16,25,141,61,1,0,15
3037,0,60,0,0,0,11,25,32,97,97,0,0,0
3038,0,60,0,0,0,13,18,27,111,111,1,0,16
3039,0,60,0,0,0,5,12,18,84,84,0,0,0
3039,1,60,0,0,9,10,16,25,132,65,1,0,9
3039,4,60,0,0,6,4,14,21,110,70,0,0,0
3039,5,60,0,0,9,6,16,25,141,65,1,0,5
3040,0,60,0,0,0,9,0,28,64,64,0,0,0
3040,2,60,0,0,2,6,0,31,110,70,1,0,3
3041,0,60,0,0,0,9,0,28,77,77,0,0,0
3041,2,60,0,0,2,6,0,31,122,82,1,0,6
3042,0,60,0,0,0,9,0,28,84,84,0,0,0
3042,2,60,0,0,2,6,0,31,110,70,1,0,3
3043,0,60,0,0,0,9,0,28,64,64,0,0,0
3043,2,60,0,0,2,6,0,31,110,70,0,0,0
3044,0,60,0,0,0,11,0,28,64,64,1,0,10
3044,2,60,0,0,2,10,0,31,110,70,0,0,0
3045,0,60,0,0,0,12,2,30,77,77,1,0,1
3045,2,60,0,0,2,11,2,33,122,82,0,0,0
3046,0,60,0,0,0,11,0,28,84,84,1,0,10
3046,2,60,0,0,2,10,0,31,110,70,0,0,0
3047,0,60,0,0,0,11,0,28,64,64,1,0,7
3047,2,60,0,0,2,10,0,31,110,70,0,0,0
3048,0,60,0,0,0,1,3,7,64,64,1,0,11
3048,1,60,0,0,12,3,6,15,132,61,0,0,0
3048,2,60,0,0,12,1,9,16,110,70,1,0,3
3048,3,60,0,0,24,3,12,24,171,60,0,0,0
3048,4,60,0,0,4,0,3,9,98,54,1,0,3
3048,5,60,0,0,12,0,6,15,141,61,0,0,0
3048,6,60,0,0,16,0,9,18,141,57,1,0,9
3048,7,60,0,0,24,0,12,24,180,60,0,0,0
3049,0,60,0,0,0,4,6,11,77,77,0,0,0
3049,1,60,0,0,16,6,10,19,132,69,1,0,6
3049,2,60,0,0,12,4,12,20,122,82,0,0,0
3049,3,60,0,0,28,6,16,28,171,68,1,0,7
3049,4,60,0,0,16,6,10,19,132,69,0,0,0
3049,5,60,0,0,16,0,10,19,141,69,1,0,9
3049,6,60,0,0,28,6,16,28,171,68,0,0,0
3049,7,60,0,0,28,0,16,28,180,68,1,0,8
3050,0,60,0,0,0,7,7,13,84,84,0,0,0
3050,1,60,0,0,24,12,12,24,158,68,1,0,9
3050,2,60,0,0,12,1,9,16,110,70,0,0,0
3050,3,60,0,0,24,3,12,24,171,68,1,0,11
3050,4,60,0,0,16,9,9,18,132,65,0,0,0
3050,5,60,0,0,24,9,12,24,171,68,1,0,8
3050,6,60,0,0,16,0,9,18,141,65,0,0,0
3050,7,60,0,0,24,0,12,24,180,68,1,0,9
3051,0,60,0,0,0,1,3,7,64,64,0,0,0
3051,1,60,0,0,12,3,6,15,132,65,1,0,15
3051,2,60,0,0,12,1,9,16,110,70,0,0,0
3051,3,60,0,0,24,3,12,24,171,64,0,0,0
3051,4,60,0,0,4,0,3,9,98,58,1,0,3
3051,5,60,0,0,12,0,6,15,141,65,0,0,0
3051,6,60,0,0,16,0,9,18,141,61,1,0,5
3051,7,60,0,0,24,0,12,24,180,64,0,0,0
3052,0,60,0,0,0,2,3,7,64,64,1,0,7
3052,1,60,0,0,12,6,5,14,132,61,0,0,0
3052,2,60,0,0,8,2,6,13,110,70,1,0,17
3052,3,60,0,0,20,6,8,20,171,60,0,0,0
3052,4,60,0,0,8,0,5,11,98,54,1,0,3
3052,5,60,0,0,12,0,5,14,141,61,0,0,0
3052,6,60,0,0,16,0,8,17,141,57,1,0,9
3052,7,60,0,0,20,0,8,20,180,60,0,0,0
3053,0,60,0,0,0,7,15,20,77,77,1,0,7
3053,2,60,0,0,2,6,15,23,122,82,0,0,0
3054,0,60,0,0,0,7,7,13,84,84,1,0,13
3054,1,60,0,4,24,15,12,24,158,68,0,0,0
3054,2,60,0,0,8,3,8,15,110,70,0,0,0
3054,3,60,0,4,24,9,12,24,171,68,1,0,8
3054,4,60,0,4,20,6,12,21,132,65,0,0,0
3054,5,60,0,4,24,6,12,24,171,68,1,0,11
3054,6,60,0,4,20,0,12,21,141,65,0,0,0
3054,7,60,0,4,24,0,12,24,180,68,1,0,11
3055,0,60,0,0,0,2,3,7,64,64,0,0,0
3055,1,60,0,0,12,6,5,14,132,65,1,0,5
3055,2,60,0,0,8,2,6,13,110,70,0,0,0
3055,3,60,0,0,20,6,8,20,171,64,1,0,9
3055,4,60,0,0,8,0,5,11,98,58,0,0,0
3055,5,60,0,0,12,0,5,14,141,65,1,0,5
3055,6,60,0,0,16,0,8,17,141,61,0,0,0
3055,7,60,0,0,20,0,8,20,180,64,1,0,8
3056,0,60,0,0,0,12,1,39,77,77,0,0,0
3057,0,60,0,0,0,12,1,39,97,97,1,0,10
3058,0,60,0,0,0,14,3,41,97,97,0,0,0
3059,0,60,0,0,0,12,1,39,77,77,1,0,1
3060,0,60,0,0,0,20,0,38,77,77,0,0,0
3061,0,60,0,0,0,22,3,41,97,97,0,0,0
3062,0,60,0,0,0,20,0,38,97,97,1,0,10
3063,0,60,0,0,0,20,0,38,77,77,0,0,0
3064,0,60,0,0,0,4,13,18,77,77,1,0,11
3064,1,60,0,0,9,8,17,26,137,61,0,0,0
3064,4,60,0,0,3,4,14,20,98,54,1,0,15
3064,5,60,0,0,9,6,17,26,141,61,0,0,0
3065,0,60,0,0,0,9,17,24,97,97,1,0,1
3065,1,60,0,0,13,11,21,30,137,69,0,0,0
3065,4,60,0,0,13,10,21,30,132,69,1,0,5
3065,5,60,0,0,13,6,21,30,141,69,0,0,0
3066,0,60,0,0,0,11,18,25,97,97,1,0,7
3067,0,60,0,0,0,4,13,18,77,77,0,0,0
3067,1,60,0,0,9,8,17,26,137,65,1,0,13
3067,4,60,0,0,3,4,14,20,98,58,0,0,0
3067,5,60,0,0,9,6,17,26,141,65,1,0,9
3068,0,60,0,0,0,4,5,10,77,77,0,0,0
3068,1,60,0,0,12,6,6,15,137,61,1,0,9
3068,2,60,0,4,20,6,12,21,137,61,0,0,0
3068,3,60,0,4,24,6,12,24,180,64,0,0,0
3068,4,60,0,0,8,0,6,12,98,54,1,0,9
3068,5,60,0,0,12,0,6,15,141,61,0,0,0
3068,6,60,0,4,20,0,12,21,141,61,1,0,11
3068,7,60,0,4,24,0,12,24,180,64,0,0,0
3069,0,60,0,0,0,13,20,27,97,97,1,0,1
3070,0,60,0,0,0,12,12,19,97,97,0,0,0
3070,1,60,0,8,28,18,16,28,163,72,1,0,15
3070,2,60,0,8,24,9,16,25,137,69,0,0,0
3070,3,60,0,8,28,9,16,28,180,72,1,0,11
3070,4,60,0,8,24,9,16,25,132,69,0,0,0
3070,5,60,0,8,28,9,16,28,171,72,1,0,8
3070,6,60,0,8,24,0,16,25,141,69,0,0,0
3070,7,60,0,8,28,0,16,28,180,72,1,0,9
3071,0,60,0,0,0,4,5,10,77,77,0,0,0
3071,1,60,0,0,12,6,6,15,137,65,1,0,9
3071,2,60,0,4,20,6,12,21,137,65,0,0,0
3071,3,60,0,4,24,6,12,24,180,68,0,0,0
3071,4,60,0,0,8,0,6,12,98,58,1,0,9
3071,5,60,0,0,12,0,6,15,141,65,0,0,0
3071,6,60,0,4,20,0,12,21,141,65,1,0,9
3071,7,60,0,4,24,0,12,24,180,68,0,0,0
3072,0,60,0,0,0,0,0,31,51,51,1,0,1
3072,1,60,0,0,2,0,0,34,98,54,0,0,0
3073,0,60,0,0,0,0,0,31,64,64,1,0,8
3073,1,60,0,0,2,0,0,34,98,54,0,0,0
3074,0,60,0,0,0,1,0,32,64,64,1,0,8
3074,1,60,0,0,2,1,0,35,110,66,0,0,0
3075,0,60,0,0,0,0,0,31,51,51,1,0,5
3075,1,60,0,0,2,0,0,34,98,54,0,0,0
3076,0,60,0,0,0,1,0,31,51,51,1,0,1
3076,1,60,0,0,2,2,0,34,98,54,0,0,0
3077,0,60,0,0,0,1,0,31,64,64,1,0,4
3077,1,60,0,0,2,2,0,34,98,54,0,0,0
3078,0,60,0,0,0,1,0,32,64,64,1,0,4
3078,1,60,0,0,2,2,0,35,110,66,0,0,0
3079,0,60,0,0,0,1,0,31,51,51,0,0,0
3079,1,60,0,0,2,2,0,34,98,54,1,0,3
3080,0,60,0,0,0,1,1,19,51,51,0,0,0
3080,1,60,0,0,6,1,3,25,98,54,1,0,10
3080,4,60,0,0,3,3,1,23,98,54,0,0,0
3080,5,60,0,0,9,3,3,29,141,53,1,0,9
3081,0,60,0,0,0,4,2,22,64,64,0,0,0
3081,1,60,0,0,6,1,3,25,98,54,1,0,6
3081,4,60,0,0,9,9,3,29,132,61,0,0,0
3081,5,60,0,0,9,3,3,29,141,61,1,0,5
3082,0,60,0,0,0,9,0,28,64,64,0,0,0
3082,1,60,0,0,2,6,0,31,110,66,1,0,3
3083,0,60,0,0,0,1,1,19,51,51,0,0,0
3083,1,60,0,0,6,1,3,25,98,54,1,0,9
3083,4,60,0,0,3,3,1,23,98,58,0,0,0
3083,5,60,0,0,9,3,3,29,141,57,1,0,12
3084,0,60,0,0,0,0,0,18,51,51,0,0,0
3084,1,60,0,0,3,0,0,22,98,54,0,0,0
3084,4,60,0,0,3,0,0,22,98,54,1,0,6
3084,5,60,0,0,6,0,0,26,141,53,0,0,0
3085,0,60,0,0,0,2,1,21,64,64,1,0,1
3085,1,60,0,0,3,0,1,23,98,54,0,0,0
3085,4,60,0,3,9,4,3,29,132,61,1,0,12
3085,5,60,0,3,9,0,3,29,141,61,0,0,0
3086,0,60,0,0,0,3,1,29,64,64,1,0,5
3086,1,60,0,0,2,4,1,32,110,66,0,0,0
3087,0,60,0,0,0,0,0,18,51,51,1,0,5
3087,1,60,0,0,3,0,0,22,98,54,0,0,0
3087,4,60,0,0,3,0,0,22,98,58,1,0,3
3087,5,60,0,0,6,0,0,26,141,57,0,0,0
3088,0,60,0,0,0,0,0,31,64,64,1,0,5
3088,1,60,0,0,2,0,0,34,98,54,0,0,0
3089,0,60,0,0,0,0,0,31,77,77,1,0,8
3089,1,60,0,0,2,0,0,34,98,54,0,0,0
3090,0,60,0,0,0,1,0,32,84,84,1,0,5
3090,1,60,0,0,2,1,0,35,110,66,0,0,0
3091,0,60,0,0,0,0,0,31,64,64,0,0,0
3091,1,60,0,0,2,0,0,34,98,54,1,0,3
3092,0,60,0,0,0,1,0,31,64,64,0,0,0
3092,1,60,0,0,2,2,0,34,98,54,1,0,10
3093,0,60,0,0,0,1,0,31,77,77,0,0,0
3093,1,60,0,0,2,2,0,34,98,54,1,0,13
3094,0,60,0,0,0,1,0,32,84,84,0,0,0
3094,1,60,0,0,2,2,0,35,110,66,1,0,3
3095,0,60,0,0,0,1,0,31,64,64,0,0,0
3095,1,60,0,0,2,2,0,34,98,54,1,0,3
3096,0,60,0,0,0,1,1,19,64,64,0,0,0
3096,1,60,0,0,6,1,3,25,98,54,1,0,7
3096,4,60,0,0,3,3,1,23,110,66,0,0,0
3096,5,60,0,0,9,3,3,29,141,53,1,0,8
3097,0,60,0,0,0,4,2,22,77,77,0,0,0
3097,1,60,0,0,6,1,3,25,98,54,1,0,3
3097,4,60,0,0,9,9,3,29,137,61,0,0,0
3097,5,60,0,0,9,3,3,29,141,61,0,0,0
3098,0,60,0,0,0,9,0,28,84,84,1,0,1
3098,1,60,0,0,2,6,0,31,110,66,0,0,0
3099,0,60,0,0,0,1,1,19,64,64,1,0,7
3099,1,60,0,0,6,1,3,25,98,54,0,0,0
3099,4,60,0,0,3,3,1,23,110,70,1,0,12
3099,5,60,0,0,9,3,3,29,141,57,0,0,0
3100,0,60,0,0,0,0,0,18,64,64,1,0,5
3100,1,60,0,0,3,0,0,22,98,54,0,0,0
3100,4,60,0,0,3,0,0,22,110,66,1,0,3
3100,5,60,0,0,6,0,0,26,141,53,0,0,0
3101,0,60,0,0,0,2,1,21,77,77,1,0,11
3101,1,60,0,0,3,0,1,23,98,54,0,0,0
3101,4,60,0,3,9,4,3,29,137,61,1,0,9
3101,5,60,0,3,9,0,3,29,141,61,0,0,0
3102,0,60,0,0,0,3,1,29,84,84,1,0,5
3102,1,60,0,0,2,4,1,32,110,66,0,0,0
3103,0,60,0,0,0,0,0,18,64,64,1,0,1
3103,1,60,0,0,3,0,0,22,98,54,0,0,0
3103,4,60,0,0,3,0,0,22,110,70,0,0,0
3103,5,60,0,0,6,0,0,26,141,57,1,0,6
3104,0,60,0,0,0,0,0,31,51,51,0,0,0
3104,1,60,0,0,2,0,0,34,98,54,1,0,10
3105,0,60,0,0,0,0,0,31,64,64,0,0,0
3105,1,60,0,0,2,0,0,34,98,54,1,0,10
3106,0,60,0,0,0,1,0,32,64,64,0,0,0
3106,1,60,0,0,2,1,0,35,110,66,1,0,3
3107,0,60,0,0,0,0,0,31,51,51,0,0,0
3107,1,60,0,0,2,0,0,34,98,54,1,0,6
3108,0,60,0,0,0,1,0,31,51,51,0,0,0
3108,1,60,0,0,2,2,0,34,98,54,1,0,9
3109,0,60,0,0,0,1,0,31,64,64,0,0,0
3109,1,60,0,0,2,2,0,34,98,54,1,0,3
3110,0,60,0,0,0,1,0,32,64,64,0,0,0
3110,1,60,0,0,2,2,0,35,110,66,1,0,3
3111,0,60,0,0,0,1,0,31,51,51,0,0,0
3111,1,60,0,0,2,2,0,34,98,54,1,0,9
3112,0,60,0,0,0,1,1,19,51,51,0,0,0
3112,1,60,0,0,6,1,3,25,98,54,0,0,0
3112,4,60,0,0,3,3,1,23,98,54,1,0,6
3112,5,60,0,0,9,3,3,29,141,53,0,0,0
3113,0,60,0,0,0,4,2,22,64,64,1,0,10
3113,1,60,0,0,6,1,3,25,98,54,0,0,0
3113,4,60,0,0,9,9,3,29,132,61,1,0,5
3113,5,60,0,0,9,3,3,29,141,61,0,0,0
3114,0,60,0,0,0,9,0,28,64,64,1,0,10
3114,1,60,0,0,2,6,0,31,110,66,0,0,0
3115,0,60,0,0,0,1,1,19,51,51,1,0,8
3115,1,60,0,0,6,1,3,25,98,54,0,0,0
3115,4,60,0,0,3,3,1,23,98,58,1,0,8
3115,5,60,0,0,9,3,3,29,141,57,0,0,0
3116,0,60,0,0,0,0,0,18,51,51,1,0,1
3116,1,60,0,0,3,0,0,22,98,54,0,0,0
3116,4,60,0,0,3,0,0,22,98,54,1,0,10
3116,5,60,0,0,6,0,0,26,141,53,0,0,0
3117,0,60,0,0,0,2,1,21,64,64,0,0,0
3117,1,60,0,0,3,0,1,23,98,54,1,0,7
3117,4,60,0,3,9,4,3,29,132,61,0,0,0
3117,5,60,0,3,9,0,3,29,141,61,1,0,9
3118,0,60,0,0,0,3,1,29,64,64,0,0,0
3118,1,60,0,0,2,4,1,32,110,66,1,0,16
3119,0,60,0,0,0,0,0,18,51,51,0,0,0
3119,1,60,0,0,3,0,0,22,98,54,1,0,9
3119,4,60,0,0,3,0,0,22,98,58,0,0,0
3119,5,60,0,0,6,0,0,26,141,57,1,0,8
3120,0,60,0,0,0,1,0,32,64,64,0,0,0
3120,1,60,0,0,2,1,0,35,110,66,1,0,3
3121,0,60,0,0,0,1,0,32,84,84,0,0,0
3121,1,60,0,0,2,1,0,35,110,66,1,0,3
3122,0,60,0,0,0,2,0,33,77,77,0,0,0
3122,1,60,0,0,2,2,0,36,122,78,1,0,6
3123,0,60,0,0,0,1,0,32,64,64,0,0,0
3123,1,60,0,0,2,1,0,35,110,66,1,0,9
3124,0,60,0,0,0,2,0,32,64,64,0,0,0
3124,1,60,0,0,2,3,0,35,110,66,0,0,0
3125,0,60,0,0,0,2,0,32,84,84,1,0,5
3125,1,60,0,0,2,3,0,35,110,66,0,0,0
3126,0,60,0,0,0,2,0,33,77,77,1,0,1
3126,1,60,0,0,2,3,0,36,122,78,0,0,0
3127,0,60,0,0,0,2,0,32,64,64,1,0,4
3127,1,60,0,0,2,3,0,35,110,66,0,0,0
3128,0,60,0,0,0,1,1,19,64,64,1,0,8
3128,1,60,0,0,6,1,3,25,110,66,0,0,0
3128,4,60,0,0,3,3,1,23,98,54,1,0,7
3128,5,60,0,0,9,3,3,29,141,53,0,0,0
3129,0,60,0,0,0,4,2,22,84,84,1,0,1
3129,1,60,0,0,6,1,3,25,110,66,0,0,0
3129,4,60,0,0,9,9,3,29,132,61,1,0,9
3129,5,60,0,0,9,3,3,29,141,61,0,0,0
3130,0,60,0,0,0,9,0,28,77,77,1,0,14
3130,1,60,0,0,2,6,0,31,122,78,0,0,0
3131,0,60,0,0,0,1,1,19,64,64,0,0,0
3131,1,60,0,0,6,1,3,25,110,66,1,0,4
3131,4,60,0,0,3,3,1,23,98,58,0,0,0
3131,5,60,0,0,9,3,3,29,141,57,1,0,9
3132,0,60,0,0,0,0,0,18,64,64,0,0,0
3132,1,60,0,0,3,0,0,22,110,66,1,0,14
3132,4,60,0,0,3,0,0,22,98,54,0,0,0
3132,5,60,0,0,6,0,0,26,141,53,1,0,11
3133,0,60,0,0,0,2,1,21,84,84,0,0,0
3133,1,60,0,0,3,0,1,23,110,66,1,0,3
3133,4,60,0,3,9,4,3,29,132,61,0,0,0
3133,5,60,0,3,9,0,3,29,141,61,1,0,5
3134,0,60,0,0,0,4,2,30,77,77,0,0,0
3134,1,60,0,0,2,5,2,33,122,78,1,0,9
3135,0,60,0,0,0,0,0,18,64,64,0,0,0
3135,1,60,0,0,3,0,0,22,110,66,1,0,10
3135,4,60,0,0,3,0,0,22,98,58,0,0,0
3135,5,60,0,0,6,0,0,26,141,57,1,0,12
3136,0,60,0,0,0,1,0,31,51,51,0,0,0
3136,1,60,0,0,2,2,0,34,98,54,0,0,0
3137,0,60,0,0,0,1,0,31,64,64,1,0,1
3137,1,60,0,0,2,2,0,34,98,54,0,0,0
3138,0,60,0,0,0,2,0,32,64,64,1,0,7
3138,1,60,0,0,2,3,0,35,110,66,0,0,0
3139,0,60,0,0,0,1,0,31,51,51,1,0,4
3139,1,60,0,0,2,2,0,34,98,54,0,0,0
3140,0,60,0,0,0,2,0,31,51,51,1,0,5
3140,1,60,0,0,2,4,0,34,98,54,0,0,0
3141,0,60,0,0,0,2,0,31,64,64,1,0,1
3141,1,60,0,0,2,4,0,34,98,54,0,0,0
3142,0,60,0,0,0,3,0,32,64,64,1,0,7
3142,1,60,0,0,2,5,0,35,110,66,0,0,0
3143,0,60,0,0,0,2,0,31,51,51,1,0,4
3143,1,60,0,0,2,4,0,34,98,54,0,0,0
3144,0,60,0,0,0,2,1,19,51,51,1,0,5
3144,1,60,0,0,6,4,3,25,98,54,0,0,0
3144,4,60,0,0,3,4,1,23,98,54,0,0,0
3144,5,60,0,0,9,6,3,29,141,53,1,0,6
3145,0,60,0,0,0,5,2,22,64,64,0,0,0
3145,1,60,0,0,6,4,3,25,98,54,1,0,9
3145,4,60,0,0,9,10,3,29,132,61,0,0,0
3145,5,60,0,0,9,6,3,29,141,61,1,0,12
3146,0,60,0,0,0,11,0,28,64,64,0,0,0
3146,1,60,0,0,2,10,0,31,110,66,1,0,3
3147,0,60,0,0,0,2,1,19,51,51,0,0,0
3147,1,60,0,0,6,4,3,25,98,54,1,0,3
3147,4,60,0,0,3,4,1,23,98,58,0,0,0
3147,5,60,0,0,9,6,3,29,141,57,1,0,5
3148,0,60,0,0,0,2,0,18,51,51,0,0,0
3148,1,60,0,0,3,4,0,22,98,54,1,0,6
3148,4,60,0,0,3,4,0,22,98,54,0,0,0
3148,5,60,0,0,6,6,0,26,141,53,1,0,9
3149,0,60,0,0,0,4,1,21,64,64,0,0,0
3149,1,60,0,0,3,4,1,23,98,54,1,0,3
3149,4,60,0,3,9,8,3,29,132,61,0,0,0
3149,5,60,0,3,9,6,3,29,141,61,0,0,0
3150,0,60,0,0,0,11,0,28,64,64,1,0,10
3150,1,60,0,0,2,12,0,31,110,66,0,0,0
3151,0,60,0,0,0,2,0,18,51,51,1,0,4
3151,1,60,0,0,3,4,0,22,98,54,0,0,0
3151,4,60,0,0,3,4,0,22,98,58,1,0,9
3151,5,60,0,0,6,6,0,26,141,57,0,0,0
3152,0,60,0,0,0,1,0,31,64,64,1,0,1
3152,1,60,0,0,2,2,0,34,98,54,0,0,0
3153,0,60,0,0,0,1,0,31,77,77,1,0,8
3153,1,60,0,0,2,2,0,34,98,54,0,0,0
3154,0,60,0,0,0,2,0,32,84,84,1,0,7
3154,1,60,0,0,2,3,0,35,110,66,0,0,0
3155,0,60,0,0,0,1,0,31,64,64,1,0,5
3155,1,60,0,0,2,2,0,34,98,54,0,0,0
3156,0,60,0,0,0,2,0,31,64,64,1,0,1
3156,1,60,0,0,2,4,0,34,98,54,0,0,0
3157,0,60,0,0,0,2,0,31,77,77,1,0,4
3157,1,60,0,0,2,4,0,34,98,54,0,0,0
3158,0,60,0,0,0,3,0,32,84,84,0,0,0
3158,1,60,0,0,2,5,0,35,110,66,1,0,6
3159,0,60,0,0,0,2,0,31,64,64,0,0,0
3159,1,60,0,0,2,4,0,34,98,54,1,0,10
3160,0,60,0,0,0,2,1,19,64,64,0,0,0
3160,1,60,0,0,6,4,3,25,98,54,1,0,3
3160,4,60,0,0,3,4,1,23,110,66,0,0,0
3160,5,60,0,0,9,6,3,29,141,53,1,0,5
3161,0,60,0,0,0,5,2,22,77,77,0,0,0
3161,1,60,0,0,6,4,3,25,98,54,1,0,6
3161,4,60,0,0,9,10,3,29,137,61,0,0,0
3161,5,60,0,0,9,6,3,29,141,61,1,0,6
3162,0,60,0,0,0,11,0,28,84,84,0,0,0
3162,1,60,0,0,2,10,0,31,110,66,1,0,3
3163,0,60,0,0,0,2,1,19,64,64,0,0,0
3163,1,60,0,0,6,4,3,25,98,54,1,0,9
3163,4,60,0,0,3,4,1,23,110,70,0,0,0
3163,5,60,0,0,9,6,3,29,141,57,0,0,0
3164,0,60,0,0,0,2,0,18,64,64,1,0,7
3164,1,60,0,0,3,4,0,22,98,54,0,0,0
3164,4,60,0,0,3,4,0,22,110,66,1,0,9
3164,5,60,0,0,6,6,0,26,141,53,0,0,0
3165,0,60,0,0,0,4,1,21,77,77,1,0,1
3165,1,60,0,0,3,4,1,23,98,54,0,0,0
3165,4,60,0,3,9,8,3,29,137,61,1,0,5
3165,5,60,0,3,9,6,3,29,141,61,0,0,0
3166,0,60,0,0,0,11,0,28,84,84,1,0,4
3166,1,60,0,0,2,12,0,31,110,66,0,0,0
3167,0,60,0,0,0,2,0,18,64,64,1,0,5
3167,1,60,0,0,3,4,0,22,98,54,0,0,0
3167,4,60,0,0,3,4,0,22,110,70,1,0,7
3167,5,60,0,0,6,6,0,26,141,57,0,0,0
3168,0,60,0,0,0,1,0,31,51,51,1,0,8
3168,1,60,0,0,2,2,0,34,98,54,0,0,0
3169,0,60,0,0,0,1,0,31,64,64,1,0,4
3169,1,60,0,0,2,2,0,34,98,54,0,0,0
3170,0,60,0,0,0,2,0,32,64,64,0,0,0
3170,1,60,0,0,2,3,0,35,110,66,1,0,3
3171,0,60,0,0,0,1,0,31,51,51,0,0,0
3171,1,60,0,0,2,2,0,34,98,54,1,0,10
3172,0,60,0,0,0,2,0,31,51,51,0,0,0
3172,1,60,0,0,2,4,0,34,98,54,1,0,10
3173,0,60,0,0,0,2,0,31,64,64,0,0,0
3173,1,60,0,0,2,4,0,34,98,54,1,0,6
3174,0,60,0,0,0,3,0,32,64,64,0,0,0
3174,1,60,0,0,2,5,0,35,110,66,1,0,3
3175,0,60,0,0,0,2,0,31,51,51,0,0,0
3175,1,60,0,0,2,4,0,34,98,54,1,0,3
3176,0,60,0,0,0,2,1,19,51,51,0,0,0
3176,1,60,0,0,6,4,3,25,98,54,1,0,7
3176,4,60,0,0,3,4,1,23,98,54,0,0,0
3176,5,60,0,0,9,6,3,29,141,53,1,0,12
3177,0,60,0,0,0,5,2,22,64,64,0,0,0
3177,1,60,0,0,6,4,3,25,98,54,0,0,0
3177,4,60,0,0,9,10,3,29,132,61,1,0,6
3177,5,60,0,0,9,6,3,29,141,61,0,0,0
3178,0,60,0,0,0,11,0,28,64,64,1,0,1
3178,1,60,0,0,2,10,0,31,110,66,0,0,0
3179,0,60,0,0,0,2,1,19,51,51,1,0,7
3179,1,60,0,0,6,4,3,25,98,54,0,0,0
3179,4,60,0,0,3,4,1,23,98,58,1,0,9
3179,5,60,0,0,9,6,3,29,141,57,0,0,0
3180,0,60,0,0,0,2,0,18,51,51,1,0,5
3180,1,60,0,0,3,4,0,22,98,54,0,0,0
3180,4,60,0,0,3,4,0,22,98,54,1,0,3
3180,5,60,0,0,6,6,0,26,141,53,0,0,0
3181,0,60,0,0,0,4,1,21,64,64,1,0,8
3181,1,60,0,0,3,4,1,23,98,54,0,0,0
3181,4,60,0,3,9,8,3,29,132,61,1,0,8
3181,5,60,0,3,9,6,3,29,141,61,0,0,0
3182,0,60,0,0,0,11,0,28,64,64,1,0,5
3182,1,60,0,0,2,12,0,31,110,66,0,0,0
3183,0,60,0,0,0,2,0,18,51,51,0,0,0
3183,1,60,0,0,3,4,0,22,98,54,1,0,3
3183,4,60,0,0,3,4,0,22,98,58,0,0,0
3183,5,60,0,0,6,6,0,26,141,57,1,0,9
3184,0,60,0,0,0,1,0,32,64,64,0,0,0
3184,1,60,0,0,2,2,0,35,110,66,1,0,13
3185,0,60,0,0,0,1,0,32,84,84,0,0,0
3185,1,60,0,0,2,2,0,35,110,66,1,0,3
3186,0,60,0,0,0,2,0,33,77,77,0,0,0
3186,1,60,0,0,2,3,0,36,122,78,1,0,3
3187,0,60,0,0,0,1,0,32,64,64,0,0,0
3187,1,60,0,0,2,2,0,35,110,66,1,0,6
3188,0,60,0,0,0,3,0,32,64,64,0,0,0
3188,1,60,0,0,2,5,0,35,110,66,1,0,9
3189,0,60,0,0,0,3,0,32,84,84,0,0,0
3189,1,60,0,0,2,5,0,35,110,66,1,0,3
3190,0,60,0,0,0,4,0,33,77,77,0,0,0
3190,1,60,0,0,2,6,0,36,122,78,0,0,0
3191,0,60,0,0,0,3,0,32,64,64,1,0,1
3191,1,60,0,0,2,5,0,35,110,66,0,0,0
3192,0,60,0,0,0,2,2,20,64,64,1,0,5
3192,1,60,0,0,6,4,4,26,110,66,0,0,0
3192,4,60,0,0,3,4,2,24,98,54,1,0,6
3192,5,60,0,0,9,6,4,30,141,53,0,0,0
3193,0,60,0,0,0,5,3,23,84,84,1,0,5
3193,1,60,0,0,6,4,4,26,110,66,0,0,0
3193,4,60,0,0,9,10,4,30,132,61,1,0,5
3193,5,60,0,0,9,6,4,30,141,61,0,0,0
3194,0,60,0,0,0,12,2,30,77,77,1,0,14
3194,1,60,0,0,2,11,2,33,122,78,0,0,0
3195,0,60,0,0,0,2,2,20,64,64,1,0,7
3195,1,60,0,0,6,4,4,26,110,66,0,0,0
3195,4,60,0,0,3,4,2,24,98,58,1,0,9
3195,5,60,0,0,9,6,4,30,141,57,0,0,0
3196,0,60,0,0,0,2,0,18,64,64,1,0,1
3196,1,60,0,0,3,4,0,22,110,66,0,0,0
3196,4,60,0,0,3,4,0,22,98,54,0,0,0
3196,5,60,0,0,6,6,0,26,141,53,1,0,6
3197,0,60,0,0,0,4,1,21,84,84,0,0,0
3197,1,60,0,0,3,4,1,23,110,66,1,0,16
3197,4,60,0,3,9,8,3,29,132,61,0,0,0
3197,5,60,0,3,9,6,3,29,141,61,1,0,9
3198,0,60,0,0,0,11,0,28,77,77,0,0,0
3198,1,60,0,0,2,12,0,31,122,78,1,0,3
3199,0,60,0,0,0,2,0,18,64,64,0,0,0
3199,1,60,0,0,3,4,0,22,110,66,1,0,9
3199,4,60,0,0,3,4,0,22,98,58,0,0,0
3199,5,60,0,0,6,6,0,26,141,57,1,0,8
3200,0,60,0,0,0,1,1,19,51,51,0,0,0
3200,1,60,0,0,6,1,3,25,98,54,1,0,3
3200,2,60,0,0,3,3,1,23,98,54,0,0,0
3200,3,60,0,0,9,3,3,29,141,53,1,0,5
3201,0,60,0,0,0,1,1,19,64,64,0,0,0
3201,1,60,0,0,6,1,3,25,98,54,1,0,6
3201,2,60,0,0,3,3,1,23,110,66,0,0,0
3201,3,60,0,0,9,3,3,29,141,53,0,0,0
3202,0,60,0,0,0,1,1,19,64,64,1,0,5
3202,1,60,0,0,6,1,3,25,110,66,0,0,0
3202,2,60,0,0,3,3,1,23,98,54,1,0,9
3202,3,60,0,0,9,3,3,29,141,53,0,0,0
3203,0,60,0,0,0,1,1,19,51,51,1,0,1
3203,1,60,0,0,6,1,3,25,98,54,0,0,0
3203,2,60,0,0,3,3,1,23,98,54,1,0,6
3203,3,60,0,0,9,3,3,29,141,53,0,0,0
3204,0,60,0,0,0,2,1,19,51,51,1,0,7
3204,1,60,0,0,6,4,3,25,98,54,0,0,0
3204,2,60,0,0,3,4,1,23,98,54,1,0,7
3204,3,60,0,0,9,6,3,29,141,53,0,0,0
3205,0,60,0,0,0,2,1,19,64,64,1,0,1
3205,1,60,0,0,6,4,3,25,98,54,0,0,0
3205,2,60,0,0,3,4,1,23,110,66,1,0,6
3205,3,60,0,0,9,6,3,29,141,53,0,0,0
3206,0,60,0,0,0,2,2,20,64,64,0,0,0
3206,1,60,0,0,6,4,4,26,110,66,1,0,8
3206,2,60,0,0,3,4,2,24,98,54,0,0,0
3206,3,60,0,0,9,6,4,30,141,53,1,0,9
3207,0,60,0,0,0,2,1,19,51,51,0,0,0
3207,1,60,0,0,6,4,3,25,98,54,1,0,10
3207,2,60,0,0,3,4,1,23,98,54,0,0,0
3207,3,60,0,0,9,6,3,29,141,53,1,0,9
3208,0,60,0,0,0,0,2,5,51,51,0,0,0
3208,1,60,0,0,12,0,8,14,98,54,1,0,9
3208,2,60,0,0,4,0,2,8,98,54,0,0,0
3208,3,60,0,0,16,0,8,17,141,53,1,0,13
3208,4,60,0,0,4,0,2,8,98,54,0,0,0
3208,5,60,0,0,16,0,8,17,141,53,1,0,5
3208,6,60,0,0,8,0,2,11,141,53,0,0,0
3208,7,60,0,0,20,0,8,20,180,48,1,0,11
3209,0,60,0,0,0,3,4,8,64,64,0,0,0
3209,1,60,0,0,12,0,8,14,98,54,1,0,7
3209,2,60,0,0,4,3,4,11,110,66,0,0,0
3209,3,60,0,0,16,0,8,17,141,53,0,0,0
3209,4,60,0,0,16,9,8,17,132,61,1,0,9
3209,5,60,0,0,16,0,8,17,141,61,0,0,0
3209,6,60,0,0,20,9,8,20,171,56,1,0,11
3209,7,60,0,0,20,0,8,20,180,56,0,0,0
3210,0,60,0,0,0,1,3,7,64,64,1,0,11
3210,1,60,0,0,12,1,9,16,110,66,0,0,0
3210,2,60,0,0,4,0,3,9,98,54,1,0,3
3210,3,60,0,0,16,0,9,18,141,53,0,0,0
3210,4,60,0,0,12,3,6,15,132,61,1,0,13
3210,5,60,0,0,24,3,12,24,171,56,0,0,0
3210,6,60,0,0,12,0,6,15,141,61,1,0,6
3210,7,60,0,0,24,0,12,24,180,56,0,0,0
3211,0,60,0,0,0,0,2,5,51,51,1,0,7
3211,1,60,0,0,12,0,8,14,98,54,0,0,0
3211,2,60,0,0,4,0,2,8,98,54,1,0,3
3211,3,60,0,0,16,0,8,17,141,53,0,0,0
3211,4,60,0,0,4,0,2,8,98,58,0,0,0
3211,5,60,0,0,16,0,8,17,141,57,1,0,6
3211,6,60,0,0,8,0,2,11,141,57,0,0,0
3211,7,60,0,0,20,0,8,20,180,52,1,0,11
3212,0,60,0,0,0,0,2,5,51,51,0,0,0
3212,1,60,0,0,8,0,5,11,98,54,1,0,15
3212,2,60,0,0,4,0,2,8,98,54,0,0,0
3212,3,60,0,0,12,0,5,14,141,53,1,0,6
3212,4,60,0,0,8,0,5,11,98,54,0,0,0
3212,5,60,0,0,16,0,8,17,141,53,1,0,5
3212,6,60,0,0,12,0,5,14,141,53,0,0,0
3212,7,60,0,0,20,0,8,20,180,48,1,0,11
3213,0,60,0,0,0,2,4,8,64,64,0,0,0
3213,1,60,0,0,8,0,6,12,98,54,1,0,6
3213,2,60,0,0,4,2,4,11,110,66,0,0,0
3213,3,60,0,0,12,0,6,15,141,53,1,0,5
3213,4,60,0,4,20,6,12,21,132,61,0,0,0
3213,5,60,0,4,20,0,12,21,141,61,1,0,9
3213,6,60,0,4,24,6,12,24,171,56,0,0,0
3213,7,60,0,4,24,0,12,24,180,56,0,0,0
3214,0,60,0,0,0,2,11,15,64,64,1,0,1
3214,1,60,0,0,6,4,14,21,110,66,0,0,0
3214,2,60,0,0,3,4,13,19,98,54,1,0,9
3214,3,60,0,0,9,6,16,25,141,53,0,0,0
3215,0,60,0,0,0,0,2,5,51,51,1,0,5
3215,1,60,0,0,8,0,5,11,98,54,0,0,0
3215,2,60,0,0,4,0,2,8,98,54,1,0,7
3215,3,60,0,0,12,0,5,14,141,53,0,0,0
3215,4,60,0,0,8,0,5,11,98,58,1,0,3
3215,5,60,0,0,16,0,8,17,141,57,0,0,0
3215,6,60,0,0,12,0,5,14,141,57,1,0,9
3215,7,60,0,0,20,0,8,20,180,52,0,0,0
3216,0,60,0,0,0,4,2,22,64,64,1,0,11
3216,1,60,0,0,6,1,3,25,98,54,0,0,0
3216,2,60,0,0,9,9,3,29,132,61,1,0,5
3216,3,60,0,0,9,3,3,29,141,61,0,0,0
3217,0,60,0,0,0,4,2,22,77,77,0,0,0
3217,1,60,0,0,6,1,3,25,98,54,1,0,4
3217,2,60,0,0,9,9,3,29,137,61,0,0,0
3217,3,60,0,0,9,3,3,29,141,61,1,0,12
3218,0,60,0,0,0,4,2,22,84,84,0,0,0
3218,1,60,0,0,6,1,3,25,110,66,1,0,13
3218,2,60,0,0,9,9,3,29,132,61,0,0,0
3218,3,60,0,0,9,3,3,29,141,61,1,0,6
3219,0,60,0,0,0,4,2,22,64,64,0,0,0
3219,1,60,0,0,6,1,3,25,98,54,1,0,3
3219,2,60,0,0,9,9,3,29,132,61,0,0,0
3219,3,60,0,0,9,3,3,29,141,61,1,0,12
3220,0,60,0,0,0,5,2,22,64,64,0,0,0
3220,1,60,0,0,6,4,3,25,98,54,1,0,9
3220,2,60,0,0,9,10,3,29,132,61,0,0,0
3220,3,60,0,0,9,6,3,29,141,61,1,0,5
3221,0,60,0,0,0,5,2,22,77,77,0,0,0
3221,1,60,0,0,6,4,3,25,98,54,1,0,3
3221,2,60,0,0,9,10,3,29,137,61,0,0,0
3221,3,60,0,0,9,6,3,29,141,61,0,0,0
3222,0,60,0,0,0,5,3,23,84,84,1,0,13
3222,1,60,0,0,6,4,4,26,110,66,0,0,0
3222,2,60,0,0,9,10,4,30,132,61,1,0,9
3222,3,60,0,0,9,6,4,30,141,61,0,0,0
3223,0,60,0,0,0,5,2,22,64,64,1,0,10
3223,1,60,0,0,6,4,3,25,98,54,0,0,0
3223,2,60,0,0,9,10,3,29,132,61,1,0,9
3223,3,60,0,0,9,6,3,29,141,61,0,0,0
3224,0,60,0,0,0,3,4,8,64,64,1,0,5
3224,1,60,0,0,12,0,8,14,98,54,0,0,0
3224,2,60,0,0,16,9,8,17,132,61,1,0,11
3224,3,60,0,0,16,0,8,17,141,61,0,0,0
3224,4,60,0,0,4,3,4,11,110,66,1,0,7
3224,5,60,0,0,16,0,8,17,141,53,0,0,0
3224,6,60,0,0,20,9,8,20,171,56,1,0,11
3224,7,60,0,0,20,0,8,20,180,56,0,0,0
3225,0,60,0,0,0,6,6,11,77,77,1,0,7
3225,1,60,0,0,12,0,8,14,98,54,0,0,0
3225,2,60,0,0,16,9,8,17,137,61,0,0,0
3225,3,60,0,0,16,0,8,17,141,61,1,0,9
3225,4,60,0,0,16,9,8,17,137,61,0,0,0
3225,5,60,0,0,16,0,8,17,141,61,1,0,15
3225,6,60,0,0,20,9,8,20,180,64,0,0,0
3225,7,60,0,0,20,0,8,20,180,64,1,0,8
3226,0,60,0,0,0,7,7,13,84,84,0,0,0
3226,1,60,0,0,12,1,9,16,110,66,1,0,15
3226,2,60,0,0,16,9,9,18,132,61,0,0,0
3226,3,60,0,0,16,0,9,18,141,61,1,0,9
3226,4,60,0,0,24,12,12,24,158,64,0,0,0
3226,5,60,0,0,24,3,12,24,171,64,1,0,8
3226,6,60,0,0,24,9,12,24,171,64,0,0,0
3226,7,60,0,0,24,0,12,24,180,64,1,0,9
3227,0,60,0,0,0,3,4,8,64,64,0,0,0
3227,1,60,0,0,12,0,8,14,98,54,1,0,9
3227,2,60,0,0,16,9,8,17,132,61,0,0,0
3227,3,60,0,0,16,0,8,17,141,61,0,0,0
3227,4,60,0,0,4,3,4,11,110,70,1,0,12
3227,5,60,0,0,16,0,8,17,141,57,0,0,0
3227,6,60,0,0,20,9,8,20,171,60,1,0,11
3227,7,60,0,0,20,0,8,20,180,60,0,0,0
3228,0,60,0,0,0,2,3,7,64,64,1,0,1
3228,1,60,0,0,8,0,5,11,98,54,0,0,0
3228,2,60,0,0,12,6,5,14,132,61,1,0,10
3228,3,60,0,0,12,0,5,14,141,61,0,0,0
3228,4,60,0,0,8,2,6,13,110,66,1,0,7
3228,5,60,0,0,16,0,8,17,141,53,0,0,0
3228,6,60,0,0,20,6,8,20,171,56,1,0,11
3228,7,60,0,0,20,0,8,20,180,56,0,0,0
3229,0,60,0,0,0,4,5,10,77,77,1,0,1
3229,1,60,0,0,8,0,6,12,98,54,0,0,0
3229,2,60,0,0,12,6,6,15,137,61,1,0,9
3229,3,60,0,0,12,0,6,15,141,61,0,0,0
3229,4,60,0,4,20,6,12,21,137,61,1,0,15
3229,5,60,0,4,20,0,12,21,141,61,0,0,0
3229,6,60,0,4,24,6,12,24,180,64,0,0,0
3229,7,60,0,4,24,0,12,24,180,64,1,0,15
3230,0,60,0,0,0,5,12,18,84,84,0,0,0
3230,1,60,0,0,6,4,14,21,110,66,1,0,13
3230,2,60,0,0,9,10,16,25,132,61,0,0,0
3230,3,60,0,0,9,6,16,25,141,61,1,0,15
3231,0,60,0,0,0,2,3,7,64,64,0,0,0
3231,1,60,0,0,8,0,5,11,98,54,1,0,9
3231,2,60,0,0,12,6,5,14,132,61,0,0,0
3231,3,60,0,0,12,0,5,14,141,61,1,0,9
3231,4,60,0,0,8,2,6,13,110,70,0,0,0
3231,5,60,0,0,16,0,8,17,141,57,1,0,6
3231,6,60,0,0,20,6,8,20,171,60,0,0,0
3231,7,60,0,0,20,0,8,20,180,60,1,0,11
3232,0,60,0,0,0,1,1,19,51,51,0,0,0
3232,1,60,0,0,6,1,3,25,98,54,1,0,9
3232,2,60,0,0,3,3,1,23,98,58,0,0,0
3232,3,60,0,0,9,3,3,29,141,57,0,0,0
3233,0,60,0,0,0,1,1,19,64,64,1,0,4
3233,1,60,0,0,6,1,3,25,98,54,0,0,0
3233,2,60,0,0,3,3,1,23,110,70,1,0,3
3233,3,60,0,0,9,3,3,29,141,57,0,0,0
3234,0,60,0,0,0,1,1,19,64,64,1,0,10
3234,1,60,0,0,6,1,3,25,110,66,0,0,0
3234,2,60,0,0,3,3,1,23,98,58,1,0,4
3234,3,60,0,0,9,3,3,29,141,57,0,0,0
3235,0,60,0,0,0,1,1,19,51,51,1,0,5
3235,1,60,0,0,6,1,3,25,98,54,0,0,0
3235,2,60,0,0,3,3,1,23,98,58,1,0,10
3235,3,60,0,0,9,3,3,29,141,57,0,0,0
3236,0,60,0,0,0,2,1,19,51,51,1,0,5
3236,1,60,0,0,6,4,3,25,98,54,0,0,0
3236,2,60,0,0,3,4,1,23,98,58,1,0,3
3236,3,60,0,0,9,6,3,29,141,57,0,0,0
3237,0,60,0,0,0,2,1,19,64,64,1,0,5
3237,1,60,0,0,6,4,3,25,98,54,0,0,0
3237,2,60,0,0,3,4,1,23,110,70,0,0,0
3237,3,60,0,0,9,6,3,29,141,57,1,0,5
3238,0,60,0,0,0,2,2,20,64,64,0,0,0
3238,1,60,0,0,6,4,4,26,110,66,1,0,16
3238,2,60,0,0,3,4,2,24,98,58,0,0,0
3238,3,60,0,0,9,6,4,30,141,57,1,0,12
3239,0,60,0,0,0,2,1,19,51,51,0,0,0
3239,1,60,0,0,6,4,3,25,98,54,1,0,3
3239,2,60,0,0,3,4,1,23,98,58,0,0,0
3239,3,60,0,0,9,6,3,29,141,57,1,0,9
3240,0,60,0,0,0,0,2,5,51,51,0,0,0
3240,1,60,0,0,12,0,8,14,98,54,1,0,7
3240,2,60,0,0,4,0,2,8,98,58,0,0,0
3240,3,60,0,0,16,0,8,17,141,57,1,0,5
3240,4,60,0,0,4,0,2,8,98,54,0,0,0
3240,5,60,0,0,16,0,8,17,141,53,1,0,15
3240,6,60,0,0,8,0,2,11,141,57,0,0,0
3240,7,60,0,0,20,0,8,20,180,52,0,0,0
3241,0,60,0,0,0,3,4,8,64,64,1,0,1
3241,1,60,0,0,12,0,8,14,98,54,0,0,0
3241,2,60,0,0,4,3,4,11,110,70,1,0,13
3241,3,60,0,0,16,0,8,17,141,57,0,0,0
3241,4,60,0,0,16,9,8,17,132,61,1,0,15
3241,5,60,0,0,16,0,8,17,141,61,0,0,0
3241,6,60,0,0,20,9,8,20,171,60,1,0,8
3241,7,60,0,0,20,0,8,20,180,60,0,0,0
3242,0,60,0,0,0,1,3,7,64,64,1,0,1
3242,1,60,0,0,12,1,9,16,110,66,0,0,0
3242,2,60,0,0,4,0,3,9,98,58,1,0,17
3242,3,60,0,0,16,0,9,18,141,57,0,0,0
3242,4,60,0,0,12,3,6,15,132,65,1,0,6
3242,5,60,0,0,24,3,12,24,171,60,0,0,0
3242,6,60,0,0,12,0,6,15,141,65,1,0,11
3242,7,60,0,0,24,0,12,24,180,60,0,0,0
3243,0,60,0,0,0,0,2,5,51,51,1,0,1
3243,1,60,0,0,12,0,8,14,98,54,0,0,0
3243,2,60,0,0,4,0,2,8,98,58,0,0,0
3243,3,60,0,0,16,0,8,17,141,57,1,0,12
3243,4,60,0,0,4,0,2,8,98,58,0,0,0
3243,5,60,0,0,16,0,8,17,141,57,1,0,15
3243,6,60,0,0,8,0,2,11,141,61,0,0,0
3243,7,60,0,0,20,0,8,20,180,56,1,0,11
3244,0,60,0,0,0,0,2,5,51,51,0,0,0
3244,1,60,0,0,8,0,5,11,98,54,1,0,3
3244,2,60,0,0,4,0,2,8,98,58,0,0,0
3244,3,60,0,0,12,0,5,14,141,57,1,0,11
3244,4,60,0,0,8,0,5,11,98,54,0,0,0
3244,5,60,0,0,16,0,8,17,141,53,1,0,11
3244,6,60,0,0,12,0,5,14,141,57,0,0,0
3244,7,60,0,0,20,0,8,20,180,52,1,0,7
3245,0,60,0,0,0,2,4,8,64,64,0,0,0
3245,1,60,0,0,8,0,6,12,98,54,1,0,3
3245,2,60,0,0,4,2,4,11,110,70,0,0,0
3245,3,60,0,0,12,0,6,15,141,57,1,0,11
3245,4,60,0,4,20,6,12,21,132,61,0,0,0
3245,5,60,0,4,20,0,12,21,141,61,0,0,0
3245,6,60,0,4,24,6,12,24,171,60,1,0,11
3245,7,60,0,4,24,0,12,24,180,60,0,0,0
3246,0,60,0,0,0,2,11,15,64,64,1,0,13
3246,1,60,0,0,6,4,14,21,110,66,0,0,0
3246,2,60,0,0,3,4,13,19,98,58,1,0,4
3246,3,60,0,0,9,6,16,25,141,57,0,0,0
3247,0,60,0,0,0,0,2,5,51,51,1,0,7
3247,1,60,0,0,8,0,5,11,98,54,0,0,0
3247,2,60,0,0,4,0,2,8,98,58,1,0,11
3247,3,60,0,0,12,0,5,14,141,57,0,0,0
3247,4,60,0,0,8,0,5,11,98,58,1,0,8
3247,5,60,0,0,16,0,8,17,141,57,0,0,0
3247,6,60,0,0,12,0,5,14,141,61,1,0,7
3247,7,60,0,0,20,0,8,20,180,56,0,0,0
3248,0,60,0,0,0,9,0,28,64,64,1,0,10
3248,1,60,0,0,2,6,0,31,110,66,0,0,0
3249,0,60,0,0,0,9,0,28,84,84,0,0,0
3249,1,60,0,0,2,6,0,31,110,66,1,0,13
3250,0,60,0,0,0,9,0,28,77,77,0,0,0
3250,1,60,0,0,2,6,0,31,122,78,1,0,7
3251,0,60,0,0,0,9,0,28,64,64,0,0,0
3251,1,60,0,0,2,6,0,31,110,66,1,0,10
3252,0,60,0,0,0,11,0,28,64,64,0,0,0
3252,1,60,0,0,2,10,0,31,110,66,1,0,6
3253,0,60,0,0,0,11,0,28,84,84,0,0,0
3253,1,60,0,0,2,10,0,31,110,66,1,0,7
3254,0,60,0,0,0,12,2,30,77,77,0,0,0
3254,1,60,0,0,2,11,2,33,122,78,1,0,3
3255,0,60,0,0,0,11,0,28,64,64,0,0,0
3255,1,60,0,0,2,10,0,31,110,66,1,0,3
3256,0,60,0,0,0,1,3,7,64,64,0,0,0
3256,1,60,0,0,12,1,9,16,110,66,1,0,9
3256,2,60,0,0,12,3,6,15,132,61,0,0,0
3256,3,60,0,0,24,3,12,24,171,56,1,0,11
3256,4,60,0,0,4,0,3,9,98,54,0,0,0
3256,5,60,0,0,16,0,9,18,141,53,0,0,0
3256,6,60,0,0,12,0,6,15,141,61,1,0,9
3256,7,60,0,0,24,0,12,24,180,56,0,0,0
3257,0,60,0,0,0,7,7,13,84,84,1,0,1
3257,1,60,0,0,12,1,9,16,110,66,0,0,0
3257,2,60,0,0,24,12,12,24,158,64,1,0,11
3257,3,60,0,0,24,3,12,24,171,64,0,0,0
3257,4,60,0,0,16,9,9,18,132,61,1,0,11
3257,5,60,0,0,16,0,9,18,141,61,0,0,0
3257,6,60,0,0,24,9,12,24,171,64,1,0,11
3257,7,60,0,0,24,0,12,24,180,64,0,0,0
3258,0,60,0,0,0,4,6,11,77,77,1,0,1
3258,1,60,0,0,12,4,12,20,122,78,0,0,0
3258,2,60,0,0,16,6,10,19,132,69,1,0,13
3258,3,60,0,0,28,6,16,28,171,64,0,0,0
3258,4,60,0,0,16,6,10,19,132,69,1,0,13
3258,5,60,0,0,28,6,16,28,171,64,0,0,0
3258,6,60,0,0,16,0,10,19,141,69,0,0,0
3258,7,60,0,0,28,0,16,28,180,64,1,0,8
3259,0,60,0,0,0,1,3,7,64,64,0,0,0
3259,1,60,0,0,12,1,9,16,110,66,1,0,7
3259,2,60,0,0,12,3,6,15,132,65,0,0,0
3259,3,60,0,0,24,3,12,24,171,60,1,0,11
3259,4,60,0,0,4,0,3,9,98,58,0,0,0
3259,5,60,0,0,16,0,9,18,141,57,1,0,8
3259,6,60,0,0,12,0,6,15,141,65,0,0,0
3259,7,60,0,0,24,0,12,24,180,60,1,0,9
3260,0,60,0,0,0,2,3,7,64,64,0,0,0
3260,1,60,0,0,8,2,6,13,110,66,1,0,3
3260,2,60,0,0,12,6,5,14,132,61,0,0,0
3260,3,60,0,0,20,6,8,20,171,56,1,0,8
3260,4,60,0,0,8,0,5,11,98,54,0,0,0
3260,5,60,0,0,16,0,8,17,141,53,1,0,15
3260,6,60,0,0,12,0,5,14,141,61,0,0,0
3260,7,60,0,0,20,0,8,20,180,56,1,0,11
3261,0,60,0,0,0,7,7,13,84,84,0,0,0
3261,1,60,0,0,8,3,8,15,110,66,0,0,0
3261,2,60,0,4,24,15,12,24,158,64,1,0,11
3261,3,60,0,4,24,9,12,24,171,64,0,0,0
3261,4,60,0,4,20,6,12,21,132,61,1,0,9
3261,5,60,0,4,20,0,12,21,141,61,0,0,0
3261,6,60,0,4,24,6,12,24,171,64,1,0,11
3261,7,60,0,4,24,0,12,24,180,64,0,0,0
3262,0,60,0,0,0,7,15,20,77,77,1,0,5
3262,1,60,0,0,2,6,15,23,122,78,0,0,0
3263,0,60,0,0,0,2,3,7,64,64,1,0,1
3263,1,60,0,0,8,2,6,13,110,66,0,0,0
3263,2,60,0,0,12,6,5,14,132,65,1,0,9
3263,3,60,0,0,20,6,8,20,171,60,0,0,0
3263,4,60,0,0,8,0,5,11,98,58,1,0,13
3263,5,60,0,0,16,0,8,17,141,57,0,0,0
3263,6,60,0,0,12,0,5,14,141,65,1,0,13
3263,7,60,0,0,20,0,8,20,180,60,0,0,0
3264,0,60,0,0,0,0,0,18,51,51,0,0,0
3264,1,60,0,0,3,0,0,22,98,54,1,0,4
3264,2,60,0,0,3,0,0,22,98,54,0,0,0
3264,3,60,0,0,6,0,0,26,141,53,1,0,8
3265,0,60,0,0,0,0,0,18,64,64,0,0,0
3265,1,60,0,0,3,0,0,22,98,54,1,0,11
3265,2,60,0,0,3,0,0,22,110,66,0,0,0
3265,3,60,0,0,6,0,0,26,141,53,1,0,6
3266,0,60,0,0,0,0,0,18,64,64,0,0,0
3266,1,60,0,0,3,0,0,22,110,66,1,0,3
3266,2,60,0,0,3,0,0,22,98,54,0,0,0
3266,3,60,0,0,6,0,0,26,141,53,1,0,12
3267,0,60,0,0,0,0,0,18,51,51,0,0,0
3267,1,60,0,0,3,0,0,22,98,54,1,0,7
3267,2,60,0,0,3,0,0,22,98,54,0,0,0
3267,3,60,0,0,6,0,0,26,141,53,1,0,5
3268,0,60,0,0,0,2,0,18,51,51,0,0,0
3268,1,60,0,0,3,4,0,22,98,54,1,0,3
3268,2,60,0,0,3,4,0,22,98,54,0,0,0
3268,3,60,0,0,6,6,0,26,141,53,0,0,0
3269,0,60,0,0,0,2,0,18,64,64,1,0,7
3269,1,60,0,0,3,4,0,22,98,54,0,0,0
3269,2,60,0,0,3,4,0,22,110,66,1,0,3
3269,3,60,0,0,6,6,0,26,141,53,0,0,0
3270,0,60,0,0,0,2,0,18,64,64,1,0,14
3270,1,60,0,0,3,4,0,22,110,66,0,0,0
3270,2,60,0,0,3,4,0,22,98,54,1,0,3
3270,3,60,0,0,6,6,0,26,141,53,0,0,0
3271,0,60,0,0,0,2,0,18,51,51,1,0,4
3271,1,60,0,0,3,4,0,22,98,54,0,0,0
3271,2,60,0,0,3,4,0,22,98,54,1,0,10
3271,3,60,0,0,6,6,0,26,141,53,0,0,0
3272,0,60,0,0,0,0,2,5,51,51,1,0,5
3272,1,60,0,0,8,0,5,11,98,54,0,0,0
3272,2,60,0,0,8,0,5,11,98,54,1,0,3
3272,3,60,0,0,16,0,8,17,141,53,0,0,0
3272,4,60,0,0,4,0,2,8,98,54,1,0,7
3272,5,60,0,0,12,0,5,14,141,53,0,0,0
3272,6,60,0,0,12,0,5,14,141,53,0,0,0
3272,7,60,0,0,20,0,8,20,180,48,1,0,7
3273,0,60,0,0,0,2,3,7,64,64,0,0,0
3273,1,60,0,0,8,0,5,11,98,54,1,0,11
3273,2,60,0,0,8,2,6,13,110,66,0,0,0
3273,3,60,0,0,16,0,8,17,141,53,1,0,6
3273,4,60,0,0,12,6,5,14,132,61,0,0,0
3273,5,60,0,0,12,0,5,14,141,61,1,0,5
3273,6,60,0,0,20,6,8,20,171,56,0,0,0
3273,7,60,0,0,20,0,8,20,180,56,1,0,11
3274,0,60,0,0,0,2,3,7,64,64,0,0,0
3274,1,60,0,0,8,2,6,13,110,66,1,0,3
3274,2,60,0,0,8,0,5,11,98,54,0,0,0
3274,3,60,0,0,16,0,8,17,141,53,1,0,5
3274,4,60,0,0,12,6,5,14,132,61,0,0,0
3274,5,60,0,0,20,6,8,20,171,56,1,0,9
3274,6,60,0,0,12,0,5,14,141,61,0,0,0
3274,7,60,0,0,20,0,8,20,180,56,0,0,0
3275,0,60,0,0,0,0,2,5,51,51,1,0,5
3275,1,60,0,0,8,0,5,11,98,54,0,0,0
3275,2,60,0,0,8,0,5,11,98,54,1,0,9
3275,3,60,0,0,16,0,8,17,141,53,0,0,0
3275,4,60,0,0,4,0,2,8,98,58,1,0,3
3275,5,60,0,0,12,0,5,14,141,57,0,0,0
3275,6,60,0,0,12,0,5,14,141,57,1,0,6
3275,7,60,0,0,20,0,8,20,180,52,0,0,0
3276,0,60,0,0,0,0,0,3,51,51,1,0,11
3276,1,60,0,0,4,0,0,6,98,54,0,0,0
3276,2,60,0,0,4,0,0,6,98,54,1,0,15
3276,3,60,0,0,8,0,0,9,141,53,0,0,0
3276,4,60,0,0,4,0,0,6,98,54,1,0,3
3276,5,60,0,0,8,0,0,9,141,53,0,0,0
3276,6,60,0,0,8,0,0,9,141,53,1,0,13
3276,7,60,0,0,12,0,0,12,180,48,0,0,0
3277,0,60,0,0,0,1,1,5,64,64,1,0,5
3277,1,60,0,0,4,0,1,7,98,54,0,0,0
3277,2,60,0,0,4,1,1,8,110,66,0,0,0
3277,3,60,0,0,8,0,1,10,141,53,1,0,5
3277,4,60,0,4,12,3,4,13,132,61,0,0,0
3277,5,60,0,4,12,0,4,13,141,61,1,0,13
3277,6,60,0,4,16,3,4,16,171,56,0,0,0
3277,7,60,0,4,16,0,4,16,180,56,1,0,11
3278,0,60,0,0,0,1,1,5,64,64,0,0,0
3278,1,60,0,0,4,1,1,8,110,66,1,0,7
3278,2,60,0,0,4,0,1,7,98,54,0,0,0
3278,3,60,0,0,8,0,1,10,141,53,1,0,9
3278,4,60,0,4,12,3,4,13,132,61,0,0,0
3278,5,60,0,4,16,3,4,16,171,56,1,0,8
3278,6,60,0,4,12,0,4,13,141,61,0,0,0
3278,7,60,0,4,16,0,4,16,180,56,1,0,11
3279,0,60,0,0,0,0,0,3,51,51,0,0,0
3279,1,60,0,0,4,0,0,6,98,54,1,0,7
3279,2,60,0,0,4,0,0,6,98,54,0,0,0
3279,3,60,0,0,8,0,0,9,141,53,0,0,0
3279,4,60,0,0,4,0,0,6,98,58,1,0,6
3279,5,60,0,0,8,0,0,9,141,57,0,0,0
3279,6,60,0,0,8,0,0,9,141,57,1,0,5
3279,7,60,0,0,12,0,0,12,180,52,0,0,0
3280,0,60,0,0,0,2,1,21,64,64,1,0,4
3280,1,60,0,0,3,0,1,23,98,54,0,0,0
3280,2,60,0,3,9,4,3,29,132,61,1,0,6
3280,3,60,0,3,9,0,3,29,141,61,0,0,0
3281,0,60,0,0,0,2,1,21,77,77,1,0,5
3281,1,60,0,0,3,0,1,23,98,54,0,0,0
3281,2,60,0,3,9,4,3,29,137,61,1,0,12
3281,3,60,0,3,9,0,3,29,141,61,0,0,0
3282,0,60,0,0,0,2,1,21,84,84,1,0,17
3282,1,60,0,0,3,0,1,23,110,66,0,0,0
3282,2,60,0,3,9,4,3,29,132,61,1,0,5
3282,3,60,0,3,9,0,3,29,141,61,0,0,0
3283,0,60,0,0,0,2,1,21,64,64,1,0,5
3283,1,60,0,0,3,0,1,23,98,54,0,0,0
3283,2,60,0,3,9,4,3,29,132,61,0,0,0
3283,3,60,0,3,9,0,3,29,141,61,1,0,9
3284,0,60,0,0,0,4,1,21,64,64,0,0,0
3284,1,60,0,0,3,4,1,23,98,54,1,0,10
3284,2,60,0,3,9,8,3,29,132,61,0,0,0
3284,3,60,0,3,9,6,3,29,141,61,1,0,12
3285,0,60,0,0,0,4,1,21,77,77,0,0,0
3285,1,60,0,0,3,4,1,23,98,54,1,0,3
3285,2,60,0,3,9,8,3,29,137,61,0,0,0
3285,3,60,0,3,9,6,3,29,141,61,1,0,9
3286,0,60,0,0,0,4,1,21,84,84,0,0,0
3286,1,60,0,0,3,4,1,23,110,66,1,0,12
3286,2,60,0,3,9,8,3,29,132,61,0,0,0
3286,3,60,0,3,9,6,3,29,141,61,1,0,5
3287,0,60,0,0,0,4,1,21,64,64,0,0,0
3287,1,60,0,0,3,4,1,23,98,54,1,0,3
3287,2,60,0,3,9,8,3,29,132,61,0,0,0
3287,3,60,0,3,9,6,3,29,141,61,0,0,0
3288,0,60,0,0,0,2,4,8,64,64,1,0,1
3288,1,60,0,0,8,0,6,12,98,54,0,0,0
3288,2,60,0,4,20,6,12,21,132,61,1,0,13
3288,3,60,0,4,20,0,12,21,141,61,0,0,0
3288,4,60,0,0,4,2,4,11,110,66,1,0,15
3288,5,60,0,0,12,0,6,15,141,53,0,0,0
3288,6,60,0,4,24,6,12,24,171,56,1,0,8
3288,7,60,0,4,24,0,12,24,180,56,0,0,0
3289,0,60,0,0,0,4,5,10,77,77,1,0,1
3289,1,60,0,0,8,0,6,12,98,54,0,0,0
3289,2,60,0,4,20,6,12,21,137,61,1,0,15
3289,3,60,0,4,20,0,12,21,141,61,0,0,0
3289,4,60,0,0,12,6,6,15,137,61,1,0,12
3289,5,60,0,0,12,0,6,15,141,61,0,0,0
3289,6,60,0,4,24,6,12,24,180,64,1,0,9
3289,7,60,0,4,24,0,12,24,180,64,0,0,0
3290,0,60,0,0,0,7,7,13,84,84,1,0,1
3290,1,60,0,0,8,3,8,15,110,66,0,0,0
3290,2,60,0,4,20,6,12,21,132,61,0,0,0
3290,3,60,0,4,20,0,12,21,141,61,1,0,12
3290,4,60,0,4,24,15,12,24,158,64,0,0,0
3290,5,60,0,4,24,9,12,24,171,64,1,0,11
3290,6,60,0,4,24,6,12,24,171,64,0,0,0
3290,7,60,0,4,24,0,12,24,180,64,1,0,11
3291,0,60,0,0,0,2,4,8,64,64,0,0,0
3291,1,60,0,0,8,0,6,12,98,54,1,0,3
3291,2,60,0,4,20,6,12,21,132,61,0,0,0
3291,3,60,0,4,20,0,12,21,141,61,1,0,13
3291,4,60,0,0,4,2,4,11,110,70,0,0,0
3291,5,60,0,0,12,0,6,15,141,57,1,0,11
3291,6,60,0,4,24,6,12,24,171,60,0,0,0
3291,7,60,0,4,24,0,12,24,180,60,1,0,11
3292,0,60,0,0,0,1,1,5,64,64,0,0,0
3292,1,60,0,0,4,0,1,7,98,54,1,0,3
3292,2,60,0,4,12,3,4,13,132,61,0,0,0
3292,3,60,0,4,12,0,4,13,141,61,1,0,11
3292,4,60,0,0,4,1,1,8,110,66,0,0,0
3292,5,60,0,0,8,0,1,10,141,53,0,0,0
3292,6,60,0,4,16,3,4,16,171,56,1,0,11
3292,7,60,0,4,16,0,4,16,180,56,0,0,0
3293,0,60,0,0,0,2,2,7,77,77,1,0,13
3293,1,60,0,0,4,0,2,8,98,54,0,0,0
3293,2,60,0,3,11,3,4,13,137,61,1,0,6
3293,3,60,0,3,11,0,4,13,141,61,0,0,0
3293,4,60,0,3,11,3,4,13,137,61,1,0,5
3293,5,60,0,3,11,0,4,13,141,61,0,0,0
3293,6,60,0,4,16,3,4,16,180,64,1,0,11
3293,7,60,0,4,16,0,4,16,180,64,0,0,0
3294,0,60,0,0,0,4,3,9,84,84,1,0,5
3294,1,60,0,0,4,2,3,10,110,66,0,0,0
3294,2,60,0,4,12,3,5,14,132,61,1,0,5
3294,3,60,0,4,12,0,5,14,141,61,0,0,0
3294,4,60,0,8,20,9,8,20,158,64,1,0,9
3294,5,60,0,8,20,6,8,20,171,64,0,0,0
3294,6,60,0,8,20,3,8,20,171,64,0,0,0
3294,7,60,0,8,20,0,8,20,180,64,1,0,8
3295,0,60,0,0,0,1,1,5,64,64,0,0,0
3295,1,60,0,0,4,0,1,7,98,54,1,0,7
3295,2,60,0,4,12,3,4,13,132,61,0,0,0
3295,3,60,0,4,12,0,4,13,141,61,1,0,15
3295,4,60,0,0,4,1,1,8,110,70,0,0,0
3295,5,60,0,0,8,0,1,10,141,57,1,0,5
3295,6,60,0,4,16,3,4,16,171,60,0,0,0
3295,7,60,0,4,16,0,4,16,180,60,1,0,9
3296,0,60,0,0,0,0,0,18,51,51,0,0,0
3296,1,60,0,0,3,0,0,22,98,54,1,0,3
3296,2,60,0,0,3,0,0,22,98,58,0,0,0
3296,3,60,0,0,6,0,0,26,141,57,1,0,5
3297,0,60,0,0,0,0,0,18,64,64,0,0,0
3297,1,60,0,0,3,0,0,22,98,54,1,0,6
3297,2,60,0,0,3,0,0,22,110,70,0,0,0
3297,3,60,0,0,6,0,0,26,141,57,1,0,5
3298,0,60,0,0,0,0,0,18,64,64,0,0,0
3298,1,60,0,0,3,0,0,22,110,66,0,0,0
3298,2,60,0,0,3,0,0,22,98,58,1,0,7
3298,3,60,0,0,6,0,0,26,141,57,0,0,0
3299,0,60,0,0,0,0,0,18,51,51,1,0,1
3299,1,60,0,0,3,0,0,22,98,54,0,0,0
3299,2,60,0,0,3,0,0,22,98,58,1,0,6
3299,3,60,0,0,6,0,0,26,141,57,0,0,0
3300,0,60,0,0,0,2,0,18,51,51,1,0,7
3300,1,60,0,0,3,4,0,22,98,54,0,0,0
3300,2,60,0,0,3,4,0,22,98,58,1,0,11
3300,3,60,0,0,6,6,0,26,141,57,0,0,0
3301,0,60,0,0,0,2,0,18,64,64,1,0,1
3301,1,60,0,0,3,4,0,22,98,54,0,0,0
3301,2,60,0,0,3,4,0,22,110,70,1,0,10
3301,3,60,0,0,6,6,0,26,141,57,0,0,0
3302,0,60,0,0,0,2,0,18,64,64,1,0,7
3302,1,60,0,0,3,4,0,22,110,66,0,0,0
3302,2,60,0,0,3,4,0,22,98,58,0,0,0
3302,3,60,0,0,6,6,0,26,141,57,1,0,6
3303,0,60,0,0,0,2,0,18,51,51,0,0,0
3303,1,60,0,0,3,4,0,22,98,54,1,0,7
3303,2,60,0,0,3,4,0,22,98,58,0,0,0
3303,3,60,0,0,6,6,0,26,141,57,1,0,12
3304,0,60,0,0,0,0,2,5,51,51,0,0,0
3304,1,60,0,0,8,0,5,11,98,54,1,0,6
3304,2,60,0,0,8,0,5,11,98,58,0,0,0
3304,3,60,0,0,16,0,8,17,141,57,1,0,7
3304,4,60,0,0,4,0,2,8,98,54,0,0,0
3304,5,60,0,0,12,0,5,14,141,53,1,0,5
3304,6,60,0,0,12,0,5,14,141,57,0,0,0
3304,7,60,0,0,20,0,8,20,180,52,1,0,8
3305,0,60,0,0,0,2,3,7,64,64,0,0,0
3305,1,60,0,0,8,0,5,11,98,54,1,0,9
3305,2,60,0,0,8,2,6,13,110,70,0,0,0
3305,3,60,0,0,16,0,8,17,141,57,1,0,5
3305,4,60,0,0,12,6,5,14,132,61,0,0,0
3305,5,60,0,0,12,0,5,14,141,61,0,0,0
3305,6,60,0,0,20,6,8,20,171,60,1,0,11
3305,7,60,0,0,20,0,8,20,180,60,0,0,0
3306,0,60,0,0,0,2,3,7,64,64,1,0,13
3306,1,60,0,0,8,2,6,13,110,66,0,0,0
3306,2,60,0,0,8,0,5,11,98,58,1,0,3
3306,3,60,0,0,16,0,8,17,141,57,0,0,0
3306,4,60,0,0,12,6,5,14,132,65,1,0,17
3306,5,60,0,0,20,6,8,20,171,60,0,0,0
3306,6,60,0,0,12,0,5,14,141,65,1,0,13
3306,7,60,0,0,20,0,8,20,180,60,0,0,0
3307,0,60,0,0,0,0,2,5,51,51,1,0,7
3307,1,60,0,0,8,0,5,11,98,54,0,0,0
3307,2,60,0,0,8,0,5,11,98,58,1,0,3
3307,3,60,0,0,16,0,8,17,141,57,0,0,0
3307,4,60,0,0,4,0,2,8,98,58,1,0,11
3307,5,60,0,0,12,0,5,14,141,57,0,0,0
3307,6,60,0,0,12,0,5,14,141,61,0,0,0
3307,7,60,0,0,20,0,8,20,180,56,1,0,8
3308,0,60,0,0,0,0,0,3,51,51,0,0,0
3308,1,60,0,0,4,0,0,6,98,54,1,0,7
3308,2,60,0,0,4,0,0,6,98,58,0,0,0
3308,3,60,0,0,8,0,0,9,141,57,1,0,9
3308,4,60,0,0,4,0,0,6,98,54,0,0,0
3308,5,60,0,0,8,0,0,9,141,53,1,0,5
3308,6,60,0,0,8,0,0,9,141,57,0,0,0
3308,7,60,0,0,12,0,0,12,180,52,1,0,9
3309,0,60,0,0,0,1,1,5,64,64,0,0,0
3309,1,60,0,0,4,0,1,7,98,54,1,0,9
3309,2,60,0,0,4,1,1,8,110,70,0,0,0
3309,3,60,0,0,8,0,1,10,141,57,1,0,5
3309,4,60,0,4,12,3,4,13,132,61,0,0,0
3309,5,60,0,4,12,0,4,13,141,61,1,0,7
3309,6,60,0,4,16,3,4,16,171,60,0,0,0
3309,7,60,0,4,16,0,4,16,180,60,1,0,11
3310,0,60,0,0,0,1,1,5,64,64,0,0,0
3310,1,60,0,0,4,1,1,8,110,66,0,0,0
3310,2,60,0,0,4,0,1,7,98,58,1,0,9
3310,3,60,0,0,8,0,1,10,141,57,0,0,0
3310,4,60,0,4,12,3,4,13,132,65,1,0,5
3310,5,60,0,4,16,3,4,16,171,60,0,0,0
3310,6,60,0,4,12,0,4,13,141,65,1,0,11
3310,7,60,0,4,16,0,4,16,180,60,0,0,0
3311,0,60,0,0,0,0,0,3,51,51,1,0,1
3311,1,60,0,0,4,0,0,6,98,54,0,0,0
3311,2,60,0,0,4,0,0,6,98,58,1,0,11
3311,3,60,0,0,8,0,0,9,141,57,0,0,0
3311,4,60,0,0,4,0,0,6,98,58,1,0,9
3311,5,60,0,0,8,0,0,9,141,57,0,0,0
3311,6,60,0,0,8,0,0,9,141,61,1,0,13
3311,7,60,0,0,12,0,0,12,180,56,0,0,0
3312,0,60,0,0,0,3,1,29,64,64,1,0,1
3312,1,60,0,0,2,4,1,32,110,66,0,0,0
3313,0,60,0,0,0,3,1,29,84,84,1,0,4
3313,1,60,0,0,2,4,1,32,110,66,0,0,0
3314,0,60,0,0,0,4,2,30,77,77,0,0,0
3314,1,60,0,0,2,5,2,33,122,78,1,0,12
3315,0,60,0,0,0,3,1,29,64,64,0,0,0
3315,1,60,0,0,2,4,1,32,110,66,1,0,16
3316,0,60,0,0,0,11,0,28,64,64,0,0,0
3316,1,60,0,0,2,12,0,31,110,66,1,0,3
3317,0,60,0,0,0,11,0,28,84,84,0,0,0
3317,1,60,0,0,2,12,0,31,110,66,1,0,6
3318,0,60,0,0,0,11,0,28,77,77,0,0,0
3318,1,60,0,0,2,12,0,31,122,78,1,0,9
3319,0,60,0,0,0,11,0,28,64,64,0,0,0
3319,1,60,0,0,2,12,0,31,110,66,1,0,3
3320,0,60,0,0,0,2,11,15,64,64,0,0,0
3320,1,60,0,0,6,4,14,21,110,66,1,0,3
3320,4,60,0,0,3,4,13,19,98,54,0,0,0
3320,5,60,0,0,9,6,16,25,141,53,1,0,15
3321,0,60,0,0,0,5,12,18,84,84,0,0,0
3321,1,60,0,0,6,4,14,21,110,66,0,0,0
3321,4,60,0,0,9,10,16,25,132,61,1,0,12
3321,5,60,0,0,9,6,16,25,141,61,0,0,0
3322,0,60,0,0,0,7,15,20,77,77,1,0,7
3322,1,60,0,0,2,6,15,23,122,78,0,0,0
3323,0,60,0,0,0,2,11,15,64,64,1,0,1
3323,1,60,0,0,6,4,14,21,110,66,0,0,0
3323,4,60,0,0,3,4,13,19,98,58,1,0,3
3323,5,60,0,0,9,6,16,25,141,57,0,0,0
3324,0,60,0,0,0,1,1,5,64,64,1,0,5
3324,1,60,0,0,4,1,1,8,110,66,0,0,0
3324,2,60,0,4,12,3,4,13,132,61,1,0,11
3324,3,60,0,4,16,3,4,16,171,56,0,0,0
3324,4,60,0,0,4,0,1,7,98,54,1,0,3
3324,5,60,0,0,8,0,1,10,141,53,0,0,0
3324,6,60,0,4,12,0,4,13,141,61,1,0,13
3324,7,60,0,4,16,0,4,16,180,56,0,0,0
3325,0,60,0,0,0,4,3,9,84,84,1,0,13
3325,1,60,0,0,4,2,3,10,110,66,0,0,0
3325,2,60,0,8,20,9,8,20,158,64,0,0,0
3325,3,60,0,8,20,6,8,20,171,64,1,0,11
3325,4,60,0,4,12,3,5,14,132,61,0,0,0
3325,5,60,0,4,12,0,5,14,141,61,1,0,15
3325,6,60,0,8,20,3,8,20,171,64,0,0,0
3325,7,60,0,8,20,0,8,20,180,64,1,0,11
3326,0,60,0,0,0,4,4,9,77,77,0,0,0
3326,1,60,0,0,4,4,4,12,122,78,1,0,15
3326,2,60,0,8,16,6,8,17,132,69,0,0,0
3326,3,60,0,8,20,6,8,20,171,64,1,0,9
3326,4,60,0,8,16,6,8,17,132,69,0,0,0
3326,5,60,0,8,20,6,8,20,171,64,1,0,8
3326,6,60,0,8,16,0,8,17,141,69,0,0,0
3326,7,60,0,8,20,0,8,20,180,64,1,0,15
3327,0,60,0,0,0,1,1,5,64,64,0,0,0
3327,1,60,0,0,4,1,1,8,110,66,1,0,15
3327,2,60,0,4,12,3,4,13,132,65,0,0,0
3327,3,60,0,4,16,3,4,16,171,60,0,0,0
3327,4,60,0,0,4,0,1,7,98,58,1,0,6
3327,5,60,0,0,8,0,1,10,141,57,0,0,0
3327,6,60,0,4,12,0,4,13,141,65,1,0,5
3327,7,60,0,4,16,0,4,16,180,60,0,0,0
3328,0,60,0,0,0,0,0,31,51,51,1,0,4
3328,1,60,0,0,2,0,0,34,98,58,0,0,0
3329,0,60,0,0,0,0,0,31,64,64,1,0,5
3329,1,60,0,0,2,0,0,34,98,58,0,0,0
3330,0,60,0,0,0,1,0,32,64,64,1,0,7
3330,1,60,0,0,2,1,0,35,110,70,0,0,0
3331,0,60,0,0,0,0,0,31,51,51,1,0,1
3331,1,60,0,0,2,0,0,34,98,58,0,0,0
3332,0,60,0,0,0,1,0,31,51,51,1,0,5
3332,1,60,0,0,2,2,0,34,98,58,0,0,0
3333,0,60,0,0,0,1,0,31,64,64,1,0,4
3333,1,60,0,0,2,2,0,34,98,58,0,0,0
3334,0,60,0,0,0,1,0,32,64,64,1,0,7
3334,1,60,0,0,2,2,0,35,110,70,0,0,0
3335,0,60,0,0,0,1,0,31,51,51,0,0,0
3335,1,60,0,0,2,2,0,34,98,58,1,0,7
3336,0,60,0,0,0,1,1,19,51,51,0,0,0
3336,1,60,0,0,6,1,3,25,98,58,1,0,9
3336,4,60,0,0,3,3,1,23,98,54,0,0,0
3336,5,60,0,0,9,3,3,29,141,57,1,0,12
3337,0,60,0,0,0,4,2,22,64,64,0,0,0
3337,1,60,0,0,6,1,3,25,98,58,1,0,3
3337,4,60,0,0,9,9,3,29,132,65,0,0,0
3337,5,60,0,0,9,3,3,29,141,65,1,0,5
3338,0,60,0,0,0,9,0,28,64,64,0,0,0
3338,1,60,0,0,2,6,0,31,110,70,1,0,12
3339,0,60,0,0,0,1,1,19,51,51,0,0,0
3339,1,60,0,0,6,1,3,25,98,58,1,0,6
3339,4,60,0,0,3,3,1,23,98,58,0,0,0
3339,5,60,0,0,9,3,3,29,141,61,1,0,9
3340,0,60,0,0,0,0,0,18,51,51,0,0,0
3340,1,60,0,0,3,0,0,22,98,58,0,0,0
3340,4,60,0,0,3,0,0,22,98,54,1,0,3
3340,5,60,0,0,6,0,0,26,141,57,0,0,0
3341,0,60,0,0,0,2,1,21,64,64,1,0,13
3341,1,60,0,0,3,0,1,23,98,58,0,0,0
3341,4,60,0,3,9,4,3,29,132,65,1,0,12
3341,5,60,0,3,9,0,3,29,141,65,0,0,0
3342,0,60,0,0,0,3,1,29,64,64,1,0,7
3342,1,60,0,0,2,4,1,32,110,70,0,0,0
3343,0,60,0,0,0,0,0,18,51,51,1,0,1
3343,1,60,0,0,3,0,0,22,98,58,0,0,0
3343,4,60,0,0,3,0,0,22,98,58,1,0,3
3343,5,60,0,0,6,0,0,26,141,61,0,0,0
3344,0,60,0,0,0,0,0,31,64,64,1,0,10
3344,1,60,0,0,2,0,0,34,98,58,0,0,0
3345,0,60,0,0,0,0,0,31,77,77,1,0,7
3345,1,60,0,0,2,0,0,34,98,58,0,0,0
3346,0,60,0,0,0,1,0,32,84,84,1,0,1
3346,1,60,0,0,2,1,0,35,110,70,0,0,0
3347,0,60,0,0,0,0,0,31,64,64,0,0,0
3347,1,60,0,0,2,0,0,34,98,58,1,0,7
3348,0,60,0,0,0,1,0,31,64,64,0,0,0
3348,1,60,0,0,2,2,0,34,98,58,1,0,8
3349,0,60,0,0,0,1,0,31,77,77,0,0,0
3349,1,60,0,0,2,2,0,34,98,58,1,0,10
3350,0,60,0,0,0,1,0,32,84,84,0,0,0
3350,1,60,0,0,2,2,0,35,110,70,1,0,3
3351,0,60,0,0,0,1,0,31,64,64,0,0,0
3351,1,60,0,0,2,2,0,34,98,58,1,0,6
3352,0,60,0,0,0,1,1,19,64,64,0,0,0
3352,1,60,0,0,6,1,3,25,98,58,1,0,10
3352,4,60,0,0,3,3,1,23,110,66,0,0,0
3352,5,60,0,0,9,3,3,29,141,57,1,0,5
3353,0,60,0,0,0,4,2,22,77,77,0,0,0
3353,1,60,0,0,6,1,3,25,98,58,1,0,3
3353,4,60,0,0,9,9,3,29,137,65,0,0,0
3353,5,60,0,0,9,3,3,29,141,65,1,0,9
3354,0,60,0,0,0,9,0,28,84,84,0,0,0
3354,1,60,0,0,2,6,0,31,110,70,0,0,0
3355,0,60,0,0,0,1,1,19,64,64,1,0,10
3355,1,60,0,0,6,1,3,25,98,58,0,0,0
3355,4,60,0,0,3,3,1,23,110,70,1,0,12
3355,5,60,0,0,9,3,3,29,141,61,0,0,0
3356,0,60,0,0,0,0,0,18,64,64,1,0,1
3356,1,60,0,0,3,0,0,22,98,58,0,0,0
3356,4,60,0,0,3,0,0,22,110,66,1,0,3
3356,5,60,0,0,6,0,0,26,141,57,0,0,0
3357,0,60,0,0,0,2,1,21,77,77,1,0,4
3357,1,60,0,0,3,0,1,23,98,58,0,0,0
3357,4,60,0,3,9,4,3,29,137,65,1,0,6
3357,5,60,0,3,9,0,3,29,141,65,0,0,0
3358,0,60,0,0,0,3,1,29,84,84,1,0,1
3358,1,60,0,0,2,4,1,32,110,70,0,0,0
3359,0,60,0,0,0,0,0,18,64,64,1,0,13
3359,1,60,0,0,3,0,0,22,98,58,0,0,0
3359,4,60,0,0,3,0,0,22,110,70,0,0,0
3359,5,60,0,0,6,0,0,26,141,61,1,0,9
3360,0,60,0,0,0,0,0,31,51,51,0,0,0
3360,1,60,0,0,2,0,0,34,98,58,1,0,5
3361,0,60,0,0,0,0,0,31,64,64,0,0,0
3361,1,60,0,0,2,0,0,34,98,58,1,0,10
3362,0,60,0,0,0,1,0,32,64,64,0,0,0
3362,1,60,0,0,2,1,0,35,110,70,1,0,12
3363,0,60,0,0,0,0,0,31,51,51,0,0,0
3363,1,60,0,0,2,0,0,34,98,58,1,0,6
3364,0,60,0,0,0,1,0,31,51,51,0,0,0
3364,1,60,0,0,2,2,0,34,98,58,1,0,3
3365,0,60,0,0,0,1,0,31,64,64,0,0,0
3365,1,60,0,0,2,2,0,34,98,58,1,0,3
3366,0,60,0,0,0,1,0,32,64,64,0,0,0
3366,1,60,0,0,2,2,0,35,110,70,1,0,6
3367,0,60,0,0,0,1,0,31,51,51,0,0,0
3367,1,60,0,0,2,2,0,34,98,58,1,0,6
3368,0,60,0,0,0,1,1,19,51,51,0,0,0
3368,1,60,0,0,6,1,3,25,98,58,0,0,0
3368,4,60,0,0,3,3,1,23,98,54,1,0,9
3368,5,60,0,0,9,3,3,29,141,57,0,0,0
3369,0,60,0,0,0,4,2,22,64,64,1,0,1
3369,1,60,0,0,6,1,3,25,98,58,0,0,0
3369,4,60,0,0,9,9,3,29,132,65,1,0,9
3369,5,60,0,0,9,3,3,29,141,65,0,0,0
3370,0,60,0,0,0,9,0,28,64,64,1,0,4
3370,1,60,0,0,2,6,0,31,110,70,0,0,0
3371,0,60,0,0,0,1,1,19,51,51,1,0,7
3371,1,60,0,0,6,1,3,25,98,58,0,0,0
3371,4,60,0,0,3,3,1,23,98,58,1,0,4
3371,5,60,0,0,9,3,3,29,141,61,0,0,0
3372,0,60,0,0,0,0,0,18,51,51,1,0,5
3372,1,60,0,0,3,0,0,22,98,58,0,0,0
3372,4,60,0,0,3,0,0,22,98,54,1,0,10
3372,5,60,0,0,6,0,0,26,141,57,0,0,0
3373,0,60,0,0,0,2,1,21,64,64,0,0,0
3373,1,60,0,0,3,0,1,23,98,58,1,0,4
3373,4,60,0,3,9,4,3,29,132,65,0,0,0
3373,5,60,0,3,9,0,3,29,141,65,1,0,7
3374,0,60,0,0,0,3,1,29,64,64,0,0,0
3374,1,60,0,0,2,4,1,32,110,70,1,0,16
3375,0,60,0,0,0,0,0,18,51,51,0,0,0
3375,1,60,0,0,3,0,0,22,98,58,1,0,9
3375,4,60,0,0,3,0,0,22,98,58,0,0,0
3375,5,60,0,0,6,0,0,26,141,61,1,0,5
3376,0,60,0,0,0,1,0,32,64,64,0,0,0
3376,1,60,0,0,2,1,0,35,110,70,1,0,3
3377,0,60,0,0,0,1,0,32,84,84,0,0,0
3377,1,60,0,0,2,1,0,35,110,70,1,0,9
3378,0,60,0,0,0,2,0,33,77,77,0,0,0
3378,1,60,0,0,2,2,0,36,122,82,1,0,9
3379,0,60,0,0,0,1,0,32,64,64,0,0,0
3379,1,60,0,0,2,1,0,35,110,70,1,0,3
3380,0,60,0,0,0,2,0,32,64,64,0,0,0
3380,1,60,0,0,2,3,0,35,110,70,0,0,0
3381,0,60,0,0,0,2,0,32,84,84,1,0,1
3381,1,60,0,0,2,3,0,35,110,70,0,0,0
3382,0,60,0,0,0,2,0,33,77,77,1,0,7
3382,1,60,0,0,2,3,0,36,122,82,0,0,0
3383,0,60,0,0,0,2,0,32,64,64,1,0,7
3383,1,60,0,0,2,3,0,35,110,70,0,0,0
3384,0,60,0,0,0,1,1,19,64,64,1,0,7
3384,1,60,0,0,6,1,3,25,110,70,0,0,0
3384,4,60,0,0,3,3,1,23,98,54,1,0,3
3384,5,60,0,0,9,3,3,29,141,57,0,0,0
3385,0,60,0,0,0,4,2,22,84,84,1,0,13
3385,1,60,0,0,6,1,3,25,110,70,0,0,0
3385,4,60,0,0,9,9,3,29,132,65,1,0,12
3385,5,60,0,0,9,3,3,29,141,65,0,0,0
3386,0,60,0,0,0,9,0,28,77,77,1,0,7
3386,1,60,0,0,2,6,0,31,122,82,0,0,0
3387,0,60,0,0,0,1,1,19,64,64,0,0,0
3387,1,60,0,0,6,1,3,25,110,70,1,0,4
3387,4,60,0,0,3,3,1,23,98,58,0,0,0
3387,5,60,0,0,9,3,3,29,141,61,1,0,9
3388,0,60,0,0,0,0,0,18,64,64,0,0,0
3388,1,60,0,0,3,0,0,22,110,70,1,0,14
3388,4,60,0,0,3,0,0,22,98,54,0,0,0
3388,5,60,0,0,6,0,0,26,141,57,1,0,5
3389,0,60,0,0,0,2,1,21,84,84,0,0,0
3389,1,60,0,0,3,0,1,23,110,70,1,0,3
3389,4,60,0,3,9,4,3,29,132,65,0,0,0
3389,5,60,0,3,9,0,3,29,141,65,1,0,5
3390,0,60,0,0,0,4,2,30,77,77,0,0,0
3390,1,60,0,0,2,5,2,33,122,82,1,0,9
3391,0,60,0,0,0,0,0,18,64,64,0,0,0
3391,1,60,0,0,3,0,0,22,110,70,1,0,3
3391,4,60,0,0,3,0,0,22,98,58,0,0,0
3391,5,60,0,0,6,0,0,26,141,61,1,0,12
3392,0,60,0,0,0,1,0,31,51,51,0,0,0
3392,1,60,0,0,2,2,0,34,98,58,0,0,0
3393,0,60,0,0,0,1,0,31,64,64,1,0,7
3393,1,60,0,0,2,2,0,34,98,58,0,0,0
3394,0,60,0,0,0,2,0,32,64,64,1,0,4
3394,1,60,0,0,2,3,0,35,110,70,0,0,0
3395,0,60,0,0,0,1,0,31,51,51,1,0,10
3395,1,60,0,0,2,2,0,34,98,58,0,0,0
3396,0,60,0,0,0,2,0,31,51,51,1,0,1
3396,1,60,0,0,2,4,0,34,98,58,0,0,0
3397,0,60,0,0,0,2,0,31,64,64,1,0,10
3397,1,60,0,0,2,4,0,34,98,58,0,0,0
3398,0,60,0,0,0,3,0,32,64,64,1,0,7
3398,1,60,0,0,2,5,0,35,110,70,0,0,0
3399,0,60,0,0,0,2,0,31,51,51,1,0,7
3399,1,60,0,0,2,4,0,34,98,58,0,0,0
3400,0,60,0,0,0,2,1,19,51,51,1,0,1
3400,1,60,0,0,6,4,3,25,98,58,0,0,0
3400,4,60,0,0,3,4,1,23,98,54,1,0,7
3400,5,60,0,0,9,6,3,29,141,57,0,0,0
3401,0,60,0,0,0,5,2,22,64,64,0,0,0
3401,1,60,0,0,6,4,3,25,98,58,1,0,10
3401,4,60,0,0,9,10,3,29,132,65,0,0,0
3401,5,60,0,0,9,6,3,29,141,65,1,0,12
3402,0,60,0,0,0,11,0,28,64,64,0,0,0
3402,1,60,0,0,2,10,0,31,110,70,1,0,3
3403,0,60,0,0,0,2,1,19,51,51,0,0,0
3403,1,60,0,0,6,4,3,25,98,58,1,0,9
3403,4,60,0,0,3,4,1,23,98,58,0,0,0
3403,5,60,0,0,9,6,3,29,141,61,1,0,8
3404,0,60,0,0,0,2,0,18,51,51,0,0,0
3404,1,60,0,0,3,4,0,22,98,58,1,0,3
3404,4,60,0,0,3,4,0,22,98,54,0,0,0
3404,5,60,0,0,6,6,0,26,141,57,1,0,9
3405,0,60,0,0,0,4,1,21,64,64,0,0,0
3405,1,60,0,0,3,4,1,23,98,58,1,0,12
3405,4,60,0,3,9,8,3,29,132,65,0,0,0
3405,5,60,0,3,9,6,3,29,141,65,0,0,0
3406,0,60,0,0,0,11,0,28,64,64,1,0,4
3406,1,60,0,0,2,12,0,31,110,70,0,0,0
3407,0,60,0,0,0,2,0,18,51,51,1,0,5
3407,1,60,0,0,3,4,0,22,98,58,0,0,0
3407,4,60,0,0,3,4,0,22,98,58,1,0,3
3407,5,60,0,0,6,6,0,26,141,61,0,0,0
3408,0,60,0,0,0,1,0,31,64,64,1,0,4
3408,1,60,0,0,2,2,0,34,98,58,0,0,0
3409,0,60,0,0,0,1,0,31,77,77,1,0,4
3409,1,60,0,0,2,2,0,34,98,58,0,0,0
3410,0,60,0,0,0,2,0,32,84,84,1,0,7
3410,1,60,0,0,2,3,0,35,110,70,0,0,0
3411,0,60,0,0,0,1,0,31,64,64,1,0,1
3411,1,60,0,0,2,2,0,34,98,58,0,0,0
3412,0,60,0,0,0,2,0,31,64,64,1,0,10
3412,1,60,0,0,2,4,0,34,98,58,0,0,0
3413,0,60,0,0,0,2,0,31,77,77,1,0,10
3413,1,60,0,0,2,4,0,34,98,58,0,0,0
3414,0,60,0,0,0,3,0,32,84,84,0,0,0
3414,1,60,0,0,2,5,0,35,110,70,1,0,7
3415,0,60,0,0,0,2,0,31,64,64,0,0,0
3415,1,60,0,0,2,4,0,34,98,58,1,0,10
3416,0,60,0,0,0,2,1,19,64,64,0,0,0
3416,1,60,0,0,6,4,3,25,98,58,1,0,11
3416,4,60,0,0,3,4,1,23,110,66,0,0,0
3416,5,60,0,0,9,6,3,29,141,57,1,0,8
3417,0,60,0,0,0,5,2,22,77,77,0,0,0
3417,1,60,0,0,6,4,3,25,98,58,1,0,3
3417,4,60,0,0,9,10,3,29,137,65,0,0,0
3417,5,60,0,0,9,6,3,29,141,65,1,0,6
3418,0,60,0,0,0,11,0,28,84,84,0,0,0
3418,1,60,0,0,2,10,0,31,110,70,1,0,12
3419,0,60,0,0,0,2,1,19,64,64,0,0,0
3419,1,60,0,0,6,4,3,25,98,58,1,0,6
3419,4,60,0,0,3,4,1,23,110,70,0,0,0
3419,5,60,0,0,9,6,3,29,141,61,0,0,0
3420,0,60,0,0,0,2,0,18,64,64,1,0,4
3420,1,60,0,0,3,4,0,22,98,58,0,0,0
3420,4,60,0,0,3,4,0,22,110,66,1,0,3
3420,5,60,0,0,6,6,0,26,141,57,0,0,0
3421,0,60,0,0,0,4,1,21,77,77,1,0,16
3421,1,60,0,0,3,4,1,23,98,58,0,0,0
3421,4,60,0,3,9,8,3,29,137,65,1,0,11
3421,5,60,0,3,9,6,3,29,141,65,0,0,0
3422,0,60,0,0,0,11,0,28,84,84,1,0,7
3422,1,60,0,0,2,12,0,31,110,70,0,0,0
3423,0,60,0,0,0,2,0,18,64,64,1,0,1
3423,1,60,0,0,3,4,0,22,98,58,0,0,0
3423,4,60,0,0,3,4,0,22,110,70,1,0,4
3423,5,60,0,0,6,6,0,26,141,61,0,0,0
3424,0,60,0,0,0,1,0,31,51,51,1,0,4
3424,1,60,0,0,2,2,0,34,98,58,0,0,0
3425,0,60,0,0,0,1,0,31,64,64,1,0,7
3425,1,60,0,0,2,2,0,34,98,58,0,0,0
3426,0,60,0,0,0,2,0,32,64,64,0,0,0
3426,1,60,0,0,2,3,0,35,110,70,1,0,7
3427,0,60,0,0,0,1,0,31,51,51,0,0,0
3427,1,60,0,0,2,2,0,34,98,58,1,0,8
3428,0,60,0,0,0,2,0,31,51,51,0,0,0
3428,1,60,0,0,2,4,0,34,98,58,1,0,13
3429,0,60,0,0,0,2,0,31,64,64,0,0,0
3429,1,60,0,0,2,4,0,34,98,58,1,0,3
3430,0,60,0,0,0,3,0,32,64,64,0,0,0
3430,1,60,0,0,2,5,0,35,110,70,1,0,3
3431,0,60,0,0,0,2,0,31,51,51,0,0,0
3431,1,60,0,0,2,4,0,34,98,58,1,0,6
3432,0,60,0,0,0,2,1,19,51,51,0,0,0
3432,1,60,0,0,6,4,3,25,98,58,1,0,6
3432,4,60,0,0,3,4,1,23,98,54,0,0,0
3432,5,60,0,0,9,6,3,29,141,57,1,0,12
3433,0,60,0,0,0,5,2,22,64,64,0,0,0
3433,1,60,0,0,6,4,3,25,98,58,0,0,0
3433,4,60,0,0,9,10,3,29,132,65,1,0,6
3433,5,60,0,0,9,6,3,29,141,65,0,0,0
3434,0,60,0,0,0,11,0,28,64,64,1,0,10
3434,1,60,0,0,2,10,0,31,110,70,0,0,0
3435,0,60,0,0,0,2,1,19,51,51,1,0,4
3435,1,60,0,0,6,4,3,25,98,58,0,0,0
3435,4,60,0,0,3,4,1,23,98,58,1,0,9
3435,5,60,0,0,9,6,3,29,141,61,0,0,0
3436,0,60,0,0,0,2,0,18,51,51,1,0,1
3436,1,60,0,0,3,4,0,22,98,58,0,0,0
3436,4,60,0,0,3,4,0,22,98,54,1,0,3
3436,5,60,0,0,6,6,0,26,141,57,0,0,0
3437,0,60,0,0,0,4,1,21,64,64,1,0,4
3437,1,60,0,0,3,4,1,23,98,58,0,0,0
3437,4,60,0,3,9,8,3,29,132,65,1,0,7
3437,5,60,0,3,9,6,3,29,141,65,0,0,0
3438,0,60,0,0,0,11,0,28,64,64,1,0,1
3438,1,60,0,0,2,12,0,31,110,70,0,0,0
3439,0,60,0,0,0,2,0,18,51,51,0,0,0
3439,1,60,0,0,3,4,0,22,98,58,1,0,10
3439,4,60,0,0,3,4,0,22,98,58,0,0,0
3439,5,60,0,0,6,6,0,26,141,61,1,0,10
3440,0,60,0,0,0,1,0,32,64,64,0,0,0
3440,1,60,0,0,2,2,0,35,110,70,1,0,10
3441,0,60,0,0,0,1,0,32,84,84,0,0,0
3441,1,60,0,0,2,2,0,35,110,70,1,0,3
3442,0,60,0,0,0,2,0,33,77,77,0,0,0
3442,1,60,0,0,2,3,0,36,122,82,1,0,9
3443,0,60,0,0,0,1,0,32,64,64,0,0,0
3443,1,60,0,0,2,2,0,35,110,70,1,0,6
3444,0,60,0,0,0,3,0,32,64,64,0,0,0
3444,1,60,0,0,2,5,0,35,110,70,1,0,3
3445,0,60,0,0,0,3,0,32,84,84,0,0,0
3445,1,60,0,0,2,5,0,35,110,70,1,0,3
3446,0,60,0,0,0,4,0,33,77,77,0,0,0
3446,1,60,0,0,2,6,0,36,122,82,1,0,6
3447,0,60,0,0,0,3,0,32,64,64,0,0,0
3447,1,60,0,0,2,5,0,35,110,70,0,0,0
3448,0,60,0,0,0,2,2,20,64,64,1,0,8
3448,1,60,0,0,6,4,4,26,110,70,0,0,0
3448,4,60,0,0,3,4,2,24,98,54,1,0,12
3448,5,60,0,0,9,6,4,30,141,57,0,0,0
3449,0,60,0,0,0,5,3,23,84,84,1,0,1
3449,1,60,0,0,6,4,4,26,110,70,0,0,0
3449,4,60,0,0,9,10,4,30,132,65,1,0,5
3449,5,60,0,0,9,6,4,30,141,65,0,0,0
3450,0,60,0,0,0,12,2,30,77,77,1,0,10
3450,1,60,0,0,2,11,2,33,122,82,0,0,0
3451,0,60,0,0,0,2,2,20,64,64,1,0,7
3451,1,60,0,0,6,4,4,26,110,70,0,0,0
3451,4,60,0,0,3,4,2,24,98,58,1,0,5
3451,5,60,0,0,9,6,4,30,141,61,0,0,0
3452,0,60,0,0,0,2,0,18,64,64,1,0,10
3452,1,60,0,0,3,4,0,22,110,70,0,0,0
3452,4,60,0,0,3,4,0,22,98,54,0,0,0
3452,5,60,0,0,6,6,0,26,141,57,1,0,9
3453,0,60,0,0,0,4,1,21,84,84,0,0,0
3453,1,60,0,0,3,4,1,23,110,70,1,0,5
3453,4,60,0,3,9,8,3,29,132,65,0,0,0
3453,5,60,0,3,9,6,3,29,141,65,1,0,9
3454,0,60,0,0,0,11,0,28,77,77,0,0,0
3454,1,60,0,0,2,12,0,31,122,82,1,0,15
3455,0,60,0,0,0,2,0,18,64,64,0,0,0
3455,1,60,0,0,3,4,0,22,110,70,1,0,6
3455,4,60,0,0,3,4,0,22,98,58,0,0,0
3455,5,60,0,0,6,6,0,26,141,61,1,0,5
3456,0,60,0,0,0,1,1,19,51,51,0,0,0
3456,1,60,0,0,6,1,3,25,98,58,1,0,3
3456,2,60,0,0,3,3,1,23,98,54,0,0,0
3456,3,60,0,0,9,3,3,29,141,57,1,0,8
3457,0,60,0,0,0,1,1,19,64,64,0,0,0
3457,1,60,0,0,6,1,3,25,98,58,1,0,7
3457,2,60,0,0,3,3,1,23,110,66,0,0,0
3457,3,60,0,0,9,3,3,29,141,57,0,0,0
3458,0,60,0,0,0,1,1,19,64,64,1,0,7
3458,1,60,0,0,6,1,3,25,110,70,0,0,0
3458,2,60,0,0,3,3,1,23,98,54,1,0,3
3458,3,60,0,0,9,3,3,29,141,57,0,0,0
3459,0,60,0,0,0,1,1,19,51,51,1,0,4
3459,1,60,0,0,6,1,3,25,98,58,0,0,0
3459,2,60,0,0,3,3,1,23,98,54,1,0,3
3459,3,60,0,0,9,3,3,29,141,57,0,0,0
3460,0,60,0,0,0,2,1,19,51,51,1,0,7
3460,1,60,0,0,6,4,3,25,98,58,0,0,0
3460,2,60,0,0,3,4,1,23,98,54,1,0,3
3460,3,60,0,0,9,6,3,29,141,57,0,0,0
3461,0,60,0,0,0,2,1,19,64,64,1,0,10
3461,1,60,0,0,6,4,3,25,98,58,0,0,0
3461,2,60,0,0,3,4,1,23,110,66,1,0,3
3461,3,60,0,0,9,6,3,29,141,57,0,0,0
3462,0,60,0,0,0,2,2,20,64,64,0,0,0
3462,1,60,0,0,6,4,4,26,110,70,1,0,4
3462,2,60,0,0,3,4,2,24,98,54,0,0,0
3462,3,60,0,0,9,6,4,30,141,57,1,0,7
3463,0,60,0,0,0,2,1,19,51,51,0,0,0
3463,1,60,0,0,6,4,3,25,98,58,1,0,14
3463,2,60,0,0,3,4,1,23,98,54,0,0,0
3463,3,60,0,0,9,6,3,29,141,57,1,0,6
3464,0,60,0,0,0,0,2,5,51,51,0,0,0
3464,1,60,0,0,12,0,8,14,98,58,1,0,3
3464,2,60,0,0,4,0,2,8,98,54,0,0,0
3464,3,60,0,0,16,0,8,17,141,57,1,0,13
3464,4,60,0,0,4,0,2,8,98,54,0,0,0
3464,5,60,0,0,16,0,8,17,141,57,1,0,6
3464,6,60,0,0,8,0,2,11,141,53,0,0,0
3464,7,60,0,0,20,0,8,20,180,52,1,0,11
3465,0,60,0,0,0,3,4,8,64,64,0,0,0
3465,1,60,0,0,12,0,8,14,98,58,1,0,3
3465,2,60,0,0,4,3,4,11,110,66,0,0,0
3465,3,60,0,0,16,0,8,17,141,57,0,0,0
3465,4,60,0,0,16,9,8,17,132,65,1,0,13
3465,5,60,0,0,16,0,8,17,141,65,0,0,0
3465,6,60,0,0,20,9,8,20,171,60,1,0,9
3465,7,60,0,0,20,0,8,20,180,60,0,0,0
3466,0,60,0,0,0,1,3,7,64,64,1,0,5
3466,1,60,0,0,12,1,9,16,110,70,0,0,0
3466,2,60,0,0,4,0,3,9,98,54,1,0,9
3466,3,60,0,0,16,0,9,18,141,57,0,0,0
3466,4,60,0,0,12,3,6,15,132,61,1,0,9
3466,5,60,0,0,24,3,12,24,171,60,0,0,0
3466,6,60,0,0,12,0,6,15,141,61,1,0,9
3466,7,60,0,0,24,0,12,24,180,60,0,0,0
3467,0,60,0,0,0,0,2,5,51,51,1,0,5
3467,1,60,0,0,12,0,8,14,98,58,0,0,0
3467,2,60,0,0,4,0,2,8,98,54,1,0,9
3467,3,60,0,0,16,0,8,17,141,57,0,0,0
3467,4,60,0,0,4,0,2,8,98,58,0,0,0
3467,5,60,0,0,16,0,8,17,141,61,1,0,6
3467,6,60,0,0,8,0,2,11,141,57,0,0,0
3467,7,60,0,0,20,0,8,20,180,56,1,0,11
3468,0,60,0,0,0,0,2,5,51,51,0,0,0
3468,1,60,0,0,8,0,5,11,98,58,1,0,11
3468,2,60,0,0,4,0,2,8,98,54,0,0,0
3468,3,60,0,0,12,0,5,14,141,57,1,0,6
3468,4,60,0,0,8,0,5,11,98,54,0,0,0
3468,5,60,0,0,16,0,8,17,141,57,1,0,5
3468,6,60,0,0,12,0,5,14,141,53,0,0,0
3468,7,60,0,0,20,0,8,20,180,52,1,0,11
3469,0,60,0,0,0,2,4,8,64,64,0,0,0
3469,1,60,0,0,8,0,6,12,98,58,1,0,7
3469,2,60,0,0,4,2,4,11,110,66,0,0,0
3469,3,60,0,0,12,0,6,15,141,57,1,0,5
3469,4,60,0,4,20,6,12,21,132,65,0,0,0
3469,5,60,0,4,20,0,12,21,141,65,1,0,9
3469,6,60,0,4,24,6,12,24,171,60,0,0,0
3469,7,60,0,4,24,0,12,24,180,60,0,0,0
3470,0,60,0,0,0,2,11,15,64,64,1,0,11
3470,1,60,0,0,6,4,14,21,110,70,0,0,0
3470,2,60,0,0,3,4,13,19,98,54,1,0,3
3470,3,60,0,0,9,6,16,25,141,57,0,0,0
3471,0,60,0,0,0,0,2,5,51,51,1,0,13
3471,1,60,0,0,8,0,5,11,98,58,0,0,0
3471,2,60,0,0,4,0,2,8,98,54,1,0,3
3471,3,60,0,0,12,0,5,14,141,57,0,0,0
3471,4,60,0,0,8,0,5,11,98,58,1,0,3
3471,5,60,0,0,16,0,8,17,141,61,0,0,0
3471,6,60,0,0,12,0,5,14,141,57,1,0,9
3471,7,60,0,0,20,0,8,20,180,56,0,0,0
3472,0,60,0,0,0,4,2,22,64,64,1,0,7
3472,1,60,0,0,6,1,3,25,98,58,0,0,0
3472,2,60,0,0,9,9,3,29,132,65,1,0,5
3472,3,60,0,0,9,3,3,29,141,65,0,0,0
3473,0,60,0,0,0,4,2,22,77,77,1,0,4
3473,1,60,0,0,6,1,3,25,98,58,0,0,0
3473,2,60,0,0,9,9,3,29,137,65,0,0,0
3473,3,60,0,0,9,3,3,29,141,65,1,0,13
3474,0,60,0,0,0,4,2,22,84,84,0,0,0
3474,1,60,0,0,6,1,3,25,110,70,1,0,13
3474,2,60,0,0,9,9,3,29,132,65,0,0,0
3474,3,60,0,0,9,3,3,29,141,65,1,0,6
3475,0,60,0,0,0,4,2,22,64,64,0,0,0
3475,1,60,0,0,6,1,3,25,98,58,1,0,6
3475,2,60,0,0,9,9,3,29,132,65,0,0,0
3475,3,60,0,0,9,3,3,29,141,65,1,0,9
3476,0,60,0,0,0,5,2,22,64,64,0,0,0
3476,1,60,0,0,6,4,3,25,98,58,1,0,3
3476,2,60,0,0,9,10,3,29,132,65,0,0,0
3476,3,60,0,0,9,6,3,29,141,65,1,0,5
3477,0,60,0,0,0,5,2,22,77,77,0,0,0
3477,1,60,0,0,6,4,3,25,98,58,1,0,12
3477,2,60,0,0,9,10,3,29,137,65,0,0,0
3477,3,60,0,0,9,6,3,29,141,65,0,0,0
3478,0,60,0,0,0,5,3,23,84,84,1,0,10
3478,1,60,0,0,6,4,4,26,110,70,0,0,0
3478,2,60,0,0,9,10,4,30,132,65,1,0,7
3478,3,60,0,0,9,6,4,30,141,65,0,0,0
3479,0,60,0,0,0,5,2,22,64,64,1,0,1
3479,1,60,0,0,6,4,3,25,98,58,0,0,0
3479,2,60,0,0,9,10,3,29,132,65,1,0,9
3479,3,60,0,0,9,6,3,29,141,65,0,0,0
3480,0,60,0,0,0,3,4,8,64,64,1,0,5
3480,1,60,0,0,12,0,8,14,98,58,0,0,0
3480,2,60,0,0,16,9,8,17,132,65,1,0,13
3480,3,60,0,0,16,0,8,17,141,65,0,0,0
3480,4,60,0,0,4,3,4,11,110,66,1,0,3
3480,5,60,0,0,16,0,8,17,141,57,0,0,0
3480,6,60,0,0,20,9,8,20,171,60,1,0,11
3480,7,60,0,0,20,0,8,20,180,60,0,0,0
3481,0,60,0,0,0,6,6,11,77,77,1,0,13
3481,1,60,0,0,12,0,8,14,98,58,0,0,0
3481,2,60,0,0,16,9,8,17,137,65,0,0,0
3481,3,60,0,0,16,0,8,17,141,65,1,0,13
3481,4,60,0,0,16,9,8,17,137,65,0,0,0
3481,5,60,0,0,16,0,8,17,141,65,1,0,15
3481,6,60,0,0,20,9,8,20,180,68,0,0,0
3481,7,60,0,0,20,0,8,20,180,68,1,0,11
3482,0,60,0,0,0,7,7,13,84,84,0,0,0
3482,1,60,0,0,12,1,9,16,110,70,1,0,9
3482,2,60,0,0,16,9,9,18,132,65,0,0,0
3482,3,60,0,0,16,0,9,18,141,65,1,0,9
3482,4,60,0,0,24,12,12,24,158,68,0,0,0
3482,5,60,0,0,24,3,12,24,171,68,1,0,8
3482,6,60,0,0,24,9,12,24,171,68,0,0,0
3482,7,60,0,0,24,0,12,24,180,68,1,0,11
3483,0,60,0,0,0,3,4,8,64,64,0,0,0
3483,1,60,0,0,12,0,8,14,98,58,1,0,9
3483,2,60,0,0,16,9,8,17,132,65,0,0,0
3483,3,60,0,0,16,0,8,17,141,65,0,0,0
3483,4,60,0,0,4,3,4,11,110,70,1,0,6
3483,5,60,0,0,16,0,8,17,141,61,0,0,0
3483,6,60,0,0,20,9,8,20,171,64,1,0,9
3483,7,60,0,0,20,0,8,20,180,64,0,0,0
3484,0,60,0,0,0,2,3,7,64,64,1,0,5
3484,1,60,0,0,8,0,5,11,98,58,0,0,0
3484,2,60,0,0,12,6,5,14,132,65,1,0,6
3484,3,60,0,0,12,0,5,14,141,65,0,0,0
3484,4,60,0,0,8,2,6,13,110,66,1,0,9
3484,5,60,0,0,16,0,8,17,141,57,0,0,0
3484,6,60,0,0,20,6,8,20,171,60,1,0,9
3484,7,60,0,0,20,0,8,20,180,60,0,0,0
3485,0,60,0,0,0,4,5,10,77,77,1,0,10
3485,1,60,0,0,8,0,6,12,98,58,0,0,0
3485,2,60,0,0,12,6,6,15,137,65,1,0,5
3485,3,60,0,0,12,0,6,15,141,65,0,0,0
3485,4,60,0,4,20,6,12,21,137,65,1,0,9
3485,5,60,0,4,20,0,12,21,141,65,0,0,0
3485,6,60,0,4,24,6,12,24,180,68,0,0,0
3485,7,60,0,4,24,0,12,24,180,68,1,0,19
3486,0,60,0,0,0,5,12,18,84,84,0,0,0
3486,1,60,0,0,6,4,14,21,110,70,1,0,17
3486,2,60,0,0,9,10,16,25,132,65,0,0,0
3486,3,60,0,0,9,6,16,25,141,65,1,0,15
3487,0,60,0,0,0,2,3,7,64,64,0,0,0
3487,1,60,0,0,8,0,5,11,98,58,1,0,3
3487,2,60,0,0,12,6,5,14,132,65,0,0,0
3487,3,60,0,0,12,0,5,14,141,65,1,0,9
3487,4,60,0,0,8,2,6,13,110,70,0,0,0
3487,5,60,0,0,16,0,8,17,141,61,1,0,5
3487,6,60,0,0,20,6,8,20,171,64,0,0,0
3487,7,60,0,0,20,0,8,20,180,64,1,0,11
3488,0,60,0,0,0,1,1,19,51,51,0,0,0
3488,1,60,0,0,6,1,3,25,98,58,1,0,3
3488,2,60,0,0,3,3,1,23,98,58,0,0,0
3488,3,60,0,0,9,3,3,29,141,61,0,0,0
3489,0,60,0,0,0,1,1,19,64,64,1,0,1
3489,1,60,0,0,6,1,3,25,98,58,0,0,0
3489,2,60,0,0,3,3,1,23,110,70,1,0,12
3489,3,60,0,0,9,3,3,29,141,61,0,0,0
3490,0,60,0,0,0,1,1,19,64,64,1,0,7
3490,1,60,0,0,6,1,3,25,110,70,0,0,0
3490,2,60,0,0,3,3,1,23,98,58,1,0,10
3490,3,60,0,0,9,3,3,29,141,61,0,0,0
3491,0,60,0,0,0,1,1,19,51,51,1,0,1
3491,1,60,0,0,6,1,3,25,98,58,0,0,0
3491,2,60,0,0,3,3,1,23,98,58,1,0,16
3491,3,60,0,0,9,3,3,29,141,61,0,0,0
3492,0,60,0,0,0,2,1,19,51,51,1,0,7
3492,1,60,0,0,6,4,3,25,98,58,0,0,0
3492,2,60,0,0,3,4,1,23,98,58,1,0,9
3492,3,60,0,0,9,6,3,29,141,61,0,0,0
3493,0,60,0,0,0,2,1,19,64,64,1,0,1
3493,1,60,0,0,6,4,3,25,98,58,0,0,0
3493,2,60,0,0,3,4,1,23,110,70,0,0,0
3493,3,60,0,0,9,6,3,29,141,61,1,0,9
3494,0,60,0,0,0,2,2,20,64,64,0,0,0
3494,1,60,0,0,6,4,4,26,110,70,1,0,11
3494,2,60,0,0,3,4,2,24,98,58,0,0,0
3494,3,60,0,0,9,6,4,30,141,61,1,0,12
3495,0,60,0,0,0,2,1,19,51,51,0,0,0
3495,1,60,0,0,6,4,3,25,98,58,1,0,3
3495,2,60,0,0,3,4,1,23,98,58,0,0,0
3495,3,60,0,0,9,6,3,29,141,61,1,0,10
3496,0,60,0,0,0,0,2,5,51,51,0,0,0
3496,1,60,0,0,12,0,8,14,98,58,1,0,13
3496,2,60,0,0,4,0,2,8,98,58,0,0,0
3496,3,60,0,0,16,0,8,17,141,61,1,0,5
3496,4,60,0,0,4,0,2,8,98,54,0,0,0
3496,5,60,0,0,16,0,8,17,141,57,1,0,15
3496,6,60,0,0,8,0,2,11,141,57,0,0,0
3496,7,60,0,0,20,0,8,20,180,56,1,0,11
3497,0,60,0,0,0,3,4,8,64,64,0,0,0
3497,1,60,0,0,12,0,8,14,98,58,0,0,0
3497,2,60,0,0,4,3,4,11,110,70,1,0,3
3497,3,60,0,0,16,0,8,17,141,61,0,0,0
3497,4,60,0,0,16,9,8,17,132,65,1,0,15
3497,5,60,0,0,16,0,8,17,141,65,0,0,0
3497,6,60,0,0,20,9,8,20,171,64,1,0,8
3497,7,60,0,0,20,0,8,20,180,64,0,0,0
3498,0,60,0,0,0,1,3,7,64,64,1,0,13
3498,1,60,0,0,12,1,9,16,110,70,0,0,0
3498,2,60,0,0,4,0,3,9,98,58,1,0,13
3498,3,60,0,0,16,0,9,18,141,61,0,0,0
3498,4,60,0,0,12,3,6,15,132,65,1,0,12
3498,5,60,0,0,24,3,12,24,171,64,0,0,0
3498,6,60,0,0,12,0,6,15,141,65,1,0,7
3498,7,60,0,0,24,0,12,24,180,64,0,0,0
3499,0,60,0,0,0,0,2,5,51,51,1,0,13
3499,1,60,0,0,12,0,8,14,98,58,0,0,0
3499,2,60,0,0,4,0,2,8,98,58,0,0,0
3499,3,60,0,0,16,0,8,17,141,61,1,0,6
3499,4,60,0,0,4,0,2,8,98,58,0,0,0
3499,5,60,0,0,16,0,8,17,141,61,1,0,7
3499,6,60,0,0,8,0,2,11,141,61,0,0,0
3499,7,60,0,0,20,0,8,20,180,60,1,0,11
3500,0,60,0,0,0,0,2,5,51,51,0,0,0
3500,1,60,0,0,8,0,5,11,98,58,1,0,7
3500,2,60,0,0,4,0,2,8,98,58,0,0,0
3500,3,60,0,0,12,0,5,14,141,61,1,0,7
3500,4,60,0,0,8,0,5,11,98,54,0,0,0
3500,5,60,0,0,16,0,8,17,141,57,1,0,5
3500,6,60,0,0,12,0,5,14,141,57,0,0,0
3500,7,60,0,0,20,0,8,20,180,56,1,0,7
3501,0,60,0,0,0,2,4,8,64,64,0,0,0
3501,1,60,0,0,8,0,6,12,98,58,1,0,7
3501,2,60,0,0,4,2,4,11,110,70,0,0,0
3501,3,60,0,0,12,0,6,15,141,61,1,0,5
3501,4,60,0,4,20,6,12,21,132,65,0,0,0
3501,5,60,0,4,20,0,12,21,141,65,0,0,0
3501,6,60,0,4,24,6,12,24,171,64,1,0,15
3501,7,60,0,4,24,0,12,24,180,64,0,0,0
3502,0,60,0,0,0,2,11,15,64,64,1,0,1
3502,1,60,0,0,6,4,14,21,110,70,0,0,0
3502,2,60,0,0,3,4,13,19,98,58,1,0,9
3502,3,60,0,0,9,6,16,25,141,61,0,0,0
3503,0,60,0,0,0,0,2,5,51,51,1,0,7
3503,1,60,0,0,8,0,5,11,98,58,0,0,0
3503,2,60,0,0,4,0,2,8,98,58,1,0,13
3503,3,60,0,0,12,0,5,14,141,61,0,0,0
3503,4,60,0,0,8,0,5,11,98,58,1,0,4
3503,5,60,0,0,16,0,8,17,141,61,0,0,0
3503,6,60,0,0,12,0,5,14,141,61,1,0,9
3503,7,60,0,0,20,0,8,20,180,60,0,0,0
3504,0,60,0,0,0,9,0,28,64,64,1,0,10
3504,1,60,0,0,2,6,0,31,110,70,0,0,0
3505,0,60,0,0,0,9,0,28,84,84,0,0,0
3505,1,60,0,0,2,6,0,31,110,70,1,0,4
3506,0,60,0,0,0,9,0,28,77,77,0,0,0
3506,1,60,0,0,2,6,0,31,122,82,1,0,5
3507,0,60,0,0,0,9,0,28,64,64,0,0,0
3507,1,60,0,0,2,6,0,31,110,70,1,0,16
3508,0,60,0,0,0,11,0,28,64,64,0,0,0
3508,1,60,0,0,2,10,0,31,110,70,1,0,9
3509,0,60,0,0,0,11,0,28,84,84,0,0,0
3509,1,60,0,0,2,10,0,31,110,70,1,0,3
3510,0,60,0,0,0,12,2,30,77,77,0,0,0
3510,1,60,0,0,2,11,2,33,122,82,1,0,3
3511,0,60,0,0,0,11,0,28,64,64,0,0,0
3511,1,60,0,0,2,10,0,31,110,70,1,0,9
3512,0,60,0,0,0,1,3,7,64,64,0,0,0
3512,1,60,0,0,12,1,9,16,110,70,1,0,15
3512,2,60,0,0,12,3,6,15,132,61,0,0,0
3512,3,60,0,0,24,3,12,24,171,60,1,0,11
3512,4,60,0,0,4,0,3,9,98,54,0,0,0
3512,5,60,0,0,16,0,9,18,141,57,0,0,0
3512,6,60,0,0,12,0,6,15,141,61,1,0,5
3512,7,60,0,0,24,0,12,24,180,60,0,0,0
3513,0,60,0,0,0,7,7,13,84,84,1,0,11
3513,1,60,0,0,12,1,9,16,110,70,0,0,0
3513,2,60,0,0,24,12,12,24,158,68,1,0,11
3513,3,60,0,0,24,3,12,24,171,68,0,0,0
3513,4,60,0,0,16,9,9,18,132,65,1,0,5
3513,5,60,0,0,16,0,9,18,141,65,0,0,0
3513,6,60,0,0,24,9,12,24,171,68,1,0,11
3513,7,60,0,0,24,0,12,24,180,68,0,0,0
3514,0,60,0,0,0,4,6,11,77,77,1,0,13
3514,1,60,0,0,12,4,12,20,122,82,0,0,0
3514,2,60,0,0,16,6,10,19,132,69,1,0,13
3514,3,60,0,0,28,6,16,28,171,68,0,0,0
3514,4,60,0,0,16,6,10,19,132,69,1,0,13
3514,5,60,0,0,28,6,16,28,171,68,0,0,0
3514,6,60,0,0,16,0,10,19,141,69,0,0,0
3514,7,60,0,0,28,0,16,28,180,68,1,0,8
3515,0,60,0,0,0,1,3,7,64,64,0,0,0
3515,1,60,0,0,12,1,9,16,110,70,1,0,13
3515,2,60,0,0,12,3,6,15,132,65,0,0,0
3515,3,60,0,0,24,3,12,24,171,64,1,0,11
3515,4,60,0,0,4,0,3,9,98,58,0,0,0
3515,5,60,0,0,16,0,9,18,141,61,1,0,5
3515,6,60,0,0,12,0,6,15,141,65,0,0,0
3515,7,60,0,0,24,0,12,24,180,64,1,0,9
3516,0,60,0,0,0,2,3,7,64,64,0,0,0
3516,1,60,0,0,8,2,6,13,110,70,1,0,7
3516,2,60,0,0,12,6,5,14,132,61,0,0,0
3516,3,60,0,0,20,6,8,20,171,60,1,0,8
3516,4,60,0,0,8,0,5,11,98,54,0,0,0
3516,5,60,0,0,16,0,8,17,141,57,1,0,9
3516,6,60,0,0,12,0,5,14,141,61,0,0,0
3516,7,60,0,0,20,0,8,20,180,60,1,0,11
3517,0,60,0,0,0,7,7,13,84,84,0,0,0
3517,1,60,0,0,8,3,8,15,110,70,0,0,0
3517,2,60,0,4,24,15,12,24,158,68,1,0,8
3517,3,60,0,4,24,9,12,24,171,68,0,0,0
3517,4,60,0,4,20,6,12,21,132,65,1,0,13
3517,5,60,0,4,20,0,12,21,141,65,0,0,0
3517,6,60,0,4,24,6,12,24,171,68,1,0,11
3517,7,60,0,4,24,0,12,24,180,68,0,0,0
3518,0,60,0,0,0,7,15,20,77,77,1,0,1
3518,1,60,0,0,2,6,15,23,122,82,0,0,0
3519,0,60,0,0,0,2,3,7,64,64,1,0,7
3519,1,60,0,0,8,2,6,13,110,70,0,0,0
3519,2,60,0,0,12,6,5,14,132,65,1,0,7
3519,3,60,0,0,20,6,8,20,171,64,0,0,0
3519,4,60,0,0,8,0,5,11,98,58,1,0,13
3519,5,60,0,0,16,0,8,17,141,61,0,0,0
3519,6,60,0,0,12,0,5,14,141,65,1,0,15
3519,7,60,0,0,20,0,8,20,180,64,0,0,0
3520,0,60,0,0,0,0,0,18,51,51,1,0,4
3520,1,60,0,0,3,0,0,22,98,58,0,0,0
3520,2,60,0,0,3,0,0,22,98,54,0,0,0
3520,3,60,0,0,6,0,0,26,141,57,1,0,9
3521,0,60,0,0,0,0,0,18,64,64,0,0,0
3521,1,60,0,0,3,0,0,22,98,58,1,0,11
3521,2,60,0,0,3,0,0,22,110,66,0,0,0
3521,3,60,0,0,6,0,0,26,141,57,1,0,6
3522,0,60,0,0,0,0,0,18,64,64,0,0,0
3522,1,60,0,0,3,0,0,22,110,70,1,0,10
3522,2,60,0,0,3,0,0,22,98,54,0,0,0
3522,3,60,0,0,6,0,0,26,141,57,1,0,9
3523,0,60,0,0,0,0,0,18,51,51,0,0,0
3523,1,60,0,0,3,0,0,22,98,58,1,0,3
3523,2,60,0,0,3,0,0,22,98,54,0,0,0
3523,3,60,0,0,6,0,0,26,141,57,1,0,5
3524,0,60,0,0,0,2,0,18,51,51,0,0,0
3524,1,60,0,0,3,4,0,22,98,58,1,0,10
3524,2,60,0,0,3,4,0,22,98,54,0,0,0
3524,3,60,0,0,6,6,0,26,141,57,0,0,0
3525,0,60,0,0,0,2,0,18,64,64,1,0,5
3525,1,60,0,0,3,4,0,22,98,58,0,0,0
3525,2,60,0,0,3,4,0,22,110,66,1,0,7
3525,3,60,0,0,6,6,0,26,141,57,0,0,0
3526,0,60,0,0,0,2,0,18,64,64,1,0,1
3526,1,60,0,0,3,4,0,22,110,70,0,0,0
3526,2,60,0,0,3,4,0,22,98,54,1,0,7
3526,3,60,0,0,6,6,0,26,141,57,0,0,0
3527,0,60,0,0,0,2,0,18,51,51,1,0,13
3527,1,60,0,0,3,4,0,22,98,58,0,0,0
3527,2,60,0,0,3,4,0,22,98,54,1,0,16
3527,3,60,0,0,6,6,0,26,141,57,0,0,0
3528,0,60,0,0,0,0,2,5,51,51,1,0,1
3528,1,60,0,0,8,0,5,11,98,58,0,0,0
3528,2,60,0,0,8,0,5,11,98,54,1,0,15
3528,3,60,0,0,16,0,8,17,141,57,0,0,0
3528,4,60,0,0,4,0,2,8,98,54,1,0,11
3528,5,60,0,0,12,0,5,14,141,57,0,0,0
3528,6,60,0,0,12,0,5,14,141,53,0,0,0
3528,7,60,0,0,20,0,8,20,180,52,1,0,11
3529,0,60,0,0,0,2,3,7,64,64,0,0,0
3529,1,60,0,0,8,0,5,11,98,58,1,0,11
3529,2,60,0,0,8,2,6,13,110,66,0,0,0
3529,3,60,0,0,16,0,8,17,141,57,1,0,15
3529,4,60,0,0,12,6,5,14,132,65,0,0,0
3529,5,60,0,0,12,0,5,14,141,65,1,0,9
3529,6,60,0,0,20,6,8,20,171,60,0,0,0
3529,7,60,0,0,20,0,8,20,180,60,1,0,11
3530,0,60,0,0,0,2,3,7,64,64,0,0,0
3530,1,60,0,0,8,2,6,13,110,70,1,0,3
3530,2,60,0,0,8,0,5,11,98,54,0,0,0
3530,3,60,0,0,16,0,8,17,141,57,1,0,11
3530,4,60,0,0,12,6,5,14,132,61,0,0,0
3530,5,60,0,0,20,6,8,20,171,60,1,0,11
3530,6,60,0,0,12,0,5,14,141,61,0,0,0
3530,7,60,0,0,20,0,8,20,180,60,0,0,0
3531,0,60,0,0,0,0,2,5,51,51,1,0,4
3531,1,60,0,0,8,0,5,11,98,58,0,0,0
3531,2,60,0,0,8,0,5,11,98,54,1,0,3
3531,3,60,0,0,16,0,8,17,141,57,0,0,0
3531,4,60,0,0,4,0,2,8,98,58,1,0,3
3531,5,60,0,0,12,0,5,14,141,61,0,0,0
3531,6,60,0,0,12,0,5,14,141,57,1,0,6
3531,7,60,0,0,20,0,8,20,180,56,0,0,0
3532,0,60,0,0,0,0,0,3,51,51,1,0,7
3532,1,60,0,0,4,0,0,6,98,58,0,0,0
3532,2,60,0,0,4,0,0,6,98,54,1,0,11
3532,3,60,0,0,8,0,0,9,141,57,0,0,0
3532,4,60,0,0,4,0,0,6,98,54,1,0,4
3532,5,60,0,0,8,0,0,9,141,57,0,0,0
3532,6,60,0,0,8,0,0,9,141,53,1,0,15
3532,7,60,0,0,12,0,0,12,180,52,0,0,0
3533,0,60,0,0,0,1,1,5,64,64,1,0,7
3533,1,60,0,0,4,0,1,7,98,58,0,0,0
3533,2,60,0,0,4,1,1,8,110,66,0,0,0
3533,3,60,0,0,8,0,1,10,141,57,1,0,9
3533,4,60,0,4,12,3,4,13,132,65,0,0,0
3533,5,60,0,4,12,0,4,13,141,65,1,0,7
3533,6,60,0,4,16,3,4,16,171,60,0,0,0
3533,7,60,0,4,16,0,4,16,180,60,1,0,11
3534,0,60,0,0,0,1,1,5,64,64,0,0,0
3534,1,60,0,0,4,1,1,8,110,70,1,0,3
3534,2,60,0,0,4,0,1,7,98,54,0,0,0
3534,3,60,0,0,8,0,1,10,141,57,1,0,9
3534,4,60,0,4,12,3,4,13,132,61,0,0,0
3534,5,60,0,4,16,3,4,16,171,60,1,0,11
3534,6,60,0,4,12,0,4,13,141,61,0,0,0
3534,7,60,0,4,16,0,4,16,180,60,1,0,11
3535,0,60,0,0,0,0,0,3,51,51,0,0,0
3535,1,60,0,0,4,0,0,6,98,58,1,0,3
3535,2,60,0,0,4,0,0,6,98,54,0,0,0
3535,3,60,0,0,8,0,0,9,141,57,0,0,0
3535,4,60,0,0,4,0,0,6,98,58,1,0,3
3535,5,60,0,0,8,0,0,9,141,61,0,0,0
3535,6,60,0,0,8,0,0,9,141,57,1,0,5
3535,7,60,0,0,12,0,0,12,180,56,0,0,0
3536,0,60,0,0,0,2,1,21,64,64,1,0,13
3536,1,60,0,0,3,0,1,23,98,58,0,0,0
3536,2,60,0,3,9,4,3,29,132,65,1,0,6
3536,3,60,0,3,9,0,3,29,141,65,0,0,0
3537,0,60,0,0,0,2,1,21,77,77,1,0,1
3537,1,60,0,0,3,0,1,23,98,58,0,0,0
3537,2,60,0,3,9,4,3,29,137,65,1,0,12
3537,3,60,0,3,9,0,3,29,141,65,0,0,0
3538,0,60,0,0,0,2,1,21,84,84,1,0,13
3538,1,60,0,0,3,0,1,23,110,70,0,0,0
3538,2,60,0,3,9,4,3,29,132,65,1,0,5
3538,3,60,0,3,9,0,3,29,141,65,0,0,0
3539,0,60,0,0,0,2,1,21,64,64,1,0,1
3539,1,60,0,0,3,0,1,23,98,58,0,0,0
3539,2,60,0,3,9,4,3,29,132,65,0,0,0
3539,3,60,0,3,9,0,3,29,141,65,1,0,9
3540,0,60,0,0,0,4,1,21,64,64,0,0,0
3540,1,60,0,0,3,4,1,23,98,58,1,0,11
3540,2,60,0,3,9,8,3,29,132,65,0,0,0
3540,3,60,0,3,9,6,3,29,141,65,1,0,12
3541,0,60,0,0,0,4,1,21,77,77,0,0,0
3541,1,60,0,0,3,4,1,23,98,58,1,0,3
3541,2,60,0,3,9,8,3,29,137,65,0,0,0
3541,3,60,0,3,9,6,3,29,141,65,1,0,10
3542,0,60,0,0,0,4,1,21,84,84,0,0,0
3542,1,60,0,0,3,4,1,23,110,70,1,0,12
3542,2,60,0,3,9,8,3,29,132,65,0,0,0
3542,3,60,0,3,9,6,3,29,141,65,1,0,5
3543,0,60,0,0,0,4,1,21,64,64,0,0,0
3543,1,60,0,0,3,4,1,23,98,58,1,0,3
3543,2,60,0,3,9,8,3,29,132,65,0,0,0
3543,3,60,0,3,9,6,3,29,141,65,1,0,8
3544,0,60,0,0,0,2,4,8,64,64,0,0,0
3544,1,60,0,0,8,0,6,12,98,58,0,0,0
3544,2,60,0,4,20,6,12,21,132,65,1,0,13
3544,3,60,0,4,20,0,12,21,141,65,0,0,0
3544,4,60,0,0,4,2,4,11,110,66,1,0,15
3544,5,60,0,0,12,0,6,15,141,57,0,0,0
3544,6,60,0,4,24,6,12,24,171,60,1,0,8
3544,7,60,0,4,24,0,12,24,180,60,0,0,0
3545,0,60,0,0,0,4,5,10,77,77,1,0,13
3545,1,60,0,0,8,0,6,12,98,58,0,0,0
3545,2,60,0,4,20,6,12,21,137,65,1,0,7
3545,3,60,0,4,20,0,12,21,141,65,0,0,0
3545,4,60,0,0,12,6,6,15,137,65,1,0,6
3545,5,60,0,0,12,0,6,15,141,65,0,0,0
3545,6,60,0,4,24,6,12,24,180,68,1,0,9
3545,7,60,0,4,24,0,12,24,180,68,0,0,0
3546,0,60,0,0,0,7,7,13,84,84,1,0,13
3546,1,60,0,0,8,3,8,15,110,70,0,0,0
3546,2,60,0,4,20,6,12,21,132,65,0,0,0
3546,3,60,0,4,20,0,12,21,141,65,1,0,6
3546,4,60,0,4,24,15,12,24,158,68,0,0,0
3546,5,60,0,4,24,9,12,24,171,68,1,0,9
3546,6,60,0,4,24,6,12,24,171,68,0,0,0
3546,7,60,0,4,24,0,12,24,180,68,1,0,11
3547,0,60,0,0,0,2,4,8,64,64,0,0,0
3547,1,60,0,0,8,0,6,12,98,58,1,0,9
3547,2,60,0,4,20,6,12,21,132,65,0,0,0
3547,3,60,0,4,20,0,12,21,141,65,1,0,7
3547,4,60,0,0,4,2,4,11,110,70,0,0,0
3547,5,60,0,0,12,0,6,15,141,61,1,0,5
3547,6,60,0,4,24,6,12,24,171,64,0,0,0
3547,7,60,0,4,24,0,12,24,180,64,1,0,11
3548,0,60,0,0,0,1,1,5,64,64,0,0,0
3548,1,60,0,0,4,0,1,7,98,58,1,0,9
3548,2,60,0,4,12,3,4,13,132,65,0,0,0
3548,3,60,0,4,12,0,4,13,141,65,1,0,5
3548,4,60,0,0,4,1,1,8,110,66,0,0,0
3548,5,60,0,0,8,0,1,10,141,57,0,0,0
3548,6,60,0,4,16,3,4,16,171,60,1,0,15
3548,7,60,0,4,16,0,4,16,180,60,0,0,0
3549,0,60,0,0,0,2,2,7,77,77,1,0,1
3549,1,60,0,0,4,0,2,8,98,58,0,0,0
3549,2,60,0,3,11,3,4,13,137,65,1,0,15
3549,3,60,0,3,11,0,4,13,141,65,0,0,0
3549,4,60,0,3,11,3,4,13,137,65,1,0,11
3549,5,60,0,3,11,0,4,13,141,65,0,0,0
3549,6,60,0,4,16,3,4,16,180,68,1,0,11
3549,7,60,0,4,16,0,4,16,180,68,0,0,0
3550,0,60,0,0,0,4,3,9,84,84,1,0,1
3550,1,60,0,0,4,2,3,10,110,70,0,0,0
3550,2,60,0,4,12,3,5,14,132,65,1,0,11
3550,3,60,0,4,12,0,5,14,141,65,0,0,0
3550,4,60,0,8,20,9,8,20,158,68,1,0,11
3550,5,60,0,8,20,6,8,20,171,68,0,0,0
3550,6,60,0,8,20,3,8,20,171,68,0,0,0
3550,7,60,0,8,20,0,8,20,180,68,1,0,8
3551,0,60,0,0,0,1,1,5,64,64,0,0,0
3551,1,60,0,0,4,0,1,7,98,58,1,0,5
3551,2,60,0,4,12,3,4,13,132,65,0,0,0
3551,3,60,0,4,12,0,4,13,141,65,1,0,15
3551,4,60,0,0,4,1,1,8,110,70,0,0,0
3551,5,60,0,0,8,0,1,10,141,61,1,0,8
3551,6,60,0,4,16,3,4,16,171,64,0,0,0
3551,7,60,0,4,16,0,4,16,180,64,1,0,9
3552,0,60,0,0,0,0,0,18,51,51,0,0,0
3552,1,60,0,0,3,0,0,22,98,58,1,0,3
3552,2,60,0,0,3,0,0,22,98,58,0,0,0
3552,3,60,0,0,6,0,0,26,141,61,1,0,9
3553,0,60,0,0,0,0,0,18,64,64,0,0,0
3553,1,60,0,0,3,0,0,22,98,58,1,0,9
3553,2,60,0,0,3,0,0,22,110,70,0,0,0
3553,3,60,0,0,6,0,0,26,141,61,1,0,5
3554,0,60,0,0,0,0,0,18,64,64,0,0,0
3554,1,60,0,0,3,0,0,22,110,70,0,0,0
3554,2,60,0,0,3,0,0,22,98,58,1,0,3
3554,3,60,0,0,6,0,0,26,141,61,0,0,0
3555,0,60,0,0,0,0,0,18,51,51,1,0,4
3555,1,60,0,0,3,0,0,22,98,58,0,0,0
3555,2,60,0,0,3,0,0,22,98,58,1,0,3
3555,3,60,0,0,6,0,0,26,141,61,0,0,0
3556,0,60,0,0,0,2,0,18,51,51,1,0,7
3556,1,60,0,0,3,4,0,22,98,58,0,0,0
3556,2,60,0,0,3,4,0,22,98,58,1,0,13
3556,3,60,0,0,6,6,0,26,141,61,0,0,0
3557,0,60,0,0,0,2,0,18,64,64,1,0,10
3557,1,60,0,0,3,4,0,22,98,58,0,0,0
3557,2,60,0,0,3,4,0,22,110,70,1,0,3
3557,3,60,0,0,6,6,0,26,141,61,0,0,0
3558,0,60,0,0,0,2,0,18,64,64,1,0,7
3558,1,60,0,0,3,4,0,22,110,70,0,0,0
3558,2,60,0,0,3,4,0,22,98,58,0,0,0
3558,3,60,0,0,6,6,0,26,141,61,1,0,6
3559,0,60,0,0,0,2,0,18,51,51,0,0,0
3559,1,60,0,0,3,4,0,22,98,58,1,0,10
3559,2,60,0,0,3,4,0,22,98,58,0,0,0
3559,3,60,0,0,6,6,0,26,141,61,1,0,9
3560,0,60,0,0,0,0,2,5,51,51,0,0,0
3560,1,60,0,0,8,0,5,11,98,58,1,0,3
3560,2,60,0,0,8,0,5,11,98,58,0,0,0
3560,3,60,0,0,16,0,8,17,141,61,1,0,7
3560,4,60,0,0,4,0,2,8,98,54,0,0,0
3560,5,60,0,0,12,0,5,14,141,57,1,0,5
3560,6,60,0,0,12,0,5,14,141,57,0,0,0
3560,7,60,0,0,20,0,8,20,180,56,1,0,8
3561,0,60,0,0,0,2,3,7,64,64,0,0,0
3561,1,60,0,0,8,0,5,11,98,58,1,0,3
3561,2,60,0,0,8,2,6,13,110,70,0,0,0
3561,3,60,0,0,16,0,8,17,141,61,1,0,5
3561,4,60,0,0,12,6,5,14,132,65,0,0,0
3561,5,60,0,0,12,0,5,14,141,65,0,0,0
3561,6,60,0,0,20,6,8,20,171,64,1,0,8
3561,7,60,0,0,20,0,8,20,180,64,0,0,0
3562,0,60,0,0,0,2,3,7,64,64,1,0,7
3562,1,60,0,0,8,2,6,13,110,70,0,0,0
3562,2,60,0,0,8,0,5,11,98,58,1,0,15
3562,3,60,0,0,16,0,8,17,141,61,0,0,0
3562,4,60,0,0,12,6,5,14,132,65,1,0,13
3562,5,60,0,0,20,6,8,20,171,64,0,0,0
3562,6,60,0,0,12,0,5,14,141,65,1,0,7
3562,7,60,0,0,20,0,8,20,180,64,0,0,0
3563,0,60,0,0,0,0,2,5,51,51,1,0,13
3563,1,60,0,0,8,0,5,11,98,58,0,0,0
3563,2,60,0,0,8,0,5,11,98,58,1,0,9
3563,3,60,0,0,16,0,8,17,141,61,0,0,0
3563,4,60,0,0,4,0,2,8,98,58,1,0,13
3563,5,60,0,0,12,0,5,14,141,61,0,0,0
3563,6,60,0,0,12,0,5,14,141,61,1,0,9
3563,7,60,0,0,20,0,8,20,180,60,0,0,0
3564,0,60,0,0,0,0,0,3,51,51,0,0,0
3564,1,60,0,0,4,0,0,6,98,58,1,0,13
3564,2,60,0,0,4,0,0,6,98,58,0,0,0
3564,3,60,0,0,8,0,0,9,141,61,1,0,9
3564,4,60,0,0,4,0,0,6,98,54,0,0,0
3564,5,60,0,0,8,0,0,9,141,57,1,0,5
3564,6,60,0,0,8,0,0,9,141,57,0,0,0
3564,7,60,0,0,12,0,0,12,180,56,1,0,11
3565,0,60,0,0,0,1,1,5,64,64,0,0,0
3565,1,60,0,0,4,0,1,7,98,58,1,0,9
3565,2,60,0,0,4,1,1,8,110,70,0,0,0
3565,3,60,0,0,8,0,1,10,141,61,1,0,5
3565,4,60,0,4,12,3,4,13,132,65,0,0,0
3565,5,60,0,4,12,0,4,13,141,65,1,0,7
3565,6,60,0,4,16,3,4,16,171,64,0,0,0
3565,7,60,0,4,16,0,4,16,180,64,1,0,11
3566,0,60,0,0,0,1,1,5,64,64,0,0,0
3566,1,60,0,0,4,1,1,8,110,70,0,0,0
3566,2,60,0,0,4,0,1,7,98,58,1,0,3
3566,3,60,0,0,8,0,1,10,141,61,0,0,0
3566,4,60,0,4,12,3,4,13,132,65,1,0,9
3566,5,60,0,4,16,3,4,16,171,64,0,0,0
3566,6,60,0,4,12,0,4,13,141,65,1,0,5
3566,7,60,0,4,16,0,4,16,180,64,0,0,0
3567,0,60,0,0,0,0,0,3,51,51,1,0,7
3567,1,60,0,0,4,0,0,6,98,58,0,0,0
3567,2,60,0,0,4,0,0,6,98,58,1,0,5
3567,3,60,0,0,8,0,0,9,141,61,0,0,0
3567,4,60,0,0,4,0,0,6,98,58,1,0,9
3567,5,60,0,0,8,0,0,9,141,61,0,0,0
3567,6,60,0,0,8,0,0,9,141,61,1,0,9
3567,7,60,0,0,12,0,0,12,180,60,0,0,0
3568,0,60,0,0,0,3,1,29,64,64,1,0,10
3568,1,60,0,0,2,4,1,32,110,70,0,0,0
3569,0,60,0,0,0,3,1,29,84,84,1,0,10
3569,1,60,0,0,2,4,1,32,110,70,0,0,0
3570,0,60,0,0,0,4,2,30,77,77,0,0,0
3570,1,60,0,0,2,5,2,33,122,82,1,0,7
3571,0,60,0,0,0,3,1,29,64,64,0,0,0
3571,1,60,0,0,2,4,1,32,110,70,1,0,16
3572,0,60,0,0,0,11,0,28,64,64,0,0,0
3572,1,60,0,0,2,12,0,31,110,70,1,0,10
3573,0,60,0,0,0,11,0,28,84,84,0,0,0
3573,1,60,0,0,2,12,0,31,110,70,1,0,12
3574,0,60,0,0,0,11,0,28,77,77,0,0,0
3574,1,60,0,0,2,12,0,31,122,82,1,0,3
3575,0,60,0,0,0,11,0,28,64,64,0,0,0
3575,1,60,0,0,2,12,0,31,110,70,1,0,3
3576,0,60,0,0,0,2,11,15,64,64,0,0,0
3576,1,60,0,0,6,4,14,21,110,70,1,0,7
3576,4,60,0,0,3,4,13,19,98,54,0,0,0
3576,5,60,0,0,9,6,16,25,141,57,1,0,15
3577,0,60,0,0,0,5,12,18,84,84,0,0,0
3577,1,60,0,0,6,4,14,21,110,70,0,0,0
3577,4,60,0,0,9,10,16,25,132,65,1,0,6
3577,5,60,0,0,9,6,16,25,141,65,0,0,0
3578,0,60,0,0,0,7,15,20,77,77,1,0,1
3578,1,60,0,0,2,6,15,23,122,82,0,0,0
3579,0,60,0,0,0,2,11,15,64,64,1,0,7
3579,1,60,0,0,6,4,14,21,110,70,0,0,0
3579,4,60,0,0,3,4,13,19,98,58,1,0,6
3579,5,60,0,0,9,6,16,25,141,61,0,0,0
3580,0,60,0,0,0,1,1,5,64,64,1,0,7
3580,1,60,0,0,4,1,1,8,110,70,0,0,0
3580,2,60,0,4,12,3,4,13,132,61,1,0,7
3580,3,60,0,4,16,3,4,16,171,60,0,0,0
3580,4,60,0,0,4,0,1,7,98,54,1,0,4
3580,5,60,0,0,8,0,1,10,141,57,0,0,0
3580,6,60,0,4,12,0,4,13,141,61,1,0,15
3580,7,60,0,4,16,0,4,16,180,60,0,0,0
3581,0,60,0,0,0,4,3,9,84,84,1,0,7
3581,1,60,0,0,4,2,3,10,110,70,0,0,0
3581,2,60,0,8,20,9,8,20,158,68,0,0,0
3581,3,60,0,8,20,6,8,20,171,68,1,0,15
3581,4,60,0,4,12,3,5,14,132,65,0,0,0
3581,5,60,0,4,12,0,5,14,141,65,1,0,7
3581,6,60,0,8,20,3,8,20,171,68,0,0,0
3581,7,60,0,8,20,0,8,20,180,68,1,0,11
3582,0,60,0,0,0,4,4,9,77,77,0,0,0
3582,1,60,0,0,4,4,4,12,122,82,1,0,3
3582,2,60,0,8,16,6,8,17,132,69,0,0,0
3582,3,60,0,8,20,6,8,20,171,68,1,0,9
3582,4,60,0,8,16,6,8,17,132,69,0,0,0
3582,5,60,0,8,20,6,8,20,171,68,1,0,11
3582,6,60,0,8,16,0,8,17,141,69,0,0,0
3582,7,60,0,8,20,0,8,20,180,68,1,0,15
3583,0,60,0,0,0,1,1,5,64,64,0,0,0
3583,1,60,0,0,4,1,1,8,110,70,1,0,3
3583,2,60,0,4,12,3,4,13,132,65,0,0,0
3583,3,60,0,4,16,3,4,16,171,64,0,0,0
3583,4,60,0,0,4,0,1,7,98,58,1,0,3
3583,5,60,0,0,8,0,1,10,141,61,0,0,0
3583,6,60,0,4,12,0,4,13,141,65,1,0,5
3583,7,60,0,4,16,0,4,16,180,64,0,0,0
3584,0,60,0,0,0,2,1,41,64,64,1,0,4
3585,0,60,0,0,0,3,1,42,84,84,0,0,0
3586,0,60,0,0,0,3,1,42,77,77,1,0,11
3587,0,60,0,0,0,2,1,41,64,64,0,0,0
3588,0,60,0,0,0,3,1,41,64,64,1,0,1
3589,0,60,0,0,0,4,1,42,84,84,0,0,0
3590,0,60,0,0,0,3,1,42,77,77,1,0,7
3591,0,60,0,0,0,3,1,41,64,64,0,0,0
3592,0,60,0,0,0,4,2,30,64,64,1,0,4
3592,4,60,0,0,2,6,2,33,110,66,0,0,0
3593,0,60,0,0,0,12,4,38,84,84,1,0,10
3594,0,60,0,0,0,12,1,39,77,77,0,0,0
3595,0,60,0,0,0,4,2,30,64,64,1,0,1
3595,4,60,0,0,2,6,2,33,110,70,0,0,0
3596,0,60,0,0,0,3,1,29,64,64,0,0,0
3596,4,60,0,0,2,4,1,32,110,66,1,0,3
3597,0,60,0,0,0,9,2,36,84,84,0,0,0
3598,0,60,0,0,0,6,2,40,77,77,1,0,4
3599,0,60,0,0,0,3,1,29,64,64,0,0,0
3599,4,60,0,0,2,4,1,32,110,70,1,0,9
3600,0,60,0,0,0,3,2,42,77,77,0,0,0
3601,0,60,0,0,0,4,2,43,97,97,1,0,1
3602,0,60,0,0,0,4,2,43,97,97,0,0,0
3603,0,60,0,0,0,3,2,42,77,77,1,0,4
3604,0,60,0,0,0,4,2,42,77,77,0,0,0
3605,0,60,0,0,0,5,2,43,97,97,1,0,13
3606,0,60,0,0,0,4,2,43,97,97,0,0,0
3607,0,60,0,0,0,4,2,42,77,77,1,0,10
3608,0,60,0,0,0,5,3,31,77,77,0,0,0
3608,4,60,0,0,2,7,3,34,122,78,1,0,16
3609,0,60,0,0,0,13,5,39,97,97,0,0,0
3610,0,60,0,0,0,14,3,41,97,97,1,0,7
3611,0,60,0,0,0,5,3,31,77,77,0,0,0
3611,4,60,0,0,2,7,3,34,122,82,0,0,0
3612,0,60,0,0,0,4,2,30,77,77,1,0,10
3612,4,60,0,0,2,5,2,33,122,78,0,0,0
3613,0,60,0,0,0,10,3,37,97,97,1,0,7
3614,0,60,0,0,0,7,3,41,97,97,0,0,0
3615,0,60,0,0,0,4,2,30,77,77,1,0,1
3615,4,60,0,0,2,5,2,33,122,82,0,0,0
3616,0,60,0,0,0,2,1,41,64,64,1,0,4
3617,0,60,0,0,0,3,1,42,84,84,0,0,0
3618,0,60,0,0,0,3,1,42,77,77,1,0,10
3619,0,60,0,0,0,2,1,41,64,64,0,0,0
3620,0,60,0,0,0,3,1,41,64,64,1,0,10
3621,0,60,0,0,0,4,1,42,84,84,0,0,0
3622,0,60,0,0,0,3,1,42,77,77,1,0,1
3623,0,60,0,0,0,3,1,41,64,64,0,0,0
3624,0,60,0,0,0,4,2,30,64,64,1,0,10
3624,4,60,0,0,2,6,2,33,110,66,0,0,0
3625,0,60,0,0,0,12,4,38,84,84,0,0,0
3626,0,60,0,0,0,12,1,39,77,77,1,0,4
3627,0,60,0,0,0,4,2,30,64,64,0,0,0
3627,4,60,0,0,2,6,2,33,110,70,1,0,7
3628,0,60,0,0,0,3,1,29,64,64,0,0,0
3628,4,60,0,0,2,4,1,32,110,66,1,0,3
3629,0,60,0,0,0,9,2,36,84,84,0,0,0
3630,0,60,0,0,0,6,2,40,77,77,1,0,13
3631,0,60,0,0,0,3,1,29,64,64,0,0,0
3631,4,60,0,0,2,4,1,32,110,70,1,0,6
3632,0,60,0,0,0,3,0,42,84,84,0,0,0
3633,0,60,0,0,0,4,0,43,111,111,1,0,10
3634,0,60,0,0,0,4,0,43,97,97,0,0,0
3635,0,60,0,0,0,3,0,42,84,84,1,0,1
3636,0,60,0,0,0,4,0,42,84,84,0,0,0
3637,0,60,0,0,0,5,0,43,111,111,1,0,4
3638,0,60,0,0,0,4,0,43,97,97,0,0,0
3639,0,60,0,0,0,4,0,42,84,84,1,0,7
3640,0,60,0,0,0,4,2,30,84,84,0,0,0
3640,4,60,0,0,2,6,2,33,110,66,0,0,0
3641,0,60,0,0,0,13,5,39,111,111,1,0,16
3642,0,60,0,0,0,12,1,39,97,97,0,0,0
3643,0,60,0,0,0,4,2,30,84,84,1,0,1
3643,4,60,0,0,2,6,2,33,110,70,0,0,0
3644,0,60,0,0,0,3,1,29,84,84,1,0,5
3644,4,60,0,0,2,4,1,32,110,66,0,0,0
3645,0,60,0,0,0,10,3,37,111,111,1,0,16
3646,0,60,0,0,0,7,3,41,97,97,0,0,0
3647,0,60,0,0,0,3,1,29,84,84,1,0,10
3647,4,60,0,0,2,4,1,32,110,70,0,0,0
3648,0,60,0,0,0,9,0,40,64,64,1,0,1
3649,0,60,0,0,0,10,0,41,84,84,0,0,0
3650,0,60,0,0,0,10,0,41,77,77,1,0,7
3651,0,60,0,0,0,9,0,40,64,64,0,0,0
3652,0,60,0,0,0,10,0,40,64,64,1,0,4
3653,0,60,0,0,0,11,0,41,84,84,0,0,0
3654,0,60,0,0,0,11,0,41,77,77,0,0,0
3655,0,60,0,0,0,10,0,40,64,64,1,0,7
3656,0,60,0,0,0,11,1,29,64,64,0,0,0
3656,4,60,0,0,2,12,1,32,110,66,1,0,3
3657,0,60,0,0,0,18,2,36,84,84,0,0,0
3658,0,60,0,0,0,20,0,38,77,77,1,0,10
3659,0,60,0,0,0,11,1,29,64,64,0,0,0
3659,4,60,0,0,2,12,1,32,110,70,1,0,7
3660,0,60,0,0,0,11,0,28,64,64,0,0,0
3660,4,60,0,0,2,12,0,31,110,66,1,0,12
3661,0,60,0,0,0,16,0,34,84,84,0,0,0
3662,0,60,0,0,0,20,0,38,77,77,1,0,1
3663,0,60,0,0,0,11,0,28,64,64,0,0,0
3663,4,60,0,0,2,12,0,31,110,70,1,0,4
3664,0,60,0,0,0,9,0,40,77,77,0,0,0
3665,0,60,0,0,0,10,0,41,97,97,1,0,10
3666,0,60,0,0,0,10,0,41,97,97,0,0,0
3667,0,60,0,0,0,9,0,40,77,77,1,0,10
3668,0,60,0,0,0,10,0,40,77,77,0,0,0
3669,0,60,0,0,0,11,0,41,97,97,0,0,0
3670,0,60,0,0,0,11,0,41,97,97,1,0,1
3671,0,60,0,0,0,10,0,40,77,77,0,0,0
3672,0,60,0,0,0,11,1,29,77,77,1,0,5
3672,4,60,0,0,2,12,1,32,122,78,0,0,0
3673,0,60,0,0,0,18,2,36,97,97,1,0,16
3674,0,60,0,0,0,20,0,38,97,97,0,0,0
3675,0,60,0,0,0,11,1,29,77,77,1,0,10
3675,4,60,0,0,2,12,1,32,122,82,0,0,0
3676,0,60,0,0,0,11,0,28,77,77,1,0,1
3676,4,60,0,0,2,12,0,31,122,78,0,0,0
3677,0,60,0,0,0,16,0,34,97,97,1,0,16
3678,0,60,0,0,0,20,0,38,97,97,0,0,0
3679,0,60,0,0,0,11,0,28,77,77,1,0,10
3679,4,60,0,0,2,12,0,31,122,82,0,0,0
3680,0,60,0,0,0,9,0,40,64,64,1,0,10
3681,0,60,0,0,0,10,0,41,84,84,0,0,0
3682,0,60,0,0,0,10,0,41,77,77,0,0,0
3683,0,60,0,0,0,9,0,40,64,64,1,0,1
3684,0,60,0,0,0,10,0,40,64,64,0,0,0
3685,0,60,0,0,0,11,0,41,84,84,1,0,13
3686,0,60,0,0,0,11,0,41,77,77,0,0,0
3687,0,60,0,0,0,10,0,40,64,64,1,0,4
3688,0,60,0,0,0,11,1,29,64,64,0,0,0
3688,4,60,0,0,2,12,1,32,110,66,1,0,15
3689,0,60,0,0,0,18,2,36,84,84,0,0,0
3690,0,60,0,0,0,20,0,38,77,77,1,0,1
3691,0,60,0,0,0,11,1,29,64,64,0,0,0
3691,4,60,0,0,2,12,1,32,110,70,1,0,3
3692,0,60,0,0,0,11,0,28,64,64,0,0,0
3692,4,60,0,0,2,12,0,31,110,66,1,0,7
3693,0,60,0,0,0,16,0,34,84,84,0,0,0
3694,0,60,0,0,0,20,0,38,77,77,1,0,10
3695,0,60,0,0,0,11,0,28,64,64,0,0,0
3695,4,60,0,0,2,12,0,31,110,70,1,0,10
3696,0,60,0,0,0,10,0,42,84,84,0,0,0
3697,0,60,0,0,0,11,0,43,111,111,0,0,0
3698,0,60,0,0,0,11,0,43,97,97,1,0,7
3699,0,60,0,0,0,10,0,42,84,84,0,0,0
3700,0,60,0,0,0,12,0,42,84,84,1,0,7
3701,0,60,0,0,0,13,0,43,111,111,0,0,0
3702,0,60,0,0,0,13,0,43,97,97,1,0,13
3703,0,60,0,0,0,12,0,42,84,84,0,0,0
3704,0,60,0,0,0,12,3,31,84,84,1,0,1
3704,4,60,0,0,2,13,3,34,110,66,0,0,0
3705,0,60,0,0,0,20,5,39,111,111,1,0,16
3706,0,60,0,0,0,22,3,41,97,97,0,0,0
3707,0,60,0,0,0,12,3,31,84,84,1,0,4
3707,4,60,0,0,2,13,3,34,110,70,0,0,0
3708,0,60,0,0,0,11,0,28,84,84,1,0,14
3708,4,60,0,0,2,12,0,31,110,66,0,0,0
3709,0,60,0,0,0,16,0,34,111,111,1,0,1
3710,0,60,0,0,0,20,0,38,97,97,0,0,0
3711,0,60,0,0,0,11,0,28,84,84,1,0,10
3711,4,60,0,0,2,12,0,31,110,70,0,0,0
3712,0,60,0,0,0,2,8,28,64,64,0,0,0
3712,2,60,0,0,2,4,9,31,98,54,1,0,3
3713,0,60,0,0,0,3,9,29,84,84,0,0,0
3713,2,60,0,0,2,5,10,32,110,66,1,0,9
3714,0,60,0,0,0,2,8,28,77,77,0,0,0
3714,2,60,0,0,2,4,9,31,98,54,1,0,4
3715,0,60,0,0,0,2,8,28,64,64,0,0,0
3715,2,60,0,0,2,4,9,31,98,54,1,0,6
3716,0,60,0,0,0,3,8,28,64,64,0,0,0
3716,2,60,0,0,2,5,9,31,98,54,1,0,7
3717,0,60,0,0,0,4,9,29,84,84,0,0,0
3717,2,60,0,0,2,6,10,32,110,66,1,0,9
3718,0,60,0,0,0,3,9,29,77,77,0,0,0
3718,2,60,0,0,2,5,10,32,98,54,1,0,3
3719,0,60,0,0,0,3,8,28,64,64,0,0,0
3719,2,60,0,0,2,5,9,31,98,54,1,0,12
3720,0,60,0,0,0,2,11,15,64,64,0,0,0
3720,2,60,0,0,3,4,13,19,98,54,0,0,0
3720,4,60,0,0,3,4,12,19,110,66,1,0,7
3720,6,60,0,0,6,6,14,23,141,53,0,0,0
3721,0,60,0,0,0,9,16,22,84,84,1,0,5
3721,2,60,0,0,2,10,18,25,110,66,0,0,0
3722,0,60,0,0,0,4,13,18,77,77,1,0,1
3722,2,60,0,0,3,4,14,20,98,54,0,0,0
3722,4,60,0,0,9,8,17,26,137,61,1,0,6
3722,6,60,0,0,9,6,17,26,141,61,0,0,0
3723,0,60,0,0,0,2,11,15,64,64,1,0,13
3723,2,60,0,0,3,4,13,19,98,54,0,0,0
3723,4,60,0,0,3,4,12,19,110,70,1,0,15
3723,6,60,0,0,6,6,14,23,141,57,0,0,0
3724,0,60,0,0,0,2,11,15,64,64,1,0,1
3724,2,60,0,0,3,4,13,19,98,54,0,0,0
3724,4,60,0,0,6,4,14,21,110,66,1,0,17
3724,6,60,0,0,9,6,16,25,141,53,0,0,0
3725,0,60,0,0,0,8,16,22,84,84,1,0,5
3725,2,60,0,0,2,9,18,25,110,66,0,0,0
3726,0,60,0,0,0,4,20,25,77,77,0,0,0
3726,2,60,0,0,2,6,22,28,98,54,1,0,9
3727,0,60,0,0,0,2,11,15,64,64,0,0,0
3727,2,60,0,0,3,4,13,19,98,54,1,0,3
3727,4,60,0,0,6,4,14,21,110,70,0,0,0
3727,6,60,0,0,9,6,16,25,141,57,1,0,5
3728,0,60,0,0,0,8,12,34,77,77,0,0,0
3729,0,60,0,0,0,9,13,35,97,97,1,0,13
3730,0,60,0,0,0,9,13,35,97,97,0,0,0
3731,0,60,0,0,0,8,12,34,77,77,1,0,13
3732,0,60,0,0,0,9,12,34,77,77,0,0,0
3733,0,60,0,0,0,10,13,35,97,97,1,0,1
3734,0,60,0,0,0,9,13,35,97,97,0,0,0
3735,0,60,0,0,0,9,12,34,77,77,1,0,4
3736,0,60,0,0,0,9,17,22,77,77,0,0,0
3736,4,60,0,0,2,10,17,25,122,78,1,0,19
3737,0,60,0,0,0,16,22,29,97,97,0,0,0
3738,0,60,0,0,0,11,18,25,97,97,0,0,0
3739,0,60,0,0,0,9,17,22,77,77,1,0,10
3739,4,60,0,0,2,10,17,25,122,82,0,0,0
3740,0,60,0,0,0,7,15,20,77,77,1,0,1
3740,4,60,0,0,2,6,15,23,122,78,0,0,0
3741,0,60,0,0,0,13,20,27,97,97,1,0,13
3742,0,60,0,0,0,11,25,32,97,97,0,0,0
3743,0,60,0,0,0,7,15,20,77,77,1,0,10
3743,4,60,0,0,2,6,15,23,122,82,0,0,0
3744,0,60,0,0,0,2,8,28,64,64,1,0,11
3744,2,60,0,0,2,4,9,31,98,58,0,0,0
3745,0,60,0,0,0,3,9,29,84,84,1,0,1
3745,2,60,0,0,2,5,10,32,110,70,0,0,0
3746,0,60,0,0,0,2,8,28,77,77,1,0,13
3746,2,60,0,0,2,4,9,31,98,58,0,0,0
3747,0,60,0,0,0,2,8,28,64,64,1,0,7
3747,2,60,0,0,2,4,9,31,98,58,0,0,0
3748,0,60,0,0,0,3,8,28,64,64,1,0,13
3748,2,60,0,0,2,5,9,31,98,58,0,0,0
3749,0,60,0,0,0,4,9,29,84,84,0,0,0
3749,2,60,0,0,2,6,10,32,110,70,1,0,3
3750,0,60,0,0,0,3,9,29,77,77,0,0,0
3750,2,60,0,0,2,5,10,32,98,58,1,0,6
3751,0,60,0,0,0,3,8,28,64,64,0,0,0
3751,2,60,0,0,2,5,9,31,98,58,1,0,3
3752,0,60,0,0,0,2,11,15,64,64,0,0,0
3752,2,60,0,0,3,4,13,19,98,58,1,0,13
3752,4,60,0,0,3,4,12,19,110,66,0,0,0
3752,6,60,0,0,6,6,14,23,141,57,1,0,15
3753,0,60,0,0,0,9,16,22,84,84,0,0,0
3753,2,60,0,0,2,10,18,25,110,70,1,0,19
3754,0,60,0,0,0,4,13,18,77,77,0,0,0
3754,2,60,0,0,3,4,14,20,98,58,1,0,3
3754,4,60,0,0,9,8,17,26,137,65,0,0,0
3754,6,60,0,0,9,6,17,26,141,65,1,0,15
3755,0,60,0,0,0,2,11,15,64,64,0,0,0
3755,2,60,0,0,3,4,13,19,98,58,0,0,0
3755,4,60,0,0,3,4,12,19,110,70,1,0,3
3755,6,60,0,0,6,6,14,23,141,61,0,0,0
3756,0,60,0,0,0,2,11,15,64,64,1,0,5
3756,2,60,0,0,3,4,13,19,98,58,0,0,0
3756,4,60,0,0,6,4,14,21,110,66,1,0,9
3756,6,60,0,0,9,6,16,25,141,57,0,0,0
3757,0,60,0,0,0,8,16,22,84,84,1,0,10
3757,2,60,0,0,2,9,18,25,110,70,0,0,0
3758,0,60,0,0,0,4,20,25,77,77,1,0,1
3758,2,60,0,0,2,6,22,28,98,58,0,0,0
3759,0,60,0,0,0,2,11,15,64,64,1,0,7
3759,2,60,0,0,3,4,13,19,98,58,0,0,0
3759,4,60,0,0,6,4,14,21,110,70,1,0,10
3759,6,60,0,0,9,6,16,25,141,61,0,0,0
3760,0,60,0,0,0,12,5,39,84,84,1,0,16
3761,0,60,0,0,0,14,7,41,111,111,0,0,0
3762,0,60,0,0,0,12,5,39,97,97,1,0,1
3763,0,60,0,0,0,12,5,39,84,84,0,0,0
3764,0,60,0,0,0,14,5,39,84,84,0,0,0
3765,0,60,0,0,0,16,7,41,111,111,1,0,13
3766,0,60,0,0,0,15,7,41,97,97,0,0,0
3767,0,60,0,0,0,14,5,39,84,84,1,0,10
3768,0,60,0,0,0,5,13,19,84,84,0,0,0
3768,2,60,0,0,10,8,18,27,132,61,1,0,11
3768,4,60,0,0,3,5,14,21,110,66,0,0,0
3768,6,60,0,0,10,6,18,27,141,61,1,0,9
3769,0,60,0,0,0,14,19,28,111,111,0,0,0
3770,0,60,0,0,0,9,17,24,97,97,1,0,11
3770,2,60,0,0,13,10,21,30,132,69,0,0,0
3770,4,60,0,0,13,11,21,30,137,69,1,0,9
3770,6,60,0,0,13,6,21,30,141,69,0,0,0
3771,0,60,0,0,0,5,13,19,84,84,1,0,19
3771,2,60,0,0,10,8,18,27,132,65,0,0,0
3771,4,60,0,0,3,5,14,21,110,70,1,0,19
3771,6,60,0,0,10,6,18,27,141,65,0,0,0
3772,0,60,0,0,0,5,12,18,84,84,1,0,7
3772,2,60,0,0,9,10,16,25,132,61,0,0,0
3772,4,60,0,0,6,4,14,21,110,66,0,0,0
3772,6,60,0,0,9,6,16,25,141,61,1,0,5
3773,0,60,0,0,0,13,18,27,111,111,0,0,0
3774,0,60,0,0,0,11,25,32,97,97,1,0,7
3775,0,60,0,0,0,5,12,18,84,84,0,0,0
3775,2,60,0,0,9,10,16,25,132,65,1,0,6
3775,4,60,0,0,6,4,14,21,110,70,0,0,0
3775,6,60,0,0,9,6,16,25,141,65,1,0,9
3776,0,60,0,0,0,2,1,21,64,64,0,0,0
3776,1,60,0,3,9,4,3,29,132,61,1,0,9
3776,2,60,0,0,3,0,1,23,98,54,0,0,0
3776,3,60,0,3,9,0,3,29,141,61,1,0,5
3777,0,60,0,0,0,2,1,21,84,84,0,0,0
3777,1,60,0,3,9,4,3,29,132,61,1,0,5
3777,2,60,0,0,3,0,1,23,110,66,0,0,0
3777,3,60,0,3,9,0,3,29,141,61,1,0,8
3778,0,60,0,0,0,2,1,21,77,77,0,0,0
3778,1,60,0,3,9,4,3,29,137,61,0,0,0
3778,2,60,0,0,3,0,1,23,98,54,1,0,3
3778,3,60,0,3,9,0,3,29,141,61,0,0,0
3779,0,60,0,0,0,2,1,21,64,64,1,0,5
3779,1,60,0,3,9,4,3,29,132,61,0,0,0
3779,2,60,0,0,3,0,1,23,98,54,1,0,3
3779,3,60,0,3,9,0,3,29,141,61,0,0,0
3780,0,60,0,0,0,4,1,21,64,64,1,0,4
3780,1,60,0,3,9,8,3,29,132,61,0,0,0
3780,2,60,0,0,3,4,1,23,98,54,1,0,13
3780,3,60,0,3,9,6,3,29,141,61,0,0,0
3781,0,60,0,0,0,4,1,21,84,84,1,0,16
3781,1,60,0,3,9,8,3,29,132,61,0,0,0
3781,2,60,0,0,3,4,1,23,110,66,1,0,3
3781,3,60,0,3,9,6,3,29,141,61,0,0,0
3782,0,60,0,0,0,4,1,21,77,77,1,0,4
3782,1,60,0,3,9,8,3,29,137,61,0,0,0
3782,2,60,0,0,3,4,1,23,98,54,1,0,3
3782,3,60,0,3,9,6,3,29,141,61,0,0,0
3783,0,60,0,0,0,4,1,21,64,64,0,0,0
3783,1,60,0,3,9,8,3,29,132,61,1,0,9
3783,2,60,0,0,3,4,1,23,98,54,0,0,0
3783,3,60,0,3,9,6,3,29,141,61,1,0,9
3784,0,60,0,0,0,2,4,8,64,64,0,0,0
3784,1,60,0,4,20,6,12,21,132,61,1,0,11
3784,2,60,0,0,8,0,6,12,98,54,0,0,0
3784,3,60,0,4,20,0,12,21,141,61,1,0,9
3784,4,60,0,0,4,2,4,11,110,66,0,0,0
3784,5,60,0,4,24,6,12,24,171,56,1,0,11
3784,6,60,0,0,12,0,6,15,141,53,0,0,0
3784,7,60,0,4,24,0,12,24,180,56,1,0,8
3785,0,60,0,0,0,7,7,13,84,84,0,0,0
3785,1,60,0,4,20,6,12,21,132,61,1,0,11
3785,2,60,0,0,8,3,8,15,110,66,0,0,0
3785,3,60,0,4,20,0,12,21,141,61,1,0,5
3785,4,60,0,4,24,15,12,24,158,64,0,0,0
3785,5,60,0,4,24,6,12,24,171,64,0,0,0
3785,6,60,0,4,24,9,12,24,171,64,1,0,8
3785,7,60,0,4,24,0,12,24,180,64,0,0,0
3786,0,60,0,0,0,4,5,10,77,77,1,0,1
3786,1,60,0,4,20,6,12,21,137,61,0,0,0
3786,2,60,0,0,8,0,6,12,98,54,1,0,9
3786,3,60,0,4,20,0,12,21,141,61,0,0,0
3786,4,60,0,0,12,6,6,15,137,61,1,0,6
3786,5,60,0,4,24,6,12,24,180,64,0,0,0
3786,6,60,0,0,12,0,6,15,141,61,1,0,15
3786,7,60,0,4,24,0,12,24,180,64,0,0,0
3787,0,60,0,0,0,2,4,8,64,64,1,0,1
3787,1,60,0,4,20,6,12,21,132,61,0,0,0
3787,2,60,0,0,8,0,6,12,98,54,1,0,6
3787,3,60,0,4,20,0,12,21,141,61,0,0,0
3787,4,60,0,0,4,2,4,11,110,70,1,0,9
3787,5,60,0,4,24,6,12,24,171,60,0,0,0
3787,6,60,0,0,12,0,6,15,141,57,1,0,15
3787,7,60,0,4,24,0,12,24,180,60,0,0,0
3788,0,60,0,0,0,1,1,5,64,64,0,0,0
3788,1,60,0,4,12,3,4,13,132,61,1,0,9
3788,2,60,0,0,4,0,1,7,98,54,0,0,0
3788,3,60,0,4,12,0,4,13,141,61,1,0,11
3788,4,60,0,0,4,1,1,8,110,66,0,0,0
3788,5,60,0,4,16,3,4,16,171,56,1,0,11
3788,6,60,0,0,8,0,1,10,141,53,0,0,0
3788,7,60,0,4,16,0,4,16,180,56,1,0,11
3789,0,60,0,0,0,4,3,9,84,84,0,0,0
3789,1,60,0,4,12,3,5,14,132,61,1,0,9
3789,2,60,0,0,4,2,3,10,110,66,0,0,0
3789,3,60,0,4,12,0,5,14,141,61,1,0,15
3789,4,60,0,8,20,9,8,20,158,64,0,0,0
3789,5,60,0,8,20,3,8,20,171,64,1,0,11
3789,6,60,0,8,20,6,8,20,171,64,0,0,0
3789,7,60,0,8,20,0,8,20,180,64,1,0,11
3790,0,60,0,0,0,2,2,7,77,77,0,0,0
3790,1,60,0,3,11,3,4,13,137,61,0,0,0
3790,2,60,0,0,4,0,2,8,98,54,1,0,3
3790,3,60,0,3,11,0,4,13,141,61,0,0,0
3790,4,60,0,3,11,3,4,13,137,61,1,0,5
3790,5,60,0,4,16,3,4,16,180,64,0,0,0
3790,6,60,0,3,11,0,4,13,141,61,1,0,5
3790,7,60,0,4,16,0,4,16,180,64,0,0,0
3791,0,60,0,0,0,1,1,5,64,64,1,0,10
3791,1,60,0,4,12,3,4,13,132,61,0,0,0
3791,2,60,0,0,4,0,1,7,98,54,1,0,13
3791,3,60,0,4,12,0,4,13,141,61,0,0,0
3791,4,60,0,0,4,1,1,8,110,70,1,0,3
3791,5,60,0,4,16,3,4,16,171,60,0,0,0
3791,6,60,0,0,8,0,1,10,141,57,1,0,6
3791,7,60,0,4,16,0,4,16,180,60,0,0,0
3792,0,60,0,0,0,6,4,26,77,77,1,0,13
3792,1,60,0,6,12,6,6,32,132,69,0,0,0
3792,2,60,0,6,12,6,6,32,132,69,1,0,5
3792,3,60,0,6,12,0,6,32,141,69,0,0,0
3793,0,60,0,0,0,6,4,26,97,97,0,0,0
3793,1,60,0,6,12,6,6,32,132,69,1,0,9
3793,2,60,0,6,12,6,6,32,137,69,0,0,0
3793,3,60,0,6,12,0,6,32,141,69,1,0,7
3794,0,60,0,0,0,6,4,26,97,97,0,0,0
3794,1,60,0,6,12,6,6,32,137,69,1,0,12
3794,2,60,0,6,12,6,6,32,132,69,0,0,0
3794,3,60,0,6,12,0,6,32,141,69,1,0,13
3795,0,60,0,0,0,6,4,26,77,77,0,0,0
3795,1,60,0,6,12,6,6,32,132,69,1,0,10
3795,2,60,0,6,12,6,6,32,132,69,0,0,0
3795,3,60,0,6,12,0,6,32,141,69,1,0,12
3796,0,60,0,0,0,8,4,26,77,77,0,0,0
3796,1,60,0,6,12,10,6,32,132,69,1,0,5
3796,2,60,0,6,12,10,6,32,132,69,0,0,0
3796,3,60,0,6,12,6,6,32,141,69,1,0,5
3797,0,60,0,0,0,8,4,26,97,97,0,0,0
3797,1,60,0,6,12,10,6,32,132,69,1,0,8
3797,2,60,0,6,12,10,6,32,137,69,0,0,0
3797,3,60,0,6,12,6,6,32,141,69,0,0,0
3798,0,60,0,0,0,8,4,26,97,97,1,0,13
3798,1,60,0,6,12,10,6,32,137,69,0,0,0
3798,2,60,0,6,12,10,6,32,132,69,1,0,9
3798,3,60,0,6,12,6,6,32,141,69,0,0,0
3799,0,60,0,0,0,8,4,26,77,77,1,0,1
3799,1,60,0,6,12,10,6,32,132,69,0,0,0
3799,2,60,0,6,12,10,6,32,132,69,1,0,16
3799,3,60,0,6,12,6,6,32,141,69,0,0,0
3800,0,60,0,0,0,6,8,13,77,77,1,0,7
3800,1,60,0,8,24,9,16,25,132,69,0,0,0
3800,2,60,0,8,24,9,16,25,132,69,1,0,5
3800,3,60,0,8,24,0,16,25,141,69,0,0,0
3800,4,60,0,0,4,6,8,16,122,78,1,0,19
3800,5,60,0,8,28,9,16,28,171,64,0,0,0
3800,6,60,0,8,28,9,16,28,171,64,1,0,11
3800,7,60,0,8,28,0,16,28,180,64,0,0,0
3801,0,60,0,0,0,12,12,19,97,97,0,0,0
3801,1,60,0,8,24,9,16,25,132,69,1,0,6
3801,2,60,0,8,24,9,16,25,137,69,0,0,0
3801,3,60,0,8,24,0,16,25,141,69,1,0,7
3801,4,60,0,8,28,18,16,28,163,72,0,0,0
3801,5,60,0,8,28,9,16,28,171,72,1,0,9
3801,6,60,0,8,28,9,16,28,180,72,0,0,0
3801,7,60,0,8,28,0,16,28,180,72,1,0,8
3802,0,60,0,0,0,12,12,19,97,97,0,0,0
3802,1,60,0,8,24,9,16,25,137,69,1,0,7
3802,2,60,0,8,24,9,16,25,132,69,0,0,0
3802,3,60,0,8,24,0,16,25,141,69,1,0,15
3802,4,60,0,8,28,18,16,28,163,72,0,0,0
3802,5,60,0,8,28,9,16,28,180,72,1,0,11
3802,6,60,0,8,28,9,16,28,171,72,0,0,0
3802,7,60,0,8,28,0,16,28,180,72,1,0,9
3803,0,60,0,0,0,6,8,13,77,77,0,0,0
3803,1,60,0,8,24,9,16,25,132,69,1,0,5
3803,2,60,0,8,24,9,16,25,132,69,0,0,0
3803,3,60,0,8,24,0,16,25,141,69,0,0,0
3803,4,60,0,0,4,6,8,16,122,82,1,0,15
3803,5,60,0,8,28,9,16,28,171,68,0,0,0
3803,6,60,0,8,28,9,16,28,171,68,1,0,11
3803,7,60,0,8,28,0,16,28,180,68,0,0,0
3804,0,60,0,0,0,4,4,9,77,77,1,0,5
3804,1,60,0,8,16,6,8,17,132,69,0,0,0
3804,2,60,0,8,16,6,8,17,132,69,1,0,13
3804,3,60,0,8,16,0,8,17,141,69,0,0,0
3804,4,60,0,0,4,4,4,12,122,78,1,0,15
3804,5,60,0,8,20,6,8,20,171,64,0,0,0
3804,6,60,0,8,20,6,8,20,171,64,1,0,8
3804,7,60,0,8,20,0,8,20,180,64,0,0,0
3805,0,60,0,0,0,7,6,13,97,97,1,0,19
3805,1,60,0,7,15,5,8,17,132,69,0,0,0
3805,2,60,0,7,15,6,8,17,137,69,1,0,5
3805,3,60,0,7,15,0,8,17,141,69,0,0,0
3805,4,60,0,8,20,9,8,20,163,72,0,0,0
3805,5,60,0,8,20,3,8,20,171,72,1,0,8
3805,6,60,0,8,20,6,8,20,180,72,0,0,0
3805,7,60,0,8,20,0,8,20,180,72,1,0,9
3806,0,60,0,0,0,7,6,13,97,97,0,0,0
3806,1,60,0,7,15,6,8,17,137,69,1,0,15
3806,2,60,0,7,15,5,8,17,132,69,0,0,0
3806,3,60,0,7,15,0,8,17,141,69,1,0,6
3806,4,60,0,8,20,9,8,20,163,72,0,0,0
3806,5,60,0,8,20,6,8,20,180,72,1,0,9
3806,6,60,0,8,20,3,8,20,171,72,0,0,0
3806,7,60,0,8,20,0,8,20,180,72,1,0,11
3807,0,60,0,0,0,4,4,9,77,77,0,0,0
3807,1,60,0,8,16,6,8,17,132,69,1,0,8
3807,2,60,0,8,16,6,8,17,132,69,0,0,0
3807,3,60,0,8,16,0,8,17,141,69,1,0,5
3807,4,60,0,0,4,4,4,12,122,82,0,0,0
3807,5,60,0,8,20,6,8,20,171,68,1,0,11
3807,6,60,0,8,20,6,8,20,171,68,0,0,0
3807,7,60,0,8,20,0,8,20,180,68,0,0,0
3808,0,60,0,0,0,2,1,21,64,64,1,0,1
3808,1,60,0,3,9,4,3,29,132,65,0,0,0
3808,2,60,0,0,3,0,1,23,98,58,1,0,6
3808,3,60,0,3,9,0,3,29,141,65,0,0,0
3809,0,60,0,0,0,2,1,21,84,84,1,0,7
3809,1,60,0,3,9,4,3,29,132,65,0,0,0
3809,2,60,0,0,3,0,1,23,110,70,1,0,13
3809,3,60,0,3,9,0,3,29,141,65,0,0,0
3810,0,60,0,0,0,2,1,21,77,77,1,0,1
3810,1,60,0,3,9,4,3,29,137,65,0,0,0
3810,2,60,0,0,3,0,1,23,98,58,1,0,10
3810,3,60,0,3,9,0,3,29,141,65,0,0,0
3811,0,60,0,0,0,2,1,21,64,64,1,0,7
3811,1,60,0,3,9,4,3,29,132,65,0,0,0
3811,2,60,0,0,3,0,1,23,98,58,1,0,9
3811,3,60,0,3,9,0,3,29,141,65,0,0,0
3812,0,60,0,0,0,4,1,21,64,64,0,0,0
3812,1,60,0,3,9,8,3,29,132,65,1,0,6
3812,2,60,0,0,3,4,1,23,98,58,0,0,0
3812,3,60,0,3,9,6,3,29,141,65,1,0,12
3813,0,60,0,0,0,4,1,21,84,84,0,0,0
3813,1,60,0,3,9,8,3,29,132,65,1,0,9
3813,2,60,0,0,3,4,1,23,110,70,0,0,0
3813,3,60,0,3,9,6,3,29,141,65,1,0,6
3814,0,60,0,0,0,4,1,21,77,77,0,0,0
3814,1,60,0,3,9,8,3,29,137,65,1,0,7
3814,2,60,0,0,3,4,1,23,98,58,0,0,0
3814,3,60,0,3,9,6,3,29,141,65,1,0,12
3815,0,60,0,0,0,4,1,21,64,64,0,0,0
3815,1,60,0,3,9,8,3,29,132,65,1,0,5
3815,2,60,0,0,3,4,1,23,98,58,0,0,0
3815,3,60,0,3,9,6,3,29,141,65,1,0,5
3816,0,60,0,0,0,2,4,8,64,64,0,0,0
3816,1,60,0,4,20,6,12,21,132,65,1,0,5
3816,2,60,0,0,8,0,6,12,98,58,0,0,0
3816,3,60,0,4,20,0,12,21,141,65,0,0,0
3816,4,60,0,0,4,2,4,11,110,66,1,0,3
3816,5,60,0,4,24,6,12,24,171,60,0,0,0
3816,6,60,0,0,12,0,6,15,141,57,1,0,5
3816,7,60,0,4,24,0,12,24,180,60,0,0,0
3817,0,60,0,0,0,7,7,13,84,84,1,0,13
3817,1,60,0,4,20,6,12,21,132,65,0,0,0
3817,2,60,0,0,8,3,8,15,110,70,1,0,7
3817,3,60,0,4,20,0,12,21,141,65,0,0,0
3817,4,60,0,4,24,15,12,24,158,68,1,0,9
3817,5,60,0,4,24,6,12,24,171,68,0,0,0
3817,6,60,0,4,24,9,12,24,171,68,1,0,11
3817,7,60,0,4,24,0,12,24,180,68,0,0,0
3818,0,60,0,0,0,4,5,10,77,77,1,0,13
3818,1,60,0,4,20,6,12,21,137,65,0,0,0
3818,2,60,0,0,8,0,6,12,98,58,1,0,3
3818,3,60,0,4,20,0,12,21,141,65,0,0,0
3818,4,60,0,0,12,6,6,15,137,65,1,0,7
3818,5,60,0,4,24,6,12,24,180,68,0,0,0
3818,6,60,0,0,12,0,6,15,141,65,0,0,0
3818,7,60,0,4,24,0,12,24,180,68,1,0,11
3819,0,60,0,0,0,2,4,8,64,64,0,0,0
3819,1,60,0,4,20,6,12,21,132,65,1,0,7
3819,2,60,0,0,8,0,6,12,98,58,0,0,0
3819,3,60,0,4,20,0,12,21,141,65,1,0,6
3819,4,60,0,0,4,2,4,11,110,70,0,0,0
3819,5,60,0,4,24,6,12,24,171,64,1,0,15
3819,6,60,0,0,12,0,6,15,141,61,0,0,0
3819,7,60,0,4,24,0,12,24,180,64,1,0,11
3820,0,60,0,0,0,1,1,5,64,64,0,0,0
3820,1,60,0,4,12,3,4,13,132,65,1,0,5
3820,2,60,0,0,4,0,1,7,98,58,0,0,0
3820,3,60,0,4,12,0,4,13,141,65,1,0,5
3820,4,60,0,0,4,1,1,8,110,66,0,0,0
3820,5,60,0,4,16,3,4,16,171,60,1,0,11
3820,6,60,0,0,8,0,1,10,141,57,0,0,0
3820,7,60,0,4,16,0,4,16,180,60,0,0,0
3821,0,60,0,0,0,4,3,9,84,84,1,0,7
3821,1,60,0,4,12,3,5,14,132,65,0,0,0
3821,2,60,0,0,4,2,3,10,110,70,1,0,7
3821,3,60,0,4,12,0,5,14,141,65,0,0,0
3821,4,60,0,8,20,9,8,20,158,68,1,0,9
3821,5,60,0,8,20,3,8,20,171,68,0,0,0
3821,6,60,0,8,20,6,8,20,171,68,1,0,8
3821,7,60,0,8,20,0,8,20,180,68,0,0,0
3822,0,60,0,0,0,2,2,7,77,77,1,0,5
3822,1,60,0,3,11,3,4,13,137,65,0,0,0
3822,2,60,0,0,4,0,2,8,98,58,1,0,19
3822,3,60,0,3,11,0,4,13,141,65,0,0,0
3822,4,60,0,3,11,3,4,13,137,65,1,0,9
3822,5,60,0,4,16,3,4,16,180,68,0,0,0
3822,6,60,0,3,11,0,4,13,141,65,1,0,7
3822,7,60,0,4,16,0,4,16,180,68,0,0,0
3823,0,60,0,0,0,1,1,5,64,64,1,0,7
3823,1,60,0,4,12,3,4,13,132,65,0,0,0
3823,2,60,0,0,4,0,1,7,98,58,0,0,0
3823,3,60,0,4,12,0,4,13,141,65,1,0,9
3823,4,60,0,0,4,1,1,8,110,70,0,0,0
3823,5,60,0,4,16,3,4,16,171,64,1,0,9
3823,6,60,0,0,8,0,1,10,141,61,0,0,0
3823,7,60,0,4,16,0,4,16,180,64,1,0,11
3824,0,60,0,0,0,9,2,36,84,84,0,0,0
3825,0,60,0,0,0,10,3,37,111,111,1,0,16
3826,0,60,0,0,0,10,3,37,97,97,0,0,0
3827,0,60,0,0,0,9,2,36,84,84,1,0,13
3828,0,60,0,0,0,16,0,34,84,84,0,0,0
3829,0,60,0,0,0,16,0,34,111,111,1,0,1
3830,0,60,0,0,0,16,0,34,97,97,0,0,0
3831,0,60,0,0,0,16,0,34,84,84,1,0,4
3832,0,60,0,0,0,8,16,22,84,84,0,0,0
3832,4,60,0,0,2,9,18,25,110,66,1,0,13
3833,0,60,0,0,0,13,18,27,111,111,0,0,0
3834,0,60,0,0,0,13,20,27,97,97,0,0,0
3835,0,60,0,0,0,8,16,22,84,84,1,0,16
3835,4,60,0,0,2,9,18,25,110,70,0,0,0
3836,0,60,0,0,0,4,3,9,84,84,1,0,1
3836,1,60,0,8,20,9,8,20,158,64,0,0,0
3836,2,60,0,4,12,3,5,14,132,61,1,0,5
3836,3,60,0,8,20,3,8,20,171,64,0,0,0
3836,4,60,0,0,4,2,3,10,110,66,1,0,6
3836,5,60,0,8,20,6,8,20,171,64,0,0,0
3836,6,60,0,4,12,0,5,14,141,61,1,0,13
3836,7,60,0,8,20,0,8,20,180,64,0,0,0
3837,0,60,0,0,0,12,9,18,111,111,1,0,1
3837,1,60,0,12,24,12,12,24,158,72,0,0,0
3837,2,60,0,12,24,12,12,24,158,72,1,0,8
3837,3,60,0,12,24,6,12,24,171,72,0,0,0
3837,4,60,0,12,24,12,12,24,158,72,1,0,7
3837,5,60,0,12,24,6,12,24,171,72,0,0,0
3837,6,60,0,12,24,6,12,24,171,72,1,0,11
3837,7,60,0,12,24,0,12,24,180,72,0,0,0
3838,0,60,0,0,0,7,6,13,97,97,0,0,0
3838,1,60,0,8,20,9,8,20,163,72,1,0,11
3838,2,60,0,7,15,5,8,17,132,69,0,0,0
3838,3,60,0,8,20,3,8,20,171,72,1,0,9
3838,4,60,0,7,15,6,8,17,137,69,0,0,0
3838,5,60,0,8,20,6,8,20,180,72,1,0,11
3838,6,60,0,7,15,0,8,17,141,69,0,0,0
3838,7,60,0,8,20,0,8,20,180,72,1,0,19
3839,0,60,0,0,0,4,3,9,84,84,0,0,0
3839,1,60,0,8,20,9,8,20,158,68,1,0,9
3839,2,60,0,4,12,3,5,14,132,65,0,0,0
3839,3,60,0,8,20,3,8,20,171,68,1,0,11
3839,4,60,0,0,4,2,3,10,110,70,0,0,0
3839,5,60,0,8,20,6,8,20,171,68,1,0,15
3839,6,60,0,4,12,0,5,14,141,65,0,0,0
3839,7,60,0,8,20,0,8,20,180,68,1,0,11
3840,0,60,0,0,0,2,1,41,64,64,0,0,0
3841,0,60,0,0,0,3,2,42,77,77,0,0,0
3842,0,60,0,0,0,3,0,42,84,84,1,0,1
3843,0,60,0,0,0,2,1,41,64,64,0,0,0
3844,0,60,0,0,0,9,0,40,64,64,1,0,4
3845,0,60,0,0,0,9,0,40,77,77,0,0,0
3846,0,60,0,0,0,10,0,42,84,84,1,0,4
3847,0,60,0,0,0,9,0,40,64,64,0,0,0
3848,0,60,0,0,0,2,8,28,64,64,1,0,11
3848,4,60,0,0,2,4,9,31,98,54,0,0,0
3849,0,60,0,0,0,8,12,34,77,77,1,0,1
3850,0,60,0,0,0,12,5,39,84,84,0,0,0
3851,0,60,0,0,0,2,8,28,64,64,1,0,7
3851,4,60,0,0,2,4,9,31,98,58,0,0,0
3852,0,60,0,0,0,2,1,21,64,64,1,0,4
3852,1,60,0,3,9,4,3,29,132,61,0,0,0
3852,4,60,0,0,3,0,1,23,98,54,1,0,13
3852,5,60,0,3,9,0,3,29,141,61,0,0,0
3853,0,60,0,0,0,6,4,26,77,77,1,0,1
3853,1,60,0,6,12,6,6,32,132,69,0,0,0
3853,4,60,0,6,12,6,6,32,132,69,0,0,0
3853,5,60,0,6,12,0,6,32,141,69,1,0,6
3854,0,60,0,0,0,9,2,36,84,84,0,0,0
3855,0,60,0,0,0,2,1,21,64,64,1,0,4
3855,1,60,0,3,9,4,3,29,132,65,0,0,0
3855,4,60,0,0,3,0,1,23,98,58,1,0,12
3855,5,60,0,3,9,0,3,29,141,65,0,0,0
3856,0,60,0,0,0,3,1,42,84,84,1,0,1
3857,0,60,0,0,0,4,2,43,97,97,0,0,0
3858,0,60,0,0,0,4,0,43,111,111,1,0,7
3859,0,60,0,0,0,3,1,42,84,84,0,0,0
3860,0,60,0,0,0,10,0,41,84,84,1,0,7
3861,0,60,0,0,0,10,0,41,97,97,0,0,0
3862,0,60,0,0,0,11,0,43,111,111,1,0,13
3863,0,60,0,0,0,10,0,41,84,84,0,0,0
3864,0,60,0,0,0,3,9,29,84,84,1,0,1
3864,4,60,0,0,2,5,10,32,110,66,0,0,0
3865,0,60,0,0,0,9,13,35,97,97,1,0,7
3866,0,60,0,0,0,14,7,41,111,111,0,0,0
3867,0,60,0,0,0,3,9,29,84,84,0,0,0
3867,4,60,0,0,2,5,10,32,110,70,1,0,12
3868,0,60,0,0,0,2,1,21,84,84,0,0,0
3868,1,60,0,3,9,4,3,29,132,61,1,0,7
3868,4,60,0,0,3,0,1,23,110,66,0,0,0
3868,5,60,0,3,9,0,3,29,141,61,1,0,5
3869,0,60,0,0,0,6,4,26,97,97,0,0,0
3869,1,60,0,6,12,6,6,32,132,69,1,0,5
3869,4,60,0,6,12,6,6,32,137,69,0,0,0
3869,5,60,0,6,12,0,6,32,141,69,1,0,8
3870,0,60,0,0,0,10,3,37,111,111,0,0,0
3871,0,60,0,0,0,2,1,21,84,84,1,0,10
3871,1,60,0,3,9,4,3,29,132,65,0,0,0
3871,4,60,0,0,3,0,1,23,110,70,1,0,5
3871,5,60,0,3,9,0,3,29,141,65,0,0,0
3872,0,60,0,0,0,2,1,41,64,64,1,0,7
3873,0,60,0,0,0,3,2,42,77,77,0,0,0
3874,0,60,0,0,0,3,0,42,84,84,0,0,0
3875,0,60,0,0,0,2,1,41,64,64,1,0,4
3876,0,60,0,0,0,9,0,40,64,64,0,0,0
3877,0,60,0,0,0,9,0,40,77,77,1,0,5
3878,0,60,0,0,0,10,0,42,84,84,0,0,0
3879,0,60,0,0,0,9,0,40,64,64,1,0,1
3880,0,60,0,0,0,2,8,28,64,64,0,0,0
3880,4,60,0,0,2,4,9,31,98,54,1,0,3
3881,0,60,0,0,0,8,12,34,77,77,0,0,0
3882,0,60,0,0,0,12,5,39,84,84,1,0,4
3883,0,60,0,0,0,2,8,28,64,64,0,0,0
3883,4,60,0,0,2,4,9,31,98,58,1,0,9
3884,0,60,0,0,0,2,1,21,64,64,0,0,0
3884,1,60,0,3,9,4,3,29,132,61,1,0,9
3884,4,60,0,0,3,0,1,23,98,54,0,0,0
3884,5,60,0,3,9,0,3,29,141,61,1,0,9
3885,0,60,0,0,0,6,4,26,77,77,0,0,0
3885,1,60,0,6,12,6,6,32,132,69,1,0,12
3885,4,60,0,6,12,6,6,32,132,69,0,0,0
3885,5,60,0,6,12,0,6,32,141,69,0,0,0
3886,0,60,0,0,0,9,2,36,84,84,1,0,16
3887,0,60,0,0,0,2,1,21,64,64,0,0,0
3887,1,60,0,3,9,4,3,29,132,65,1,0,7
3887,4,60,0,0,3,0,1,23,98,58,0,0,0
3887,5,60,0,3,9,0,3,29,141,65,1,0,12
3888,0,60,0,0,0,3,1,42,77,77,0,0,0
3889,0,60,0,0,0,4,2,43,97,97,1,0,13
3890,0,60,0,0,0,4,0,43,97,97,0,0,0
3891,0,60,0,0,0,3,1,42,77,77,1,0,10
3892,0,60,0,0,0,10,0,41,77,77,0,0,0
3893,0,60,0,0,0,10,0,41,97,97,1,0,1
3894,0,60,0,0,0,11,0,43,97,97,0,0,0
3895,0,60,0,0,0,10,0,41,77,77,1,0,4
3896,0,60,0,0,0,2,8,28,77,77,0,0,0
3896,4,60,0,0,2,4,9,31,98,54,1,0,10
3897,0,60,0,0,0,9,13,35,97,97,0,0,0
3898,0,60,0,0,0,12,5,39,97,97,0,0,0
3899,0,60,0,0,0,2,8,28,77,77,1,0,10
3899,4,60,0,0,2,4,9,31,98,58,0,0,0
3900,0,60,0,0,0,2,1,21,77,77,1,0,1
3900,1,60,0,3,9,4,3,29,137,61,0,0,0
3900,4,60,0,0,3,0,1,23,98,54,1,0,3
3900,5,60,0,3,9,0,3,29,141,61,0,0,0
3901,0,60,0,0,0,6,4,26,97,97,1,0,19
3901,1,60,0,6,12,6,6,32,137,69,0,0,0
3901,4,60,0,6,12,6,6,32,132,69,1,0,5
3901,5,60,0,6,12,0,6,32,141,69,0,0,0
3902,0,60,0,0,0,10,3,37,97,97,1,0,1
3903,0,60,0,0,0,2,1,21,77,77,0,0,0
3903,1,60,0,3,9,4,3,29,137,65,1,0,6
3903,4,60,0,0,3,0,1,23,98,58,0,0,0
3903,5,60,0,3,9,0,3,29,141,65,1,0,10
3904,0,60,0,0,0,3,1,41,64,64,0,0,0
3905,0,60,0,0,0,4,2,42,77,77,1,0,10
3906,0,60,0,0,0,4,0,42,84,84,0,0,0
3907,0,60,0,0,0,3,1,41,64,64,0,0,0
3908,0,60,0,0,0,10,0,40,64,64,1,0,1
3909,0,60,0,0,0,10,0,40,77,77,0,0,0
3910,0,60,0,0,0,12,0,42,84,84,1,0,7
3911,0,60,0,0,0,10,0,40,64,64,0,0,0
3912,0,60,0,0,0,3,8,28,64,64,1,0,4
3912,4,60,0,0,2,5,9,31,98,54,0,0,0
3913,0,60,0,0,0,9,12,34,77,77,1,0,13
3914,0,60,0,0,0,14,5,39,84,84,0,0,0
3915,0,60,0,0,0,3,8,28,64,64,1,0,1
3915,4,60,0,0,2,5,9,31,98,58,0,0,0
3916,0,60,0,0,0,4,1,21,64,64,1,0,5
3916,1,60,0,3,9,8,3,29,132,61,0,0,0
3916,4,60,0,0,3,4,1,23,98,54,1,0,6
3916,5,60,0,3,9,6,3,29,141,61,0,0,0
3917,0,60,0,0,0,8,4,26,77,77,1,0,16
3917,1,60,0,6,12,10,6,32,132,69,0,0,0
3917,4,60,0,6,12,10,6,32,132,69,0,0,0
3917,5,60,0,6,12,6,6,32,141,69,1,0,6
3918,0,60,0,0,0,16,0,34,84,84,0,0,0
3919,0,60,0,0,0,4,1,21,64,64,1,0,7
3919,1,60,0,3,9,8,3,29,132,65,0,0,0
3919,4,60,0,0,3,4,1,23,98,58,1,0,6
3919,5,60,0,3,9,6,3,29,141,65,0,0,0
3920,0,60,0,0,0,4,1,42,84,84,1,0,10
3921,0,60,0,0,0,5,2,43,97,97,0,0,0
3922,0,60,0,0,0,5,0,43,111,111,1,0,1
3923,0,60,0,0,0,4,1,42,84,84,0,0,0
3924,0,60,0,0,0,11,0,41,84,84,1,0,4
3925,0,60,0,0,0,11,0,41,97,97,0,0,0
3926,0,60,0,0,0,13,0,43,111,111,1,0,16
3927,0,60,0,0,0,11,0,41,84,84,0,0,0
3928,0,60,0,0,0,4,9,29,84,84,1,0,13
3928,4,60,0,0,2,6,10,32,110,66,0,0,0
3929,0,60,0,0,0,10,13,35,97,97,1,0,1
3930,0,60,0,0,0,16,7,41,111,111,0,0,0
3931,0,60,0,0,0,4,9,29,84,84,0,0,0
3931,4,60,0,0,2,6,10,32,110,70,1,0,3
3932,0,60,0,0,0,4,1,21,84,84,0,0,0
3932,1,60,0,3,9,8,3,29,132,61,1,0,8
3932,4,60,0,0,3,4,1,23,110,66,0,0,0
3932,5,60,0,3,9,6,3,29,141,61,1,0,12
3933,0,60,0,0,0,8,4,26,97,97,0,0,0
3933,1,60,0,6,12,10,6,32,132,69,1,0,5
3933,4,60,0,6,12,10,6,32,137,69,0,0,0
3933,5,60,0,6,12,6,6,32,141,69,1,0,5
3934,0,60,0,0,0,16,0,34,111,111,0,0,0
3935,0,60,0,0,0,4,1,21,84,84,1,0,10
3935,1,60,0,3,9,8,3,29,132,65,0,0,0
3935,4,60,0,0,3,4,1,23,110,70,1,0,13
3935,5,60,0,3,9,6,3,29,141,65,0,0,0
3936,0,60,0,0,0,3,1,41,64,64,1,0,1
3937,0,60,0,0,0,4,2,42,77,77,0,0,0
3938,0,60,0,0,0,4,0,42,84,84,1,0,4
3939,0,60,0,0,0,3,1,41,64,64,0,0,0
3940,0,60,0,0,0,10,0,40,64,64,0,0,0
3941,0,60,0,0,0,10,0,40,77,77,1,0,4
3942,0,60,0,0,0,12,0,42,84,84,0,0,0
3943,0,60,0,0,0,10,0,40,64,64,1,0,7
3944,0,60,0,0,0,3,8,28,64,64,0,0,0
3944,4,60,0,0,2,5,9,31,98,54,1,0,3
3945,0,60,0,0,0,9,12,34,77,77,0,0,0
3946,0,60,0,0,0,14,5,39,84,84,1,0,10
3947,0,60,0,0,0,3,8,28,64,64,0,0,0
3947,4,60,0,0,2,5,9,31,98,58,1,0,12
3948,0,60,0,0,0,4,1,21,64,64,0,0,0
3948,1,60,0,3,9,8,3,29,132,61,1,0,6
3948,4,60,0,0,3,4,1,23,98,54,0,0,0
3948,5,60,0,3,9,6,3,29,141,61,1,0,9
3949,0,60,0,0,0,8,4,26,77,77,0,0,0
3949,1,60,0,6,12,10,6,32,132,69,1,0,12
3949,4,60,0,6,12,10,6,32,132,69,0,0,0
3949,5,60,0,6,12,6,6,32,141,69,0,0,0
3950,0,60,0,0,0,16,0,34,84,84,1,0,4
3951,0,60,0,0,0,4,1,21,64,64,0,0,0
3951,1,60,0,3,9,8,3,29,132,65,1,0,5
3951,4,60,0,0,3,4,1,23,98,58,0,0,0
3951,5,60,0,3,9,6,3,29,141,65,1,0,12
3952,0,60,0,0,0,3,1,42,77,77,0,0,0
3953,0,60,0,0,0,4,2,43,97,97,1,0,10
3954,0,60,0,0,0,4,0,43,97,97,0,0,0
3955,0,60,0,0,0,3,1,42,77,77,1,0,4
3956,0,60,0,0,0,11,0,41,77,77,0,0,0
3957,0,60,0,0,0,11,0,41,97,97,1,0,10
3958,0,60,0,0,0,13,0,43,97,97,0,0,0
3959,0,60,0,0,0,11,0,41,77,77,1,0,1
3960,0,60,0,0,0,3,9,29,77,77,0,0,0
3960,4,60,0,0,2,5,10,32,98,54,1,0,13
3961,0,60,0,0,0,9,13,35,97,97,0,0,0
3962,0,60,0,0,0,15,7,41,97,97,1,0,10
3963,0,60,0,0,0,3,9,29,77,77,0,0,0
3963,4,60,0,0,2,5,10,32,98,58,0,0,0
3964,0,60,0,0,0,4,1,21,77,77,1,0,11
3964,1,60,0,3,9,8,3,29,137,61,0,0,0
3964,4,60,0,0,3,4,1,23,98,54,1,0,3
3964,5,60,0,3,9,6,3,29,141,61,0,0,0
3965,0,60,0,0,0,8,4,26,97,97,1,0,16
3965,1,60,0,6,12,10,6,32,137,69,0,0,0
3965,4,60,0,6,12,10,6,32,132,69,1,0,8
3965,5,60,0,6,12,6,6,32,141,69,0,0,0
3966,0,60,0,0,0,16,0,34,97,97,1,0,16
3967,0,60,0,0,0,4,1,21,77,77,0,0,0
3967,1,60,0,3,9,8,3,29,137,65,1,0,6
3967,4,60,0,0,3,4,1,23,98,58,0,0,0
3967,5,60,0,3,9,6,3,29,141,65,1,0,13
3968,0,60,0,0,0,4,2,30,64,64,0,0,0
3968,2,60,0,0,2,6,2,33,110,66,1,0,3
3969,0,60,0,0,0,5,3,31,77,77,0,0,0
3969,2,60,0,0,2,7,3,34,122,78,0,0,0
3970,0,60,0,0,0,4,2,30,84,84,1,0,11
3970,2,60,0,0,2,6,2,33,110,66,0,0,0
3971,0,60,0,0,0,4,2,30,64,64,1,0,1
3971,2,60,0,0,2,6,2,33,110,66,0,0,0
3972,0,60,0,0,0,11,1,29,64,64,1,0,4
3972,2,60,0,0,2,12,1,32,110,66,0,0,0
3973,0,60,0,0,0,11,1,29,77,77,1,0,4
3973,2,60,0,0,2,12,1,32,122,78,0,0,0
3974,0,60,0,0,0,12,3,31,84,84,1,0,16
3974,2,60,0,0,2,13,3,34,110,66,0,0,0
3975,0,60,0,0,0,11,1,29,64,64,1,0,1
3975,2,60,0,0,2,12,1,32,110,66,0,0,0
3976,0,60,0,0,0,2,11,15,64,64,1,0,4
3976,2,60,0,0,3,4,12,19,110,66,0,0,0
3976,4,60,0,0,3,4,13,19,98,54,1,0,17
3976,6,60,0,0,6,6,14,23,141,53,0,0,0
3977,0,60,0,0,0,9,17,22,77,77,1,0,13
3977,2,60,0,0,2,10,17,25,122,78,0,0,0
3978,0,60,0,0,0,5,13,19,84,84,0,0,0
3978,2,60,0,0,3,5,14,21,110,66,1,0,3
3978,4,60,0,0,10,8,18,27,132,61,0,0,0
3978,6,60,0,0,10,6,18,27,141,61,1,0,5
3979,0,60,0,0,0,2,11,15,64,64,0,0,0
3979,2,60,0,0,3,4,12,19,110,66,1,0,3
3979,4,60,0,0,3,4,13,19,98,58,0,0,0
3979,6,60,0,0,6,6,14,23,141,57,1,0,11
3980,0,60,0,0,0,2,4,8,64,64,0,0,0
3980,1,60,0,4,20,6,12,21,132,61,1,0,5
3980,2,60,0,0,4,2,4,11,110,66,0,0,0
3980,3,60,0,4,24,6,12,24,171,56,1,0,11
3980,4,60,0,0,8,0,6,12,98,54,0,0,0
3980,5,60,0,4,20,0,12,21,141,61,1,0,13
3980,6,60,0,0,12,0,6,15,141,53,0,0,0
3980,7,60,0,4,24,0,12,24,180,56,1,0,11
3981,0,60,0,0,0,6,8,13,77,77,0,0,0
3981,1,60,0,8,24,9,16,25,132,69,0,0,0
3981,2,60,0,0,4,6,8,16,122,78,1,0,3
3981,3,60,0,8,28,9,16,28,171,64,0,0,0
3981,4,60,0,8,24,9,16,25,132,69,1,0,13
3981,5,60,0,8,24,0,16,25,141,69,0,0,0
3981,6,60,0,8,28,9,16,28,171,64,1,0,11
3981,7,60,0,8,28,0,16,28,180,64,0,0,0
3982,0,60,0,0,0,8,16,22,84,84,1,0,16
3982,2,60,0,0,2,9,18,25,110,66,0,0,0
3983,0,60,0,0,0,2,4,8,64,64,1,0,1
3983,1,60,0,4,20,6,12,21,132,65,0,0,0
3983,2,60,0,0,4,2,4,11,110,66,1,0,13
3983,3,60,0,4,24,6,12,24,171,60,0,0,0
3983,4,60,0,0,8,0,6,12,98,58,1,0,8
3983,5,60,0,4,20,0,12,21,141,65,0,0,0
3983,6,60,0,0,12,0,6,15,141,57,1,0,13
3983,7,60,0,4,24,0,12,24,180,60,0,0,0
3984,0,60,0,0,0,12,4,38,84,84,1,0,1
3985,0,60,0,0,0,13,5,39,97,97,0,0,0
3986,0,60,0,0,0,13,5,39,111,111,0,0,0
3987,0,60,0,0,0,12,4,38,84,84,1,0,4
3988,0,60,0,0,0,18,2,36,84,84,0,0,0
3989,0,60,0,0,0,18,2,36,97,97,1,0,11
3990,0,60,0,0,0,20,5,39,111,111,0,0,0
3991,0,60,0,0,0,18,2,36,84,84,1,0,13
3992,0,60,0,0,0,9,16,22,84,84,0,0,0
3992,4,60,0,0,2,10,18,25,110,66,1,0,3
3993,0,60,0,0,0,16,22,29,97,97,0,0,0
3994,0,60,0,0,0,14,19,28,111,111,1,0,11
3995,0,60,0,0,0,9,16,22,84,84,0,0,0
3995,4,60,0,0,2,10,18,25,110,70,1,0,9
3996,0,60,0,0,0,7,7,13,84,84,0,0,0
3996,1,60,0,4,20,6,12,21,132,61,1,0,9
3996,2,60,0,4,24,15,12,24,158,64,0,0,0
3996,3,60,0,4,24,6,12,24,171,64,1,0,11
3996,4,60,0,0,8,3,8,15,110,66,0,0,0
3996,5,60,0,4,20,0,12,21,141,61,1,0,9
3996,6,60,0,4,24,9,12,24,171,64,0,0,0
3996,7,60,0,4,24,0,12,24,180,64,0,0,0
3997,0,60,0,0,0,12,12,19,97,97,1,0,19
3997,1,60,0,8,24,9,16,25,132,69,0,0,0
3997,2,60,0,8,28,18,16,28,163,72,1,0,9
3997,3,60,0,8,28,9,16,28,171,72,0,0,0
3997,4,60,0,8,24,9,16,25,137,69,1,0,5
3997,5,60,0,8,24,0,16,25,141,69,0,0,0
3997,6,60,0,8,28,9,16,28,180,72,1,0,11
3997,7,60,0,8,28,0,16,28,180,72,0,0,0
3998,0,60,0,0,0,13,18,27,111,111,1,0,7
3999,0,60,0,0,0,7,7,13,84,84,0,0,0
3999,1,60,0,4,20,6,12,21,132,65,1,0,6
3999,2,60,0,4,24,15,12,24,158,68,0,0,0
3999,3,60,0,4,24,6,12,24,171,68,1,0,9
3999,4,60,0,0,8,3,8,15,110,70,0,0,0
3999,5,60,0,4,20,0,12,21,141,65,1,0,9
3999,6,60,0,4,24,9,12,24,171,68,0,0,0
3999,7,60,0,4,24,0,12,24,180,68,0,0,0
4000,0,60,0,0,0,4,2,30,64,64,1,0,7
4000,2,60,0,0,2,6,2,33,110,70,0,0,0
4001,0,60,0,0,0,5,3,31,77,77,1,0,5
4001,2,60,0,0,2,7,3,34,122,82,0,0,0
4002,0,60,0,0,0,4,2,30,84,84,1,0,1
4002,2,60,0,0,2,6,2,33,110,70,0,0,0
4003,0,60,0,0,0,4,2,30,64,64,1,0,4
4003,2,60,0,0,2,6,2,33,110,70,0,0,0
4004,0,60,0,0,0,11,1,29,64,64,1,0,5
4004,2,60,0,0,2,12,1,32,110,70,0,0,0
4005,0,60,0,0,0,11,1,29,77,77,1,0,10
4005,2,60,0,0,2,12,1,32,122,82,0,0,0
4006,0,60,0,0,0,12,3,31,84,84,1,0,1
4006,2,60,0,0,2,13,3,34,110,70,0,0,0
4007,0,60,0,0,0,11,1,29,64,64,1,0,4
4007,2,60,0,0,2,12,1,32,110,70,0,0,0
4008,0,60,0,0,0,2,11,15,64,64,1,0,7
4008,2,60,0,0,3,4,12,19,110,70,0,0,0
4008,4,60,0,0,3,4,13,19,98,54,0,0,0
4008,6,60,0,0,6,6,14,23,141,57,1,0,11
4009,0,60,0,0,0,9,17,22,77,77,0,0,0
4009,2,60,0,0,2,10,17,25,122,82,1,0,3
4010,0,60,0,0,0,5,13,19,84,84,0,0,0
4010,2,60,0,0,3,5,14,21,110,70,1,0,9
4010,4,60,0,0,10,8,18,27,132,65,0,0,0
4010,6,60,0,0,10,6,18,27,141,65,1,0,13
4011,0,60,0,0,0,2,11,15,64,64,0,0,0
4011,2,60,0,0,3,4,12,19,110,70,1,0,19
4011,4,60,0,0,3,4,13,19,98,58,0,0,0
4011,6,60,0,0,6,6,14,23,141,61,1,0,6
4012,0,60,0,0,0,2,4,8,64,64,0,0,0
4012,1,60,0,4,20,6,12,21,132,61,1,0,9
4012,2,60,0,0,4,2,4,11,110,70,0,0,0
4012,3,60,0,4,24,6,12,24,171,60,1,0,11
4012,4,60,0,0,8,0,6,12,98,54,0,0,0
4012,5,60,0,4,20,0,12,21,141,61,0,0,0
4012,6,60,0,0,12,0,6,15,141,57,1,0,8
4012,7,60,0,4,24,0,12,24,180,60,0,0,0
4013,0,60,0,0,0,6,8,13,77,77,1,0,1
4013,1,60,0,8,24,9,16,25,132,69,0,0,0
4013,2,60,0,0,4,6,8,16,122,82,1,0,15
4013,3,60,0,8,28,9,16,28,171,68,0,0,0
4013,4,60,0,8,24,9,16,25,132,69,1,0,8
4013,5,60,0,8,24,0,16,25,141,69,0,0,0
4013,6,60,0,8,28,9,16,28,171,68,1,0,9
4013,7,60,0,8,28,0,16,28,180,68,0,0,0
4014,0,60,0,0,0,8,16,22,84,84,1,0,1
4014,2,60,0,0,2,9,18,25,110,70,0,0,0
4015,0,60,0,0,0,2,4,8,64,64,1,0,4
4015,1,60,0,4,20,6,12,21,132,65,0,0,0
4015,2,60,0,0,4,2,4,11,110,70,1,0,3
4015,3,60,0,4,24,6,12,24,171,64,0,0,0
4015,4,60,0,0,8,0,6,12,98,58,1,0,19
4015,5,60,0,4,20,0,12,21,141,65,0,0,0
4015,6,60,0,0,12,0,6,15,141,61,0,0,0
4015,7,60,0,4,24,0,12,24,180,64,1,0,11
4016,0,60,0,0,0,12,1,39,77,77,0,0,0
4017,0,60,0,0,0,14,3,41,97,97,1,0,8
4018,0,60,0,0,0,12,1,39,97,97,0,0,0
4019,0,60,0,0,0,12,1,39,77,77,1,0,10
4020,0,60,0,0,0,20,0,38,77,77,0,0,0
4021,0,60,0,0,0,20,0,38,97,97,1,0,10
4022,0,60,0,0,0,22,3,41,97,97,0,0,0
4023,0,60,0,0,0,20,0,38,77,77,1,0,1
4024,0,60,0,0,0,4,13,18,77,77,0,0,0
4024,2,60,0,0,9,8,17,26,137,61,1,0,9
4024,4,60,0,0,3,4,14,20,98,54,0,0,0
4024,6,60,0,0,9,6,17,26,141,61,1,0,9
4025,0,60,0,0,0,11,18,25,97,97,0,0,0
4026,0,60,0,0,0,9,17,24,97,97,1,0,13
4026,2,60,0,0,13,11,21,30,137,69,0,0,0
4026,4,60,0,0,13,10,21,30,132,69,0,0,0
4026,6,60,0,0,13,6,21,30,141,69,1,0,5
4027,0,60,0,0,0,4,13,18,77,77,0,0,0
4027,2,60,0,0,9,8,17,26,137,65,1,0,5
4027,4,60,0,0,3,4,14,20,98,58,0,0,0
4027,6,60,0,0,9,6,17,26,141,65,1,0,5
4028,0,60,0,0,0,4,5,10,77,77,0,0,0
4028,1,60,0,4,20,6,12,21,137,61,1,0,5
4028,2,60,0,0,12,6,6,15,137,61,0,0,0
4028,3,60,0,4,24,6,12,24,180,64,1,0,9
4028,4,60,0,0,8,0,6,12,98,54,0,0,0
4028,5,60,0,4,20,0,12,21,141,61,1,0,5
4028,6,60,0,0,12,0,6,15,141,61,0,0,0
4028,7,60,0,4,24,0,12,24,180,64,1,0,8
4029,0,60,0,0,0,12,12,19,97,97,0,0,0
4029,1,60,0,8,24,9,16,25,137,69,1,0,7
4029,2,60,0,8,28,18,16,28,163,72,0,0,0
4029,3,60,0,8,28,9,16,28,180,72,1,0,11
4029,4,60,0,8,24,9,16,25,132,69,0,0,0
4029,5,60,0,8,24,0,16,25,141,69,0,0,0
4029,6,60,0,8,28,9,16,28,171,72,1,0,8
4029,7,60,0,8,28,0,16,28,180,72,0,0,0
4030,0,60,0,0,0,13,20,27,97,97,1,0,13
4031,0,60,0,0,0,4,5,10,77,77,0,0,0
4031,1,60,0,4,20,6,12,21,137,65,1,0,15
4031,2,60,0,0,12,6,6,15,137,65,0,0,0
4031,3,60,0,4,24,6,12,24,180,68,1,0,11
4031,4,60,0,0,8,0,6,12,98,58,0,0,0
4031,5,60,0,4,20,0,12,21,141,65,1,0,5
4031,6,60,0,0,12,0,6,15,141,65,0,0,0
4031,7,60,0,4,24,0,12,24,180,68,1,0,11
4032,0,60,0,0,0,3,1,29,64,64,0,0,0
4032,2,60,0,0,2,4,1,32,110,66,1,0,12
4033,0,60,0,0,0,4,2,30,77,77,0,0,0
4033,2,60,0,0,2,5,2,33,122,78,1,0,3
4034,0,60,0,0,0,3,1,29,84,84,0,0,0
4034,2,60,0,0,2,4,1,32,110,66,1,0,6
4035,0,60,0,0,0,3,1,29,64,64,0,0,0
4035,2,60,0,0,2,4,1,32,110,66,0,0,0
4036,0,60,0,0,0,11,0,28,64,64,1,0,5
4036,2,60,0,0,2,12,0,31,110,66,0,0,0
4037,0,60,0,0,0,11,0,28,77,77,1,0,7
4037,2,60,0,0,2,12,0,31,122,78,0,0,0
4038,0,60,0,0,0,11,0,28,84,84,1,0,1
4038,2,60,0,0,2,12,0,31,110,66,0,0,0
4039,0,60,0,0,0,11,0,28,64,64,1,0,4
4039,2,60,0,0,2,12,0,31,110,66,0,0,0
4040,0,60,0,0,0,2,11,15,64,64,1,0,7
4040,2,60,0,0,6,4,14,21,110,66,0,0,0
4040,4,60,0,0,3,4,13,19,98,54,1,0,10
4040,6,60,0,0,9,6,16,25,141,53,0,0,0
4041,0,60,0,0,0,7,15,20,77,77,1,0,1
4041,2,60,0,0,2,6,15,23,122,78,0,0,0
4042,0,60,0,0,0,5,12,18,84,84,1,0,13
4042,2,60,0,0,6,4,14,21,110,66,0,0,0
4042,4,60,0,0,9,10,16,25,132,61,0,0,0
4042,6,60,0,0,9,6,16,25,141,61,1,0,5
4043,0,60,0,0,0,2,11,15,64,64,0,0,0
4043,2,60,0,0,6,4,14,21,110,66,1,0,7
4043,4,60,0,0,3,4,13,19,98,58,0,0,0
4043,6,60,0,0,9,6,16,25,141,57,1,0,5
4044,0,60,0,0,0,1,1,5,64,64,0,0,0
4044,1,60,0,4,12,3,4,13,132,61,1,0,5
4044,2,60,0,0,4,1,1,8,110,66,0,0,0
4044,3,60,0,4,16,3,4,16,171,56,1,0,11
4044,4,60,0,0,4,0,1,7,98,54,0,0,0
4044,5,60,0,4,12,0,4,13,141,61,1,0,5
4044,6,60,0,0,8,0,1,10,141,53,0,0,0
4044,7,60,0,4,16,0,4,16,180,56,1,0,11
4045,0,60,0,0,0,4,4,9,77,77,0,0,0
4045,1,60,0,8,16,6,8,17,132,69,1,0,7
4045,2,60,0,0,4,4,4,12,122,78,0,0,0
4045,3,60,0,8,20,6,8,20,171,64,1,0,11
4045,4,60,0,8,16,6,8,17,132,69,0,0,0
4045,5,60,0,8,16,0,8,17,141,69,0,0,0
4045,6,60,0,8,20,6,8,20,171,64,1,0,15
4045,7,60,0,8,20,0,8,20,180,64,0,0,0
4046,0,60,0,0,0,4,3,9,84,84,1,0,1
4046,1,60,0,8,20,9,8,20,158,64,0,0,0
4046,2,60,0,0,4,2,3,10,110,66,1,0,9
4046,3,60,0,8,20,6,8,20,171,64,0,0,0
4046,4,60,0,4,12,3,5,14,132,61,1,0,9
4046,5,60,0,8,20,3,8,20,171,64,0,0,0
4046,6,60,0,4,12,0,5,14,141,61,1,0,15
4046,7,60,0,8,20,0,8,20,180,64,0,0,0
4047,0,60,0,0,0,1,1,5,64,64,1,0,1
4047,1,60,0,4,12,3,4,13,132,65,0,0,0
4047,2,60,0,0,4,1,1,8,110,66,1,0,9
4047,3,60,0,4,16,3,4,16,171,60,0,0,0
4047,4,60,0,0,4,0,1,7,98,58,1,0,17
4047,5,60,0,4,12,0,4,13,141,65,0,0,0
4047,6,60,0,0,8,0,1,10,141,57,0,0,0
4047,7,60,0,4,16,0,4,16,180,60,1,0,8
4048,0,60,0,0,0,9,2,36,84,84,0,0,0
4049,0,60,0,0,0,10,3,37,97,97,1,0,1
4050,0,60,0,0,0,10,3,37,111,111,0,0,0
4051,0,60,0,0,0,9,2,36,84,84,1,0,4
4052,0,60,0,0,0,16,0,34,84,84,0,0,0
4053,0,60,0,0,0,16,0,34,97,97,1,0,13
4054,0,60,0,0,0,16,0,34,111,111,0,0,0
4055,0,60,0,0,0,16,0,34,84,84,1,0,10
4056,0,60,0,0,0,8,16,22,84,84,0,0,0
4056,4,60,0,0,2,9,18,25,110,66,1,0,3
4057,0,60,0,0,0,13,20,27,97,97,0,0,0
4058,0,60,0,0,0,13,18,27,111,111,1,0,16
4059,0,60,0,0,0,8,16,22,84,84,0,0,0
4059,4,60,0,0,2,9,18,25,110,70,1,0,17
4060,0,60,0,0,0,4,3,9,84,84,0,0,0
4060,1,60,0,4,12,3,5,14,132,61,1,0,9
4060,2,60,0,8,20,9,8,20,158,64,0,0,0
4060,3,60,0,8,20,3,8,20,171,64,0,0,0
4060,4,60,0,0,4,2,3,10,110,66,1,0,3
4060,5,60,0,4,12,0,5,14,141,61,0,0,0
4060,6,60,0,8,20,6,8,20,171,64,1,0,9
4060,7,60,0,8,20,0,8,20,180,64,0,0,0
4061,0,60,0,0,0,7,6,13,97,97,1,0,13
4061,1,60,0,7,15,5,8,17,132,69,0,0,0
4061,2,60,0,8,20,9,8,20,163,72,1,0,11
4061,3,60,0,8,20,3,8,20,171,72,0,0,0
4061,4,60,0,7,15,6,8,17,137,69,1,0,5
4061,5,60,0,7,15,0,8,17,141,69,0,0,0
4061,6,60,0,8,20,6,8,20,180,72,1,0,11
4061,7,60,0,8,20,0,8,20,180,72,0,0,0
4062,0,60,0,0,0,12,9,18,111,111,1,0,19
4062,1,60,0,12,24,12,12,24,158,72,0,0,0
4062,2,60,0,12,24,12,12,24,158,72,1,0,11
4062,3,60,0,12,24,6,12,24,171,72,0,0,0
4062,4,60,0,12,24,12,12,24,158,72,0,0,0
4062,5,60,0,12,24,6,12,24,171,72,1,0,8
4062,6,60,0,12,24,6,12,24,171,72,0,0,0
4062,7,60,0,12,24,0,12,24,180,72,1,0,15
4063,0,60,0,0,0,4,3,9,84,84,0,0,0
4063,1,60,0,4,12,3,5,14,132,65,1,0,13
4063,2,60,0,8,20,9,8,20,158,68,0,0,0
4063,3,60,0,8,20,3,8,20,171,68,1,0,8
4063,4,60,0,0,4,2,3,10,110,70,0,0,0
4063,5,60,0,4,12,0,5,14,141,65,1,0,5
4063,6,60,0,8,20,6,8,20,171,68,0,0,0
4063,7,60,0,8,20,0,8,20,180,68,1,0,11
4064,0,60,0,0,0,3,1,29,64,64,0,0,0
4064,2,60,0,0,2,4,1,32,110,70,1,0,3
4065,0,60,0,0,0,4,2,30,77,77,0,0,0
4065,2,60,0,0,2,5,2,33,122,82,1,0,12
4066,0,60,0,0,0,3,1,29,84,84,0,0,0
4066,2,60,0,0,2,4,1,32,110,70,1,0,3
4067,0,60,0,0,0,3,1,29,64,64,0,0,0
4067,2,60,0,0,2,4,1,32,110,70,0,0,0
4068,0,60,0,0,0,11,0,28,64,64,1,0,4
4068,2,60,0,0,2,12,0,31,110,70,0,0,0
4069,0,60,0,0,0,11,0,28,77,77,1,0,7
4069,2,60,0,0,2,12,0,31,122,82,0,0,0
4070,0,60,0,0,0,11,0,28,84,84,1,0,13
4070,2,60,0,0,2,12,0,31,110,70,0,0,0
4071,0,60,0,0,0,11,0,28,64,64,1,0,1
4071,2,60,0,0,2,12,0,31,110,70,0,0,0
4072,0,60,0,0,0,2,11,15,64,64,1,0,5
4072,2,60,0,0,6,4,14,21,110,70,0,0,0
4072,4,60,0,0,3,4,13,19,98,54,1,0,9
4072,6,60,0,0,9,6,16,25,141,57,0,0,0
4073,0,60,0,0,0,7,15,20,77,77,1,0,13
4073,2,60,0,0,2,6,15,23,122,82,0,0,0
4074,0,60,0,0,0,5,12,18,84,84,1,0,1
4074,2,60,0,0,6,4,14,21,110,70,0,0,0
4074,4,60,0,0,9,10,16,25,132,65,1,0,7
4074,6,60,0,0,9,6,16,25,141,65,0,0,0
4075,0,60,0,0,0,2,11,15,64,64,0,0,0
4075,2,60,0,0,6,4,14,21,110,70,1,0,3
4075,4,60,0,0,3,4,13,19,98,58,0,0,0
4075,6,60,0,0,9,6,16,25,141,61,1,0,11
4076,0,60,0,0,0,1,1,5,64,64,0,0,0
4076,1,60,0,4,12,3,4,13,132,61,1,0,5
4076,2,60,0,0,4,1,1,8,110,70,0,0,0
4076,3,60,0,4,16,3,4,16,171,60,1,0,11
4076,4,60,0,0,4,0,1,7,98,54,0,0,0
4076,5,60,0,4,12,0,4,13,141,61,1,0,11
4076,6,60,0,0,8,0,1,10,141,57,0,0,0
4076,7,60,0,4,16,0,4,16,180,60,1,0,8
4077,0,60,0,0,0,4,4,9,77,77,0,0,0
4077,1,60,0,8,16,6,8,17,132,69,1,0,7
4077,2,60,0,0,4,4,4,12,122,82,0,0,0
4077,3,60,0,8,20,6,8,20,171,68,1,0,11
4077,4,60,0,8,16,6,8,17,132,69,0,0,0
4077,5,60,0,8,16,0,8,17,141,69,0,0,0
4077,6,60,0,8,20,6,8,20,171,68,1,0,8
4077,7,60,0,8,20,0,8,20,180,68,0,0,0
4078,0,60,0,0,0,4,3,9,84,84,1,0,5
4078,1,60,0,8,20,9,8,20,158,68,0,0,0
4078,2,60,0,0,4,2,3,10,110,70,1,0,3
4078,3,60,0,8,20,6,8,20,171,68,0,0,0
4078,4,60,0,4,12,3,5,14,132,65,1,0,6
4078,5,60,0,8,20,3,8,20,171,68,0,0,0
4078,6,60,0,4,12,0,5,14,141,65,1,0,7
4078,7,60,0,8,20,0,8,20,180,68,0,0,0
4079,0,60,0,0,0,1,1,5,64,64,1,0,13
4079,1,60,0,4,12,3,4,13,132,65,0,0,0
4079,2,60,0,0,4,1,1,8,110,70,1,0,3
4079,3,60,0,4,16,3,4,16,171,64,0,0,0
4079,4,60,0,0,4,0,1,7,98,58,1,0,5
4079,5,60,0,4,12,0,4,13,141,65,0,0,0
4079,6,60,0,0,8,0,1,10,141,61,1,0,9
4079,7,60,0,4,16,0,4,16,180,64,0,0,0
4080,0,60,0,0,0,6,2,40,77,77,0,0,0
4081,0,60,0,0,0,7,3,41,97,97,1,0,10
4082,0,60,0,0,0,7,3,41,97,97,0,0,0
4083,0,60,0,0,0,6,2,40,77,77,1,0,1
4084,0,60,0,0,0,20,0,38,77,77,0,0,0
4085,0,60,0,0,0,20,0,38,97,97,1,0,16
4086,0,60,0,0,0,20,0,38,97,97,0,0,0
4087,0,60,0,0,0,20,0,38,77,77,1,0,10
4088,0,60,0,0,0,4,20,25,77,77,0,0,0
4088,4,60,0,0,2,6,22,28,98,54,1,0,9
4089,0,60,0,0,0,11,25,32,97,97,0,0,0
4090,0,60,0,0,0,11,25,32,97,97,1,0,1
4091,0,60,0,0,0,4,20,25,77,77,0,0,0
4091,4,60,0,0,2,6,22,28,98,58,1,0,7
4092,0,60,0,0,0,2,2,7,77,77,0,0,0
4092,1,60,0,3,11,3,4,13,137,61,1,0,15
4092,2,60,0,3,11,3,4,13,137,61,0,0,0
4092,3,60,0,4,16,3,4,16,180,64,0,0,0
4092,4,60,0,0,4,0,2,8,98,54,1,0,6
4092,5,60,0,3,11,0,4,13,141,61,0,0,0
4092,6,60,0,3,11,0,4,13,141,61,1,0,5
4092,7,60,0,4,16,0,4,16,180,64,0,0,0
4093,0,60,0,0,0,7,6,13,97,97,1,0,13
4093,1,60,0,7,15,6,8,17,137,69,0,0,0
4093,2,60,0,8,20,9,8,20,163,72,1,0,8
4093,3,60,0,8,20,6,8,20,180,72,0,0,0
4093,4,60,0,7,15,5,8,17,132,69,1,0,5
4093,5,60,0,7,15,0,8,17,141,69,0,0,0
4093,6,60,0,8,20,3,8,20,171,72,1,0,11
4093,7,60,0,8,20,0,8,20,180,72,0,0,0
4094,0,60,0,0,0,7,6,13,97,97,1,0,10
4094,1,60,0,8,20,9,8,20,163,72,0,0,0
4094,2,60,0,7,15,6,8,17,137,69,1,0,7
4094,3,60,0,8,20,6,8,20,180,72,0,0,0
4094,4,60,0,7,15,5,8,17,132,69,1,0,13
4094,5,60,0,8,20,3,8,20,171,72,0,0,0
4094,6,60,0,7,15,0,8,17,141,69,0,0,0
4094,7,60,0,8,20,0,8,20,180,72,1,0,11
4095,0,60,0,0,0,2,2,7,77,77,0,0,0
4095,1,60,0,3,11,3,4,13,137,65,1,0,7
4095,2,60,0,3,11,3,4,13,137,65,0,0,0
4095,3,60,0,4,16,3,4,16,180,68,1,0,11
4095,4,60,0,0,4,0,2,8,98,58,0,0,0
4095,5,60,0,3,11,0,4,13,141,65,1,0,5
4095,6,60,0,3,11,0,4,13,141,65,0,0,0
4095,7,60,0,4,16,0,4,16,180,68,1,0,11
